iso3,country,od_region,d,u_rf,med_rf,min_rf,max_rf,sd_rf,n_rf
ABW,Aruba,Caribbean,3,1,1,1,1,0,3
ABW,Aruba,Caribbean,4,1.1875,1,1,1.75,0.375,4
ABW,Aruba,Caribbean,5,1,1,1,1,0,4
ABW,Aruba,Caribbean,6,1,1,1,1,0,7
ABW,Aruba,Caribbean,7,1,1,1,1,0,9
ABW,Aruba,Caribbean,8,1,1,1,1,0,7
ABW,Aruba,Caribbean,9,1,1,1,1,0,6
ABW,Aruba,Caribbean,10,1,1,1,1,0,11
ABW,Aruba,Caribbean,11,1,1,1,1,0,9
ABW,Aruba,Caribbean,12,1,1,1,1,0,12
AFG,Afghanistan,South Asia,2,0.9741379310344828,1,0.7931034482758621,1,0.07314897736412561,8
AFG,Afghanistan,South Asia,3,1.0051065231715353,1,0.7931034482758621,1.2579617834394905,0.11009576590990995,10
AFG,Afghanistan,South Asia,4,1.0046422937923047,1,0.7931034482758621,1.2579617834394905,0.1044573621256188,11
AFG,Afghanistan,South Asia,5,0.9858335163628377,1,0.7931034482758621,1.2579617834394905,0.12245369169645255,11
AFG,Afghanistan,South Asia,6,1.0280933650140767,1,0.7931034482758621,1.2579617834394905,0.12931091903236497,11
AFG,Afghanistan,South Asia,7,1.0046422937923047,1,0.7931034482758621,1.2579617834394905,0.10445736212561882,11
AFG,Afghanistan,South Asia,8,1.0046422937923047,1,0.7931034482758621,1.2579617834394905,0.10445736212561882,11
AFG,Afghanistan,South Asia,9,0.9670247389333706,1,0.7931034482758621,1.2579617834394905,0.135278152262205,11
AFG,Afghanistan,South Asia,10,1.077388535031847,1,1,1.2579617834394905,0.12460737966468628,10
AFG,Afghanistan,South Asia,11,1,1,1,1,0,9
AFG,Afghanistan,South Asia,12,1,1,1,1,0,8
AGO,Angola,Sub-Saharan Africa,2,1.275,1,1,3,0.6503204338375558,10
AGO,Angola,Sub-Saharan Africa,3,1,1,1,1,0,9
AGO,Angola,Sub-Saharan Africa,4,1,1,1,1,0,9
AGO,Angola,Sub-Saharan Africa,5,1,1,1,1,0,10
AGO,Angola,Sub-Saharan Africa,6,1,1,1,1,0,9
AGO,Angola,Sub-Saharan Africa,7,1,1,1,1,0,7
AGO,Angola,Sub-Saharan Africa,8,1,1,1,1,0,7
AGO,Angola,Sub-Saharan Africa,9,1,1,1,1,0,5
AGO,Angola,Sub-Saharan Africa,10,1,1,1,1,0,4
AGO,Angola,Sub-Saharan Africa,11,1,1,1,1,NA,1
AGO,Angola,Sub-Saharan Africa,12,1,1,1,1,0,3
AIA,Anguilla,Caribbean,2,1,1,1,1,0,2
AIA,Anguilla,Caribbean,5,1,1,1,1,NA,1
AIA,Anguilla,Caribbean,6,1,1,1,1,NA,1
AIA,Anguilla,Caribbean,7,1,1,1,1,NA,1
AIA,Anguilla,Caribbean,8,1,1,1,1,0,4
AIA,Anguilla,Caribbean,9,1,1,1,1,0,2
AIA,Anguilla,Caribbean,10,1,1,1,1,NA,1
AIA,Anguilla,Caribbean,11,1,1,1,1,NA,1
AIA,Anguilla,Caribbean,12,1,1,1,1,NA,1
ARG,Argentina,South America,1,1.2884771656102714,1.2884771656102714,1.2884771656102714,1.2884771656102714,NA,1
ARG,Argentina,South America,2,0.9373778570710545,1.037797721781153,0.003061849357011635,3.861913937058446,0.9357392637168737,15
ARG,Argentina,South America,3,0.7517613984143187,0.8285714285714286,0.08872683075053175,1.058405682715075,0.34947532817553245,13
ARG,Argentina,South America,4,0.867512149446124,0.987518416251183,0.45052739717845497,1.0617760617760619,0.23707552995381745,14
ARG,Argentina,South America,5,1.0083697173027648,1,0.5128205128205128,1.6734897544416845,0.23114998313505056,14
ARG,Argentina,South America,6,1.1331201422623378,1,1,1.6734897544416845,0.26039210717825484,14
ARG,Argentina,South America,7,1.09685512785271,1.0053518090974758,1,1.4699757602468047,0.18508143308600744,14
ARG,Argentina,South America,8,1.0155272281005583,1.0005707156508814,0.45143167814425517,1.366376811594203,0.20873968237039675,14
ARG,Argentina,South America,9,1.0862610555401546,1,0.45143167814425517,3.2835703001579777,0.6628949868758585,14
ARG,Argentina,South America,10,1.3540689442528884,1.0000457090120758,0.45143167814425517,3.2835703001579777,0.8705631857085685,14
ARG,Argentina,South America,11,1.2216232821672715,1,0.45143167814425517,3.2835703001579777,0.7250996319468869,14
ARG,Argentina,South America,12,1.2182762402863707,1,0.45143167814425517,3.2835703001579777,0.79256411280531,14
ATG,Antigua and Barbuda,Caribbean,2,1,1,1,1,0,2
ATG,Antigua and Barbuda,Caribbean,3,1,1,1,1,NA,1
ATG,Antigua and Barbuda,Caribbean,4,1,1,1,1,0,5
ATG,Antigua and Barbuda,Caribbean,5,1,1,1,1,0,6
ATG,Antigua and Barbuda,Caribbean,6,1,1,1,1,0,8
ATG,Antigua and Barbuda,Caribbean,7,1,1,1,1,0,5
ATG,Antigua and Barbuda,Caribbean,8,1,1,1,1,0,10
ATG,Antigua and Barbuda,Caribbean,9,1,1,1,1,0,7
ATG,Antigua and Barbuda,Caribbean,10,1,1,1,1,0,8
ATG,Antigua and Barbuda,Caribbean,11,1,1,1,1,0,7
ATG,Antigua and Barbuda,Caribbean,12,1,1,1,1,0,11
AUS,Australia,Pacific Islands,2,1.3134064901376872,1.3664596273291925,1.0233644859813085,1.588235294117647,0.19671218504258542,15
AUS,Australia,Pacific Islands,3,1.050907846871798,1.042654028436019,1.0297619047619047,1.0842911877394636,0.018958626080631345,13
AUS,Australia,Pacific Islands,4,1.0308057635918357,1.0251007248709938,1.0112994350282485,1.0657894736842106,0.017754542366614886,14
AUS,Australia,Pacific Islands,5,1.020676262792576,1.0160859065033638,1,1.0657894736842106,0.02014670800788686,14
AUS,Australia,Pacific Islands,6,1.0093321419820676,1.0089019607843137,1,1.0175953079178885,0.006668437750335894,14
AUS,Australia,Pacific Islands,7,1.0087418486851907,1.006906976744186,1,1.03125,0.008794216708296826,14
AUS,Australia,Pacific Islands,8,1.0082689439864396,1.009478672985782,1,1.0232558139534884,0.00893725311514617,13
AUS,Australia,Pacific Islands,9,1.0053385534058665,1.0057803468208093,1,1.0153846153846153,0.005736078027355546,11
AUS,Australia,Pacific Islands,10,1.0076674678356727,1.009478672985782,1,1.0153846153846153,0.004849822940173407,10
AUS,Australia,Pacific Islands,11,1.003533695564196,1,1,1.0153846153846153,0.005819032806857306,9
AUS,Australia,Pacific Islands,12,1.0052300728601307,1.0026455026455028,1,1.0153846153846153,0.006718318565631576,8
BEN,Benin,Sub-Saharan Africa,2,1.0096153846153846,1,1,1.125,0.034668762264076815,13
BEN,Benin,Sub-Saharan Africa,3,1.0227272727272727,1,1,1.125,0.05056498968474315,11
BEN,Benin,Sub-Saharan Africa,4,1,1,1,1,0,8
BEN,Benin,Sub-Saharan Africa,5,1,1,1,1,0,10
BEN,Benin,Sub-Saharan Africa,6,1,1,1,1,0,10
BEN,Benin,Sub-Saharan Africa,7,1,1,1,1,0,11
BEN,Benin,Sub-Saharan Africa,8,1,1,1,1,0,9
BEN,Benin,Sub-Saharan Africa,9,1,1,1,1,0,7
BEN,Benin,Sub-Saharan Africa,10,1,1,1,1,0,6
BEN,Benin,Sub-Saharan Africa,11,1,1,1,1,0,6
BEN,Benin,Sub-Saharan Africa,12,1,1,1,1,0,3
BES,"Bonaire, Saint Eustatius and Saba",Caribbean,5,1,1,1,1,NA,1
BES,"Bonaire, Saint Eustatius and Saba",Caribbean,6,1,1,1,1,0,3
BES,"Bonaire, Saint Eustatius and Saba",Caribbean,7,1,1,1,1,0,4
BES,"Bonaire, Saint Eustatius and Saba",Caribbean,8,1,1,1,1,0,4
BES,"Bonaire, Saint Eustatius and Saba",Caribbean,9,1,1,1,1,0,3
BES,"Bonaire, Saint Eustatius and Saba",Caribbean,10,1,1,1,1,0,4
BES,"Bonaire, Saint Eustatius and Saba",Caribbean,11,1,1,1,1,0,4
BES,"Bonaire, Saint Eustatius and Saba",Caribbean,12,1,1,1,1,0,4
BFA,Burkina Faso,Sub-Saharan Africa,1,1,1,1,1,NA,1
BFA,Burkina Faso,Sub-Saharan Africa,2,1.0460088356797743,1,1,1.435441370223979,0.12613048289329112,15
BFA,Burkina Faso,Sub-Saharan Africa,3,1,1,1,1,0,13
BFA,Burkina Faso,Sub-Saharan Africa,4,1,1,1,1,0,14
BFA,Burkina Faso,Sub-Saharan Africa,5,1,1,1,1,0,14
BFA,Burkina Faso,Sub-Saharan Africa,6,1,1,1,1,0,14
BFA,Burkina Faso,Sub-Saharan Africa,7,1,1,1,1,0,14
BFA,Burkina Faso,Sub-Saharan Africa,8,1,1,1,1,0,13
BFA,Burkina Faso,Sub-Saharan Africa,9,1,1,1,1,0,11
BFA,Burkina Faso,Sub-Saharan Africa,10,1,1,1,1,0,10
BFA,Burkina Faso,Sub-Saharan Africa,11,1,1,1,1,0,9
BFA,Burkina Faso,Sub-Saharan Africa,12,1,1,1,1,0,8
BGD,Bangladesh,South Asia,1,1,1,1,1,NA,1
BGD,Bangladesh,South Asia,2,1,1,1,1,0,15
BGD,Bangladesh,South Asia,3,1,1,1,1,0,13
BGD,Bangladesh,South Asia,4,1,1,1,1,0,14
BGD,Bangladesh,South Asia,5,1,1,1,1,0,14
BGD,Bangladesh,South Asia,6,1,1,1,1,0,14
BGD,Bangladesh,South Asia,7,1,1,1,1,0,14
BGD,Bangladesh,South Asia,8,1,1,1,1,0,14
BGD,Bangladesh,South Asia,9,1,1,1,1,0,14
BGD,Bangladesh,South Asia,10,1,1,1,1,0,14
BGD,Bangladesh,South Asia,11,1,1,1,1,0,14
BGD,Bangladesh,South Asia,12,1,1,1,1,0,14
BHS,Bahamas,Caribbean,8,1,1,1,1,NA,1
BHS,Bahamas,Caribbean,9,1,1,1,1,0,3
BHS,Bahamas,Caribbean,10,1,1,1,1,0,4
BHS,Bahamas,Caribbean,11,1,1,1,1,0,5
BHS,Bahamas,Caribbean,12,1,1,1,1,0,6
BLM,Saint Barthélemy,Caribbean,2,1.54,1,1,3.5,1.0362324921453574,10
BLM,Saint Barthélemy,Caribbean,3,1,1,1,1,0,11
BLM,Saint Barthélemy,Caribbean,4,1,1,1,1,0,11
BLM,Saint Barthélemy,Caribbean,5,1,1,1,1,0,11
BLM,Saint Barthélemy,Caribbean,6,1,1,1,1,0,12
BLM,Saint Barthélemy,Caribbean,7,1,1,1,1,0,12
BLM,Saint Barthélemy,Caribbean,8,1,1,1,1,0,10
BLM,Saint Barthélemy,Caribbean,9,1,1,1,1,0,11
BLM,Saint Barthélemy,Caribbean,10,1,1,1,1,0,14
BLM,Saint Barthélemy,Caribbean,11,1,1,1,1,0,14
BLM,Saint Barthélemy,Caribbean,12,1,1,1,1,0,14
BLZ,Belize,North & Central America,1,1.1746031746031746,1.1746031746031746,1.1746031746031746,1.1746031746031746,NA,1
BLZ,Belize,North & Central America,2,1.2977772739318651,1.0945945945945945,0.0885286783042394,2.85,0.9418360440410722,9
BLZ,Belize,North & Central America,3,0.9208458772497636,1.0048076923076923,0.0885286783042394,2.25,0.6080550719849528,12
BLZ,Belize,North & Central America,4,0.8906928720070896,1,0.0775716694772344,2.25,0.5697100906649338,13
BLZ,Belize,North & Central America,5,0.7474063517787922,1,0.0663265306122449,1,0.43262629774459016,11
BLZ,Belize,North & Central America,6,0.8023522580540374,1,0.0663265306122449,1,0.39282861414281106,14
BLZ,Belize,North & Central America,7,0.8050583548799372,1,0.07025986525505294,1,0.3874356182538354,14
BLZ,Belize,North & Central America,8,0.8671799807507219,1,0.07025986525505294,1,0.3376225966649065,14
BLZ,Belize,North & Central America,9,1,1,1,1,0,14
BLZ,Belize,North & Central America,10,1,1,1,1,0,14
BLZ,Belize,North & Central America,11,1,1,1,1,0,14
BLZ,Belize,North & Central America,12,1,1,1,1,0,14
BMU,Bermuda,Caribbean,3,1,1,1,1,0,2
BMU,Bermuda,Caribbean,4,1,1,1,1,0,2
BMU,Bermuda,Caribbean,5,1,1,1,1,0,5
BMU,Bermuda,Caribbean,6,1,1,1,1,NA,1
BMU,Bermuda,Caribbean,7,1,1,1,1,NA,1
BMU,Bermuda,Caribbean,8,1,1,1,1,NA,1
BMU,Bermuda,Caribbean,9,1,1,1,1,0,3
BMU,Bermuda,Caribbean,12,1,1,1,1,NA,1
BOL,Bolivia (Plurinational State of),South America,1,1.2496383550320314,1.2496383550320314,1.2496383550320314,1.2496383550320314,NA,1
BOL,Bolivia (Plurinational State of),South America,2,1.950300564523124,1.4405857740585775,1.0144186046511627,4.788617886178862,1.3492852239216193,12
BOL,Bolivia (Plurinational State of),South America,3,1.2533893435419075,1.2549407114624507,1.0144372421921037,1.5151324085750315,0.1487607142336886,13
BOL,Bolivia (Plurinational State of),South America,4,1.2216839283553078,1.2549407114624507,1.012280279316157,1.3698273053111762,0.08812471271465515,14
BOL,Bolivia (Plurinational State of),South America,5,1.209887637969867,1.188136188136188,1.1098526500989663,1.2945823927765236,0.06499098009508103,14
BOL,Bolivia (Plurinational State of),South America,6,1.1949116026213158,1.1631338501938984,1.1098526500989663,1.2945823927765236,0.07537696025376138,14
BOL,Bolivia (Plurinational State of),South America,7,1.2012018232457091,1.1774842044801839,1.1098526500989663,1.2945823927765236,0.06528754109755422,14
BOL,Bolivia (Plurinational State of),South America,8,1.1990832571202623,1.2549407114624507,1,1.2945823927765236,0.08783224448459905,14
BOL,Bolivia (Plurinational State of),South America,9,1.1687879051374916,1.1435267857142857,1,1.2945823927765236,0.11473613875498585,14
BOL,Bolivia (Plurinational State of),South America,10,1.1454022325022932,1.1369455976382117,1,1.2945823927765236,0.11742081623510761,14
BOL,Bolivia (Plurinational State of),South America,11,1.12134789627918,1.1369455976382117,1,1.2587742273441593,0.10741083875837394,14
BOL,Bolivia (Plurinational State of),South America,12,1.1022353607009205,1.1222265893793777,1,1.2564746300211416,0.10352361561034594,14
BRA,Brazil,South America,1,1.575781983357994,1.575781983357994,1.575781983357994,1.575781983357994,NA,1
BRA,Brazil,South America,2,1.4345236252561837,1.1737368527694376,1.0780307006656675,2.7169761177081697,0.5435314842817243,15
BRA,Brazil,South America,3,1.0735112166292675,1.0515788812160822,1.0248590768650203,1.191429553634278,0.05812129989928736,13
BRA,Brazil,South America,4,1.03887930459679,1.0292028639981408,1.0014556340590905,1.1003392873785331,0.031233422995900022,14
BRA,Brazil,South America,5,1.0220274863615266,1.0238881992113333,1.0002125879496921,1.0560214303986726,0.020005097747260954,14
BRA,Brazil,South America,6,1.0132099784639825,1.0175465257419318,0.9990836766875815,1.0254364958379614,0.011688075427679322,14
BRA,Brazil,South America,7,1.005860294538798,1.0058117939557996,0.9929688942659747,1.017109340062608,0.00841869597203947,14
BRA,Brazil,South America,8,0.9908248042086716,1.002367916140203,0.8257206944053775,1.0122659769993938,0.048033349412054255,14
BRA,Brazil,South America,9,0.977043276834192,1.000260313581469,0.8257206944053775,1.0097285521109831,0.06434174890748405,14
BRA,Brazil,South America,10,1.000577139482269,1.0005204695792205,0.9923496433185061,1.0046845874487742,0.0037175162248576804,14
BRA,Brazil,South America,11,0.9996025158647777,1.0001163993792033,0.9927483129755881,1.0036168075172862,0.003955994297301622,14
BRA,Brazil,South America,12,0.99914740336811525,1,0.9927931506919084,1.0011927089568453,0.0027690979219975515,14
BRB,Barbados,Caribbean,1,1.5,1.5,1.5,1.5,NA,1
BRB,Barbados,Caribbean,2,1.5235519872134407,1.0909090909090908,0.01839926402943882,3,1.1076777253764223,7
BRB,Barbados,Caribbean,3,0.9057984231857277,1,0.01839926402943882,1.5714285714285714,0.5004637139146241,11
BRB,Barbados,Caribbean,4,0.9715356808140313,1,0.5154639175257731,1.5714285714285714,0.2514743397109218,11
BRB,Barbados,Caribbean,5,0.9464761291114384,1,0.5154639175257731,1.5714285714285714,0.27030225006949865,12
BRB,Barbados,Caribbean,6,1.0253811120299718,1,0.5319148936170213,1.5714285714285714,0.26429021297657634,14
BRB,Barbados,Caribbean,7,0.9203719980689208,1,0.5319148936170213,1,0.14774297035082296,14
BRB,Barbados,Caribbean,8,0.8845565240157865,0.9837092731829573,0.5319148936170213,1,0.1601744483391533,14
BRB,Barbados,Caribbean,9,0.9032030657489654,1,0.5319148936170213,1,0.17968016493712574,14
BRB,Barbados,Caribbean,10,0.9659817436274651,1,0.670863309352518,1,0.08759633846602032,14
BRB,Barbados,Caribbean,11,0.9718357430060248,1,0.670863309352518,1,0.08741981299976428,14
BRB,Barbados,Caribbean,12,0.9529804727646455,1,0.670863309352518,1,0.11952155231481026,14
CAF,Central African Republic,Sub-Saharan Africa,2,1,1,1,1,NA,1
CAF,Central African Republic,Sub-Saharan Africa,3,1,1,1,1,NA,1
CAF,Central African Republic,Sub-Saharan Africa,4,1,1,1,1,0,2
CAF,Central African Republic,Sub-Saharan Africa,5,1,1,1,1,NA,1
CAF,Central African Republic,Sub-Saharan Africa,6,1,1,1,1,NA,1
CAF,Central African Republic,Sub-Saharan Africa,7,1,1,1,1,NA,1
CAF,Central African Republic,Sub-Saharan Africa,8,1,1,1,1,0,3
CHL,Chile,South America,2,0.8571428571428571,0.8571428571428571,0.8571428571428571,0.8571428571428571,NA,1
CHL,Chile,South America,3,0.9428571428571428,1,0.8285714285714286,1,0.09897433186107867,3
CHL,Chile,South America,4,0.9861111111111112,1,0.9444444444444444,1,0.02777777777777779,4
CHL,Chile,South America,5,1.096,1,1,1.48,0.21466252583997977,5
CHL,Chile,South America,6,1,1,1,1,0,5
CHL,Chile,South America,7,1,1,1,1,0,5
CHL,Chile,South America,8,1,1,1,1,0,5
CHL,Chile,South America,9,1,1,1,1,0,5
CHL,Chile,South America,10,1,1,1,1,0,5
CHL,Chile,South America,11,1,1,1,1,0,6
CHL,Chile,South America,12,1,1,1,1,0,5
CHN,China,East & Southeast Asia,2,1,1,1,1,0,2
CHN,China,East & Southeast Asia,3,1,1,1,1,0,11
CHN,China,East & Southeast Asia,4,1,1,1,1,0,14
CHN,China,East & Southeast Asia,5,1,1,1,1,0,14
CHN,China,East & Southeast Asia,6,1,1,1,1,0,14
CHN,China,East & Southeast Asia,7,1,1,1,1,0,14
CHN,China,East & Southeast Asia,8,1,1,1,1,0,13
CHN,China,East & Southeast Asia,9,1,1,1,1,0,11
CHN,China,East & Southeast Asia,10,1,1,1,1,0,10
CHN,China,East & Southeast Asia,11,1,1,1,1,0,9
CHN,China,East & Southeast Asia,12,1,1,1,1,0,8
CIV,Côte d'Ivoire,Sub-Saharan Africa,1,1,1,1,1,NA,1
CIV,Côte d'Ivoire,Sub-Saharan Africa,2,1.20891364827028,1,1,3.1494252873563218,0.5890151487924744,13
CIV,Côte d'Ivoire,Sub-Saharan Africa,3,1.0306142357001,1,1,1.2382470119521913,0.06863522978346907,12
CIV,Côte d'Ivoire,Sub-Saharan Africa,4,1.0327887615593467,1,1,1.2382470119521913,0.06439382075372811,14
CIV,Côte d'Ivoire,Sub-Saharan Africa,5,1.0159892385597036,1,1,1.0648148148148149,0.02303882692147621,14
CIV,Côte d'Ivoire,Sub-Saharan Africa,6,1.0115249770238204,1,1,1.0648148148148149,0.020455996310144584,14
CIV,Côte d'Ivoire,Sub-Saharan Africa,7,1.008861616423689,1,0.9913793103448276,1.0648148148148149,0.020867944199553148,14
CIV,Côte d'Ivoire,Sub-Saharan Africa,8,1.0036162232472614,1,0.9913793103448276,1.0434782608695652,0.013730361522742074,14
CIV,Côte d'Ivoire,Sub-Saharan Africa,9,1.0011263967319477,1,0.9913793103448276,1.024390243902439,0.007078882535579213,14
CIV,Côte d'Ivoire,Sub-Saharan Africa,10,0.999384236453202,1,0.9913793103448276,1,0.0023039762233829594,14
CIV,Côte d'Ivoire,Sub-Saharan Africa,11,0.999384236453202,1,0.9913793103448276,1,0.0023039762233829594,14
CIV,Côte d'Ivoire,Sub-Saharan Africa,12,1,1,1,1,0,14
CMR,Cameroon,Sub-Saharan Africa,2,1,1,1,1,0,3
CMR,Cameroon,Sub-Saharan Africa,12,1,1,1,1,NA,1
COK,Cook Islands,Pacific Islands,1,1,1,1,1,NA,1
COK,Cook Islands,Pacific Islands,3,1,1,1,1,NA,1
COL,Colombia,South America,1,1.1840726510653161,1.1840726510653161,1.1840726510653161,1.1840726510653161,NA,1
COL,Colombia,South America,2,1.2503459231961087,1,0.8287556523195445,2.3944984680964434,0.5003535516621904,15
COL,Colombia,South America,3,0.9868273578707342,1,0.8287556523195445,1,0.047494636630405006,13
COL,Colombia,South America,4,0.9877682608799675,1,0.8287556523195445,1,0.045766977031561525,14
COL,Colombia,South America,5,1,1,1,1,0,14
COL,Colombia,South America,6,1,1,1,1,0,14
COL,Colombia,South America,7,1,1,1,1,0,14
COL,Colombia,South America,8,1,1,1,1,0,14
COL,Colombia,South America,9,1,1,1,1,0,14
COL,Colombia,South America,10,1,1,1,1,0,14
COL,Colombia,South America,11,1,1,1,1,0,14
COL,Colombia,South America,12,1,1,1,1,0,14
CPV,Cabo Verde,Sub-Saharan Africa,1,1,1,1,1,NA,1
CPV,Cabo Verde,Sub-Saharan Africa,2,1.040571397180999,1,1,1.264840182648402,0.08407746239392246,14
CPV,Cabo Verde,Sub-Saharan Africa,3,1.0002978436122474,1,1,1.0038719669592153,0.0010738904160271718,13
CPV,Cabo Verde,Sub-Saharan Africa,4,1,1,1,1,0,14
CPV,Cabo Verde,Sub-Saharan Africa,5,1,1,1,1,0,14
CPV,Cabo Verde,Sub-Saharan Africa,6,1,1,1,1,0,14
CPV,Cabo Verde,Sub-Saharan Africa,7,1,1,1,1,0,14
CPV,Cabo Verde,Sub-Saharan Africa,8,1,1,1,1,0,14
CPV,Cabo Verde,Sub-Saharan Africa,9,1,1,1,1,0,14
CPV,Cabo Verde,Sub-Saharan Africa,10,1,1,1,1,0,13
CPV,Cabo Verde,Sub-Saharan Africa,11,1,1,1,1,0,11
CPV,Cabo Verde,Sub-Saharan Africa,12,1,1,1,1,0,10
CRI,Costa Rica,North & Central America,1,0.6398809523809523,0.6398809523809523,0.6398809523809523,0.6398809523809523,NA,1
CRI,Costa Rica,North & Central America,2,1.349618994257928,0.9468085106382979,0.34502923976608185,3.764469453376206,1.1508372469308685,15
CRI,Costa Rica,North & Central America,3,0.8372207029470549,0.9277904907195526,0.48872180451127817,1.0166073546856464,0.17141542943416307,13
CRI,Costa Rica,North & Central America,4,0.8998596379541407,0.9223466564995938,0.7311827956989247,1.0133296306581505,0.10208388669588798,14
CRI,Costa Rica,North & Central America,5,0.9678982495607449,0.9843648208469056,0.9149590163934426,1.009460737937559,0.03712321267819685,14
CRI,Costa Rica,North & Central America,6,0.9762605990788562,0.9902727849439628,0.9325396825396826,1.0102518386449744,0.028507672942214297,14
CRI,Costa Rica,North & Central America,7,0.9899672289824087,1,0.9409905163329821,1.0068802408084283,0.01897575418002837,14
CRI,Costa Rica,North & Central America,8,0.9971089984408326,1,0.9726720647773279,1.0100538599640934,0.011274534634588967,14
CRI,Costa Rica,North & Central America,9,1.0007330789096467,1,0.9831528279181708,1.0316100443131462,0.010078521095941276,14
CRI,Costa Rica,North & Central America,10,1.0040208453884127,1,0.9951278928136419,1.0297847242701268,0.008852711960723847,14
CRI,Costa Rica,North & Central America,11,1.003543177612732,1,1,1.0346666666666666,0.009666830014486715,14
CRI,Costa Rica,North & Central America,12,1.0057889668671074,1,1,1.0362017804154302,0.013087432680866323,14
CUB,Cuba,Caribbean,3,1,1,1,1,NA,1
CUB,Cuba,Caribbean,4,1,1,1,1,NA,1
CUB,Cuba,Caribbean,5,1,1,1,1,NA,1
CUB,Cuba,Caribbean,6,1,1,1,1,0,2
CUB,Cuba,Caribbean,7,1,1,1,1,NA,1
CUB,Cuba,Caribbean,8,1,1,1,1,NA,1
CUB,Cuba,Caribbean,9,1,1,1,1,NA,1
CUB,Cuba,Caribbean,10,1,1,1,1,0,3
CUW,Curaçao,Caribbean,5,1,1,1,1,NA,1
CUW,Curaçao,Caribbean,6,1,1,1,1,0,3
CUW,Curaçao,Caribbean,7,1,1,1,1,0,4
CUW,Curaçao,Caribbean,8,1,1,1,1,0,4
CUW,Curaçao,Caribbean,9,1,1,1,1,0,3
CUW,Curaçao,Caribbean,10,1,1,1,1,0,4
CUW,Curaçao,Caribbean,11,1,1,1,1,0,4
CUW,Curaçao,Caribbean,12,1,1,1,1,0,4
CYM,Cayman Islands,Caribbean,3,1,1,1,1,0,2
CYM,Cayman Islands,Caribbean,4,1,1,1,1,0,3
CYM,Cayman Islands,Caribbean,5,1,1,1,1,0,5
CYM,Cayman Islands,Caribbean,6,1,1,1,1,0,4
CYM,Cayman Islands,Caribbean,7,1,1,1,1,0,6
CYM,Cayman Islands,Caribbean,8,1,1,1,1,0,3
CYM,Cayman Islands,Caribbean,9,1,1,1,1,0,4
CYM,Cayman Islands,Caribbean,10,1,1,1,1,0,6
CYM,Cayman Islands,Caribbean,11,1,1,1,1,0,5
CYM,Cayman Islands,Caribbean,12,1,1,1,1,0,3
DMA,Dominica,Caribbean,8,1,1,1,1,NA,1
DMA,Dominica,Caribbean,9,1,1,1,1,0,2
DMA,Dominica,Caribbean,10,1,1,1,1,NA,1
DMA,Dominica,Caribbean,11,1,1,1,1,NA,1
DMA,Dominica,Caribbean,12,1,1,1,1,NA,1
DOM,Dominican Republic,Caribbean,1,1.6228070175438596,1.6228070175438596,1.6228070175438596,1.6228070175438596,NA,1
DOM,Dominican Republic,Caribbean,2,1.6943364218274184,1.309591836734694,0.8972972972972973,4.022058823529412,1.0645485007754114,14
DOM,Dominican Republic,Caribbean,3,1.0234314711734067,1,0.8972972972972973,1.3266666666666667,0.09858378769501122,13
DOM,Dominican Republic,Caribbean,4,1.0348540706605223,1,1,1.3266666666666667,0.08888675068166314,14
DOM,Dominican Republic,Caribbean,5,1.07,1,1,1.3266666666666667,0.13909966911793123,14
DOM,Dominican Republic,Caribbean,6,1,1,1,1,0,14
DOM,Dominican Republic,Caribbean,7,1,1,1,1,0,14
DOM,Dominican Republic,Caribbean,8,1,1,1,1,0,14
DOM,Dominican Republic,Caribbean,9,1,1,1,1,0,14
DOM,Dominican Republic,Caribbean,10,1,1,1,1,0,14
DOM,Dominican Republic,Caribbean,11,1,1,1,1,0,14
DOM,Dominican Republic,Caribbean,12,1,1,1,1,0,14
ECU,Ecuador,South America,1,1.1666359447004608,1.1666359447004608,1.1666359447004608,1.1666359447004608,NA,1
ECU,Ecuador,South America,2,1.6762220967493975,1.0026393929396238,1,4.2773775216138326,1.145406062184432,15
ECU,Ecuador,South America,3,1.0015778017686774,1.000842886041807,1,1.0034188034188034,0.001427363454219063,13
ECU,Ecuador,South America,4,1.0014876236857528,1.0007446492264627,1,1.0034188034188034,0.001406160124814601,14
ECU,Ecuador,South America,5,1.0017975159697174,1.0019361084220717,1.0004889377826671,1.0034188034188034,0.0011736452517408058,14
ECU,Ecuador,South America,6,1.0016461646633406,1.000842886041807,1.0004889377826671,1.0034188034188034,0.0012611085636705008,14
ECU,Ecuador,South America,7,1.0015689814984527,1.0007780128194415,1.0004889377826671,1.0034188034188034,0.0012671270046952189,14
ECU,Ecuador,South America,8,1.0015404179835072,1.0010736736496537,1.0004889377826671,1.0033898305084745,0.001175993613570954,14
ECU,Ecuador,South America,9,1.0014114700544376,1.0010736736496537,1.0004889377826671,1.0031790886612504,9.463224332060499e-4,14
ECU,Ecuador,South America,10,1.00138278761489,1.000842886041807,1.0004889377826671,1.0031790886612504,0.001109149210120583,14
ECU,Ecuador,South America,11,1.0015128702666052,1.000713139597076,1.0004889377826671,1.0031790886612504,0.0011724162527800475,14
ECU,Ecuador,South America,12,1.0016394646561033,1.0013044612575006,1.0004889377826671,1.0031790886612504,0.0011386311819675235,14
ERI,Eritrea,Sub-Saharan Africa,1,1,1,1,1,NA,1
ERI,Eritrea,Sub-Saharan Africa,2,67.60096153846153,1,1,232,104.36900516037163,8
ERI,Eritrea,Sub-Saharan Africa,3,36.11443443364527,1,1,232,69.54796165485803,11
ERI,Eritrea,Sub-Saharan Africa,4,5.314222631659245,1,0.9989235737351991,43.1764705882353,13.304620935845431,10
ERI,Eritrea,Sub-Saharan Africa,5,1.0334110334110334,1,1,1.4343434343434343,0.12046519412972143,13
ERI,Eritrea,Sub-Saharan Africa,6,1,1,1,1,0,13
ERI,Eritrea,Sub-Saharan Africa,7,1.0317642556448527,1,1,1.4129353233830846,0.11452765245446278,13
ERI,Eritrea,Sub-Saharan Africa,8,1,1,1,1,0,13
ERI,Eritrea,Sub-Saharan Africa,9,1,1,1,1,0,11
ERI,Eritrea,Sub-Saharan Africa,10,1,1,1,1,0,10
ERI,Eritrea,Sub-Saharan Africa,11,1,1,1,1,0,9
ERI,Eritrea,Sub-Saharan Africa,12,1,1,1,1,0,8
ESP,Spain,"Europe, Middle East & North Africa",2,1,1,1,1,0,2
ESP,Spain,"Europe, Middle East & North Africa",3,1,1,1,1,0,2
ESP,Spain,"Europe, Middle East & North Africa",4,1,1,1,1,0,3
ESP,Spain,"Europe, Middle East & North Africa",5,1,1,1,1,0,3
ESP,Spain,"Europe, Middle East & North Africa",6,1,1,1,1,0,2
ESP,Spain,"Europe, Middle East & North Africa",7,1,1,1,1,0,2
ESP,Spain,"Europe, Middle East & North Africa",8,1,1,1,1,0,4
ESP,Spain,"Europe, Middle East & North Africa",9,1,1,1,1,0,3
ETH,Ethiopia,Sub-Saharan Africa,1,1,1,1,1,NA,1
ETH,Ethiopia,Sub-Saharan Africa,2,1.5760327313413023,1,1,3.953488372093023,1.0950694887747179,13
ETH,Ethiopia,Sub-Saharan Africa,3,1.3169573643410852,1,1,3.953488372093023,0.8655030021673747,12
ETH,Ethiopia,Sub-Saharan Africa,4,1.2684989429175475,1,1,3.953488372093023,0.8905102502645577,11
ETH,Ethiopia,Sub-Saharan Africa,5,1,1,1,1,0,14
ETH,Ethiopia,Sub-Saharan Africa,6,1,1,1,1,0,14
ETH,Ethiopia,Sub-Saharan Africa,7,1,1,1,1,0,14
ETH,Ethiopia,Sub-Saharan Africa,8,1,1,1,1,0,14
ETH,Ethiopia,Sub-Saharan Africa,9,1,1,1,1,0,14
ETH,Ethiopia,Sub-Saharan Africa,10,1,1,1,1,0,14
ETH,Ethiopia,Sub-Saharan Africa,11,1,1,1,1,0,14
ETH,Ethiopia,Sub-Saharan Africa,12,1,1,1,1,0,14
FJI,Fiji,Pacific Islands,1,1.031812198332602,1.031812198332602,1.031812198332602,1.031812198332602,NA,1
FJI,Fiji,Pacific Islands,2,1.0355949436433174,1,1,1.2064220183486238,0.08373665671503532,6
FJI,Fiji,Pacific Islands,3,1.0014885382554333,1,1,1.0104197677880322,0.003938302040882119,7
FJI,Fiji,Pacific Islands,4,1.0001365840333265,1,1,1.0012292562999385,4.097520999795101e-4,9
FJI,Fiji,Pacific Islands,5,1,1,1,1,0,9
FJI,Fiji,Pacific Islands,6,1,1,1,1,0,10
FJI,Fiji,Pacific Islands,7,1,1,1,1,0,11
FJI,Fiji,Pacific Islands,8,1,1,1,1,0,13
FJI,Fiji,Pacific Islands,9,1,1,1,1,0,11
FJI,Fiji,Pacific Islands,10,1,1,1,1,0,10
FJI,Fiji,Pacific Islands,11,1,1,1,1,0,9
FJI,Fiji,Pacific Islands,12,1,1,1,1,0,8
FRA,France,"Europe, Middle East & North Africa",2,3.98,1,0.2,17.5,7.568487299322104,5
FRA,France,"Europe, Middle East & North Africa",3,3.238095238095238,1,0.16666666666666666,17.5,6.296572511837325,7
FRA,France,"Europe, Middle East & North Africa",4,0.7777777777777778,1,0.16666666666666666,1,0.3600411499115478,6
FRA,France,"Europe, Middle East & North Africa",5,0.9166666666666666,1,0.5,1,0.2041241452319315,6
FRA,France,"Europe, Middle East & North Africa",6,1,1,1,1,0,6
FRA,France,"Europe, Middle East & North Africa",7,1,1,1,1,0,8
FRA,France,"Europe, Middle East & North Africa",8,1,1,1,1,0,6
FRA,France,"Europe, Middle East & North Africa",9,1,1,1,1,0,5
FRA,France,"Europe, Middle East & North Africa",10,1,1,1,1,0,4
FRA,France,"Europe, Middle East & North Africa",11,1,1,1,1,0,3
FSM,Micronesia (Federated States of),Pacific Islands,1,1,1,1,1,NA,1
FSM,Micronesia (Federated States of),Pacific Islands,2,1.0238095238095237,1,1,1.1428571428571428,0.0583211843519804,6
FSM,Micronesia (Federated States of),Pacific Islands,3,1,1,1,1,0,7
FSM,Micronesia (Federated States of),Pacific Islands,4,1,1,1,1,0,9
FSM,Micronesia (Federated States of),Pacific Islands,5,1,1,1,1,0,9
FSM,Micronesia (Federated States of),Pacific Islands,6,1,1,1,1,0,10
FSM,Micronesia (Federated States of),Pacific Islands,7,1,1,1,1,0,11
FSM,Micronesia (Federated States of),Pacific Islands,8,1,1,1,1,0,13
FSM,Micronesia (Federated States of),Pacific Islands,9,1,1,1,1,0,11
FSM,Micronesia (Federated States of),Pacific Islands,10,1,1,1,1,0,10
FSM,Micronesia (Federated States of),Pacific Islands,11,1,1,1,1,0,9
FSM,Micronesia (Federated States of),Pacific Islands,12,1,1,1,1,0,8
GHA,Ghana,Sub-Saharan Africa,2,3.6935551491017513,1,1,12.767123287671232,5.147833891884045,9
GHA,Ghana,Sub-Saharan Africa,3,1.4177692977351972,1,1,4.052173913043478,1.0070568680873841,9
GHA,Ghana,Sub-Saharan Africa,4,1.5212589383579518,1,1,4.052173913043478,1.1379636135753233,7
GHA,Ghana,Sub-Saharan Africa,5,1.3391304347826085,1,1,4.052173913043478,1.017391304347826,9
GHA,Ghana,Sub-Saharan Africa,6,1,1,1,1,0,8
GHA,Ghana,Sub-Saharan Africa,7,1,1,1,1,0,7
GHA,Ghana,Sub-Saharan Africa,8,1,1,1,1,0,7
GHA,Ghana,Sub-Saharan Africa,9,1,1,1,1,0,5
GHA,Ghana,Sub-Saharan Africa,10,1,1,1,1,0,4
GHA,Ghana,Sub-Saharan Africa,11,1,1,1,1,NA,1
GHA,Ghana,Sub-Saharan Africa,12,1,1,1,1,0,2
GIN,Guinea,Sub-Saharan Africa,2,1,1,1,1,0,2
GIN,Guinea,Sub-Saharan Africa,3,1,1,1,1,NA,1
GIN,Guinea,Sub-Saharan Africa,4,1,1,1,1,NA,1
GIN,Guinea,Sub-Saharan Africa,5,1,1,1,1,NA,1
GIN,Guinea,Sub-Saharan Africa,6,1,1,1,1,0,2
GIN,Guinea,Sub-Saharan Africa,7,1,1,1,1,NA,1
GIN,Guinea,Sub-Saharan Africa,8,1,1,1,1,NA,1
GIN,Guinea,Sub-Saharan Africa,9,1,1,1,1,NA,1
GIN,Guinea,Sub-Saharan Africa,10,1,1,1,1,0,3
GLP,Guadeloupe,Caribbean,2,4.588926051737653,1.0906976744186045,1,18.5,7.333178322396421,10
GLP,Guadeloupe,Caribbean,3,1,1,1,1,0,12
GLP,Guadeloupe,Caribbean,4,1,1,1,1,0,13
GLP,Guadeloupe,Caribbean,5,1,1,1,1,0,12
GLP,Guadeloupe,Caribbean,6,1,1,1,1,0,13
GLP,Guadeloupe,Caribbean,7,1,1,1,1,0,13
GLP,Guadeloupe,Caribbean,8,1,1,1,1,0,13
GLP,Guadeloupe,Caribbean,9,1,1,1,1,0,11
GLP,Guadeloupe,Caribbean,10,1,1,1,1,0,14
GLP,Guadeloupe,Caribbean,11,1,1,1,1,0,14
GLP,Guadeloupe,Caribbean,12,1,1,1,1,0,14
GRD,Grenada,Caribbean,2,2.5871635610766046,1,1,9.142857142857142,2.8195156821602416,15
GRD,Grenada,Caribbean,3,1,1,1,1,0,13
GRD,Grenada,Caribbean,4,1,1,1,1,0,14
GRD,Grenada,Caribbean,5,1,1,1,1,0,14
GRD,Grenada,Caribbean,6,1,1,1,1,0,14
GRD,Grenada,Caribbean,7,1,1,1,1,0,14
GRD,Grenada,Caribbean,8,1,1,1,1,0,14
GRD,Grenada,Caribbean,9,1,1,1,1,0,14
GRD,Grenada,Caribbean,10,1,1,1,1,0,14
GRD,Grenada,Caribbean,11,1,1,1,1,0,14
GRD,Grenada,Caribbean,12,1,1,1,1,0,14
GTM,Guatemala,North & Central America,1,2.3166897827092003,2.3166897827092003,2.3166897827092003,2.3166897827092003,NA,1
GTM,Guatemala,North & Central America,2,5.610340721688191,2.3245936025170426,1,17.294549908144518,5.7695871062788635,15
GTM,Guatemala,North & Central America,3,1.1586738214978995,1.0799575580734397,1,1.4137010219277975,0.17585413068343123,13
GTM,Guatemala,North & Central America,4,1.104310473130091,1.0045119367946702,1,1.3102928509905254,0.14191840729854086,14
GTM,Guatemala,North & Central America,5,1.0962883852380287,1.0005046941507274,1,1.293790546802595,0.13398458197449162,14
GTM,Guatemala,North & Central America,6,1.0959647526233063,1.0000640368852458,1,1.293790546802595,0.13429651416094923,14
GTM,Guatemala,North & Central America,7,1.1084330568352494,1.0001964642202075,1,1.4425601750547046,0.1571194330071437,14
GTM,Guatemala,North & Central America,8,1.0990278354149012,1,1,1.4425601750547046,0.1710135282723117,14
GTM,Guatemala,North & Central America,9,1.049454142817703,1,1,1.441771459814106,0.13114762141437078,14
GTM,Guatemala,North & Central America,10,1.0274274270544312,1,1,1.3832837908725302,0.10242255437328979,14
GTM,Guatemala,North & Central America,11,1.000040818577038,1,1,1.0002225189141076,8.398064447634885e-5,14
GTM,Guatemala,North & Central America,12,1.0000180603214737,1,1,1.0001264222503161,4.59085359799564e-5,14
GUF,French Guiana,South America,2,1.4347133757961783,1.4347133757961783,1,1.8694267515923566,0.501963769072509,4
GUF,French Guiana,South America,3,1,1,1,1,0,5
GUF,French Guiana,South America,4,1,1,1,1,0,6
GUF,French Guiana,South America,5,1,1,1,1,0,8
GUF,French Guiana,South America,6,1,1,1,1,0,9
GUF,French Guiana,South America,7,1,1,1,1,0,10
GUF,French Guiana,South America,8,1,1,1,1,0,11
GUF,French Guiana,South America,9,1,1,1,1,0,13
GUF,French Guiana,South America,10,1,1,1,1,0,11
GUF,French Guiana,South America,11,1,1,1,1,0,10
GUF,French Guiana,South America,12,1,1,1,1,0,9
GUM,Guam,Pacific Islands,2,1,1,1,1,NA,1
GUY,Guyana,South America,1,1.8224333211545487,1.8224333211545487,1.8224333211545487,1.8224333211545487,NA,1
GUY,Guyana,South America,2,6.72381819495989,3.2743259085580303,1.046047725577927,35.016216216216215,11.47419667428083,8
GUY,Guyana,South America,3,7.1386860584613805,1.2797566969932774,1.0033214709371292,35.016216216216215,13.042609404534556,12
GUY,Guyana,South America,4,1.1852453863179495,1.1713872010342599,0.9942452412571935,1.7127746135069162,0.18379941517414644,14
GUY,Guyana,South America,5,1.102496321437823,1.0905249088123905,0.9942452412571935,1.2453170028818443,0.08906537307314101,14
GUY,Guyana,South America,6,1.09222700907203,1.0876168224299065,1,1.2453170028818443,0.08547588574624208,14
GUY,Guyana,South America,7,1.0535585421288776,1.0215339946769901,0.9998456551937027,1.237294201861131,0.07250848224332895,14
GUY,Guyana,South America,8,1.0562175708618482,1.0346114692908042,0.9993115318416523,1.237294201861131,0.0688343187034924,14
GUY,Guyana,South America,9,1.0400853427163534,1.0171803692421453,0.9996556473829201,1.237294201861131,0.06213543559915497,14
GUY,Guyana,South America,10,1.0003565447212925,1.0047263891948992,0.8450331125827815,1.0539263377345378,0.04886432188340361,14
GUY,Guyana,South America,11,0.9779787870803016,0.9995265151515151,0.8450331125827815,1.0170113408939292,0.05066085139280047,14
GUY,Guyana,South America,12,0.9790354576084517,0.9952186637488308,0.8450331125827815,1.0441971383147854,0.05236223236729463,14
HND,Honduras,North & Central America,1,1.6698523023457863,1.6698523023457863,1.6698523023457863,1.6698523023457863,NA,1
HND,Honduras,North & Central America,2,1.3905172317085328,1,0.9993129744770018,4.453580901856764,1.0326754649284795,11
HND,Honduras,North & Central America,3,0.9998943037656925,1,0.9993129744770018,1,2.5800131091298183e-4,13
HND,Honduras,North & Central America,4,0.9999509267483573,1,0.9993129744770018,1,1.836152945020191e-4,14
HND,Honduras,North & Central America,5,1,1,1,1,0,14
HND,Honduras,North & Central America,6,1,1,1,1,0,14
HND,Honduras,North & Central America,7,1,1,1,1,0,14
HND,Honduras,North & Central America,8,1.0002671891699324,1,1,1.0037406483790523,9.997303313432158e-4,14
HND,Honduras,North & Central America,9,1.0011277849332711,1,1,1.0083076923076923,0.0024681987840826846,14
HND,Honduras,North & Central America,10,1.0015681055059924,1,1,1.0083076923076923,0.0030401722190881056,14
HND,Honduras,North & Central America,11,1.000277482531749,1,0.9886415265788278,1.0083076923076923,0.0040766768489165,14
HND,Honduras,North & Central America,12,0.9994036700918899,1,0.9886415265788278,1.0083076923076923,0.005107576605690699,14
IND,India,South Asia,2,1,1,1,1,0,2
IND,India,South Asia,3,1,1,1,1,0,4
IND,India,South Asia,4,1,1,1,1,0,7
IND,India,South Asia,5,1,1,1,1,0,6
IND,India,South Asia,6,1,1,1,1,0,8
IND,India,South Asia,7,1,1,1,1,0,8
IND,India,South Asia,8,1,1,1,1,0,8
IND,India,South Asia,9,1,1,1,1,0,8
IND,India,South Asia,10,1,1,1,1,0,8
IND,India,South Asia,11,1,1,1,1,0,8
IND,India,South Asia,12,1,1,1,1,0,8
ITA,Italy,"Europe, Middle East & North Africa",2,4.502083333333333,1.00625,1,11.5,6.060374412594764,3
ITA,Italy,"Europe, Middle East & North Africa",3,3.625,1,1,11.5,5.25,4
ITA,Italy,"Europe, Middle East & North Africa",4,1,1,1,1,0,4
ITA,Italy,"Europe, Middle East & North Africa",5,1,1,1,1,0,5
ITA,Italy,"Europe, Middle East & North Africa",6,1,1,1,1,0,5
ITA,Italy,"Europe, Middle East & North Africa",7,1,1,1,1,0,6
ITA,Italy,"Europe, Middle East & North Africa",8,1,1,1,1,0,5
ITA,Italy,"Europe, Middle East & North Africa",9,1,1,1,1,0,4
ITA,Italy,"Europe, Middle East & North Africa",10,1,1,1,1,0,3
JAM,Jamaica,Caribbean,1,2.4444444444444446,2.4444444444444446,2.4444444444444446,2.4444444444444446,NA,1
JAM,Jamaica,Caribbean,2,1.6431177519273883,1.1724137931034482,1,4.055555555555555,1.1022147515309308,13
JAM,Jamaica,Caribbean,3,1,1,1,1,0,13
JAM,Jamaica,Caribbean,4,1,1,1,1,0,14
JAM,Jamaica,Caribbean,5,1,1,1,1,0,14
JAM,Jamaica,Caribbean,6,1,1,1,1,0,14
JAM,Jamaica,Caribbean,7,1,1,1,1,0,14
JAM,Jamaica,Caribbean,8,1,1,1,1,0,14
JAM,Jamaica,Caribbean,9,1,1,1,1,0,14
JAM,Jamaica,Caribbean,10,1,1,1,1,0,14
JAM,Jamaica,Caribbean,11,1,1,1,1,0,14
JAM,Jamaica,Caribbean,12,1,1,1,1,0,14
KEN,Kenya,Sub-Saharan Africa,1,1,1,1,1,NA,1
KEN,Kenya,Sub-Saharan Africa,2,1.352760736196319,1,1,4.52760736196319,1.1155273954581708,10
KEN,Kenya,Sub-Saharan Africa,3,1.293967280163599,1,1,4.52760736196319,1.0183325300123767,12
KEN,Kenya,Sub-Saharan Africa,4,1,1,1,1,0,13
KEN,Kenya,Sub-Saharan Africa,5,1,1,1,1,0,11
KEN,Kenya,Sub-Saharan Africa,6,1,1,1,1,0,10
KEN,Kenya,Sub-Saharan Africa,7,1,1,1,1,0,9
KEN,Kenya,Sub-Saharan Africa,8,1,1,1,1,0,8
KEN,Kenya,Sub-Saharan Africa,9,1,1,1,1,0,6
KEN,Kenya,Sub-Saharan Africa,10,1,1,1,1,0,5
KEN,Kenya,Sub-Saharan Africa,11,1,1,1,1,0,4
KEN,Kenya,Sub-Saharan Africa,12,1,1,1,1,0,3
KHM,Cambodia,East & Southeast Asia,2,1.468152814145547,1.0284738041002277,1,2.918046357615894,0.6782894914794859,9
KHM,Cambodia,East & Southeast Asia,3,1.0000283768444949,1,1,1.0002837684449488,8.973546141223662e-5,10
KHM,Cambodia,East & Southeast Asia,4,1,1,1,1,0,11
KHM,Cambodia,East & Southeast Asia,5,1,1,1,1,0,14
KHM,Cambodia,East & Southeast Asia,6,1,1,1,1,0,14
KHM,Cambodia,East & Southeast Asia,7,1,1,1,1,0,14
KHM,Cambodia,East & Southeast Asia,8,1,1,1,1,0,13
KHM,Cambodia,East & Southeast Asia,9,1,1,1,1,0,11
KHM,Cambodia,East & Southeast Asia,10,1,1,1,1,0,10
KHM,Cambodia,East & Southeast Asia,11,1,1,1,1,0,9
KHM,Cambodia,East & Southeast Asia,12,1,1,1,1,0,8
KIR,Kiribati,Pacific Islands,1,1,1,1,1,NA,1
KIR,Kiribati,Pacific Islands,2,1,1,1,1,NA,1
KNA,Saint Kitts and Nevis,Caribbean,2,1.193856554967666,1,0.8518518518518519,2,0.46170990244602295,9
KNA,Saint Kitts and Nevis,Caribbean,3,0.9998812915479582,1,0.8518518518518519,1.3333333333333333,0.11927278877012511,12
KNA,Saint Kitts and Nevis,Caribbean,4,1.010826210826211,1,0.8518518518518519,1.3333333333333333,0.12240438281185388,10
KNA,Saint Kitts and Nevis,Caribbean,5,0.9784968118301451,1,0.8518518518518519,1,0.045707130276519875,12
KNA,Saint Kitts and Nevis,Caribbean,6,0.9822062552831784,1,0.9285714285714286,1,0.028964555940357267,13
KNA,Saint Kitts and Nevis,Caribbean,7,0.9888198757763975,1,0.9285714285714286,1.0260869565217392,0.027624917507231686,13
KNA,Saint Kitts and Nevis,Caribbean,8,0.9946727185857621,1,0.9285714285714286,1.0260869565217392,0.026761540132243963,13
KNA,Saint Kitts and Nevis,Caribbean,9,0.9951330532212885,1,0.95,1,0.014417068263709809,12
KNA,Saint Kitts and Nevis,Caribbean,10,0.9993535875888817,1,0.9915966386554622,1,0.0023306730933833064,13
KNA,Saint Kitts and Nevis,Caribbean,11,1,1,1,1,0,12
KNA,Saint Kitts and Nevis,Caribbean,12,1,1,1,1,0,10
LAO,Lao People's Democratic Republic,East & Southeast Asia,1,1,1,1,1,NA,1
LAO,Lao People's Democratic Republic,East & Southeast Asia,2,1.0510762517592542,1,1,1.32,0.10840384062728242,15
LAO,Lao People's Democratic Republic,East & Southeast Asia,3,1,1,1,1,0,13
LAO,Lao People's Democratic Republic,East & Southeast Asia,4,1,1,1,1,0,14
LAO,Lao People's Democratic Republic,East & Southeast Asia,5,1,1,1,1,0,14
LAO,Lao People's Democratic Republic,East & Southeast Asia,6,1,1,1,1,0,14
LAO,Lao People's Democratic Republic,East & Southeast Asia,7,1,1,1,1,0,14
LAO,Lao People's Democratic Republic,East & Southeast Asia,8,1,1,1,1,0,13
LAO,Lao People's Democratic Republic,East & Southeast Asia,9,1,1,1,1,0,11
LAO,Lao People's Democratic Republic,East & Southeast Asia,10,1,1,1,1,0,10
LAO,Lao People's Democratic Republic,East & Southeast Asia,11,1,1,1,1,0,9
LAO,Lao People's Democratic Republic,East & Southeast Asia,12,1,1,1,1,0,8
LBR,Liberia,Sub-Saharan Africa,1,1,1,1,1,NA,1
LBR,Liberia,Sub-Saharan Africa,2,1,1,1,1,0,3
LBR,Liberia,Sub-Saharan Africa,3,1,1,1,1,0,4
LBR,Liberia,Sub-Saharan Africa,4,1,1,1,1,0,7
LBR,Liberia,Sub-Saharan Africa,5,1,1,1,1,0,5
LBR,Liberia,Sub-Saharan Africa,6,1,1,1,1,0,7
LBR,Liberia,Sub-Saharan Africa,7,1,1,1,1,0,8
LBR,Liberia,Sub-Saharan Africa,8,1,1,1,1,0,9
LBR,Liberia,Sub-Saharan Africa,9,1,1,1,1,0,8
LBR,Liberia,Sub-Saharan Africa,10,1,1,1,1,0,10
LBR,Liberia,Sub-Saharan Africa,11,1,1,1,1,0,9
LBR,Liberia,Sub-Saharan Africa,12,1,1,1,1,0,8
LCA,Saint Lucia,Caribbean,1,1.4,1.4,1.4,1.4,NA,1
LCA,Saint Lucia,Caribbean,2,1.5666666666666669,1,1,4.5,1.2516655570345725,15
LCA,Saint Lucia,Caribbean,3,1,1,1,1,0,13
LCA,Saint Lucia,Caribbean,4,1,1,1,1,0,14
LCA,Saint Lucia,Caribbean,5,1,1,1,1,0,13
LCA,Saint Lucia,Caribbean,6,1,1,1,1,0,12
LCA,Saint Lucia,Caribbean,7,1,1,1,1,0,12
LCA,Saint Lucia,Caribbean,8,1,1,1,1,0,11
LCA,Saint Lucia,Caribbean,9,1,1,1,1,0,12
LCA,Saint Lucia,Caribbean,10,1,1,1,1,0,11
LCA,Saint Lucia,Caribbean,11,1,1,1,1,0,12
LCA,Saint Lucia,Caribbean,12,1,1,1,1,0,11
LKA,Sri Lanka,South Asia,2,1.8646762336101792,1.1125061546036434,1.0534351145038168,4.180257510729613,1.543971983746295,4
LKA,Sri Lanka,South Asia,3,1.6571843039517902,1.0534351145038168,0.8862876254180602,4.180257510729613,1.412965016342404,5
LKA,Sri Lanka,South Asia,4,1.533348430733367,1.0673758341154127,0.8862876254180602,4.180257510729613,1.300404620079423,6
LKA,Sri Lanka,South Asia,5,1.8387242535941155,1.096911354165326,0.8862876254180602,4.180257510729613,1.4471718639235969,8
LKA,Sri Lanka,South Asia,6,1.3907495983426301,1.1125061546036434,0.8216032608695653,4.180257510729613,1.0521136656409762,9
LKA,Sri Lanka,South Asia,7,1.327868001243422,1.0673758341154127,0.8216032608695653,4.180257510729613,1.0097634930843895,10
LKA,Sri Lanka,South Asia,8,1.3112497885794425,1.0813165537270086,0.8216032608695653,4.180257510729613,0.9582323044956257,11
LKA,Sri Lanka,South Asia,9,1.7031261558152735,1.0813165537270086,0.8216032608695653,4.180257510729613,1.3453674320302493,14
LKA,Sri Lanka,South Asia,10,1.0413856699418702,1.0673758341154127,0.8216032608695653,1.1344170053141607,0.09698006335283534,14
LKA,Sri Lanka,South Asia,11,1.0026888879122526,1,0.8216032608695653,1.1344170053141607,0.09908683234457816,14
LKA,Sri Lanka,South Asia,12,0.9972949635086865,1,0.8216032608695653,1.1344170053141607,0.10038864083910848,14
MAF,Saint Martin (French part),Caribbean,2,1,1,1,1,0,8
MAF,Saint Martin (French part),Caribbean,3,1,1,1,1,0,11
MAF,Saint Martin (French part),Caribbean,4,1,1,1,1,0,11
MAF,Saint Martin (French part),Caribbean,5,1,1,1,1,0,11
MAF,Saint Martin (French part),Caribbean,6,1,1,1,1,0,12
MAF,Saint Martin (French part),Caribbean,7,1,1,1,1,0,12
MAF,Saint Martin (French part),Caribbean,8,1,1,1,1,0,10
MAF,Saint Martin (French part),Caribbean,9,1,1,1,1,0,11
MAF,Saint Martin (French part),Caribbean,10,1,1,1,1,0,14
MAF,Saint Martin (French part),Caribbean,11,1,1,1,1,0,14
MAF,Saint Martin (French part),Caribbean,12,1,1,1,1,0,14
MDR,Autonomous Region of Madeira,"Europe, Middle East & North Africa",4,1,1,1,1,NA,1
MDV,Maldives,South Asia,1,1,1,1,1,NA,1
MDV,Maldives,South Asia,2,1.000713393971821,1,1,1.0064205457463884,0.0021401819154627977,9
MDV,Maldives,South Asia,3,1.0024241796623095,1,1,1.0138248847926268,0.004570898571458734,11
MDV,Maldives,South Asia,4,1,1,1,1,0,13
MDV,Maldives,South Asia,5,1,1,1,1,0,14
MDV,Maldives,South Asia,6,1,1,1,1,0,14
MDV,Maldives,South Asia,7,1,1,1,1,0,14
MDV,Maldives,South Asia,8,1,1,1,1,0,14
MDV,Maldives,South Asia,9,1,1,1,1,0,14
MDV,Maldives,South Asia,10,1,1,1,1,0,14
MDV,Maldives,South Asia,11,1,1,1,1,0,14
MDV,Maldives,South Asia,12,1,1,1,1,0,14
MEX,Mexico,North & Central America,1,1.3771974739716675,1.3771974739716675,1.3771974739716675,1.3771974739716675,NA,1
MEX,Mexico,North & Central America,2,1.467635274054735,1.003426914458943,0.988194610064393,3.8835940099833612,0.9959978772446525,15
MEX,Mexico,North & Central America,3,1.015580595554994,1,0.9904386279431099,1.1413398533007335,0.04350315034499294,13
MEX,Mexico,North & Central America,4,1.0087110007359616,0.999851829900726,0.9955257270693513,1.1413398533007335,0.03821142329101942,14
MEX,Mexico,North & Central America,5,0.9995235653935973,1,0.9968214397008414,1,9.328664958020261e-4,14
MEX,Mexico,North & Central America,6,0.9996848505065891,1,0.9984782956911741,1.0005932077710218,6.697326307831375e-4,14
MEX,Mexico,North & Central America,7,0.9998549350324627,1,0.999106555064422,1.0005932077710218,3.7767561319352455e-4,14
MEX,Mexico,North & Central America,8,0.9998113915074166,1,0.999106555064422,1,3.3955921400216215e-4,14
MEX,Mexico,North & Central America,9,0.9999253612405407,1,0.9992475191647463,1,2.1008571299163542e-4,14
MEX,Mexico,North & Central America,10,0.9999462513689105,1,0.9992475191647463,1,2.0110896254520213e-4,14
MEX,Mexico,North & Central America,11,1,1,1,1,0,14
MEX,Mexico,North & Central America,12,1,1,1,1,0,14
MLI,Mali,Sub-Saharan Africa,1,1,1,1,1,NA,1
MLI,Mali,Sub-Saharan Africa,2,1.2037184466260658,1,1,3.5189003436426116,0.6532173519467254,15
MLI,Mali,Sub-Saharan Africa,3,1.0061639605933217,1,1,1.0432551319648093,0.015102275551566556,13
MLI,Mali,Sub-Saharan Africa,4,1.0061793045664014,1,1,1.0432551319648093,0.015707518076595005,14
MLI,Mali,Sub-Saharan Africa,5,0.9969771828455478,1,0.9144254278728606,1.0432551319648093,0.0264081716757792,14
MLI,Mali,Sub-Saharan Africa,6,0.9901358504341341,1,0.9144254278728606,1.0432551319648093,0.03426023065566981,14
MLI,Mali,Sub-Saharan Africa,7,1.0142956938276533,1,0.9144254278728606,1.3061224489795917,0.08699295800843321,14
MLI,Mali,Sub-Saharan Africa,8,1.0397281726307224,1,0.9144254278728606,1.3061224489795917,0.12053034822114998,13
MLI,Mali,Sub-Saharan Africa,9,1.0269016697588127,1,0.9897959183673469,1.3061224489795917,0.09265763803232535,11
MLI,Mali,Sub-Saharan Africa,10,1.030612244897959,1,1,1.3061224489795917,0.09680441816841971,10
MLI,Mali,Sub-Saharan Africa,11,1,1,1,1,0,9
MLI,Mali,Sub-Saharan Africa,12,1,1,1,1,0,8
MMR,Myanmar,East & Southeast Asia,2,1.0015704750687082,1,1,1.0141342756183747,0.004711425206124887,9
MMR,Myanmar,East & Southeast Asia,3,1,1,1,1,0,13
MMR,Myanmar,East & Southeast Asia,4,1,1,1,1,0,14
MMR,Myanmar,East & Southeast Asia,5,1,1,1,1,0,14
MMR,Myanmar,East & Southeast Asia,6,1,1,1,1,0,14
MMR,Myanmar,East & Southeast Asia,7,1,1,1,1,0,14
MMR,Myanmar,East & Southeast Asia,8,1,1,1,1,0,13
MMR,Myanmar,East & Southeast Asia,9,1,1,1,1,0,11
MMR,Myanmar,East & Southeast Asia,10,1,1,1,1,0,10
MMR,Myanmar,East & Southeast Asia,11,1,1,1,1,0,9
MMR,Myanmar,East & Southeast Asia,12,1,1,1,1,0,8
MNP,Northern Mariana Islands (Commonwealth of the),Pacific Islands,2,1,1,1,1,0,3
MNP,Northern Mariana Islands (Commonwealth of the),Pacific Islands,3,1,1,1,1,NA,1
MNP,Northern Mariana Islands (Commonwealth of the),Pacific Islands,4,1,1,1,1,NA,1
MNP,Northern Mariana Islands (Commonwealth of the),Pacific Islands,5,1,1,1,1,NA,1
MNP,Northern Mariana Islands (Commonwealth of the),Pacific Islands,6,1,1,1,1,0,2
MNP,Northern Mariana Islands (Commonwealth of the),Pacific Islands,7,1,1,1,1,NA,1
MNP,Northern Mariana Islands (Commonwealth of the),Pacific Islands,8,1,1,1,1,NA,1
MNP,Northern Mariana Islands (Commonwealth of the),Pacific Islands,9,1,1,1,1,NA,1
MNP,Northern Mariana Islands (Commonwealth of the),Pacific Islands,10,1,1,1,1,0,3
MRT,Mauritania,Sub-Saharan Africa,1,1,1,1,1,NA,1
MRT,Mauritania,Sub-Saharan Africa,2,3.638402982628646,1,1,36.4375,9.114856661964723,15
MRT,Mauritania,Sub-Saharan Africa,3,1.2288930581613509,1,1,3.975609756097561,0.8252856577985117,13
MRT,Mauritania,Sub-Saharan Africa,4,1,1,1,1,0,14
MRT,Mauritania,Sub-Saharan Africa,5,1,1,1,1,0,14
MRT,Mauritania,Sub-Saharan Africa,6,1,1,1,1,0,14
MRT,Mauritania,Sub-Saharan Africa,7,1,1,1,1,0,14
MRT,Mauritania,Sub-Saharan Africa,8,1,1,1,1,0,14
MRT,Mauritania,Sub-Saharan Africa,9,1,1,1,1,0,14
MRT,Mauritania,Sub-Saharan Africa,10,1,1,1,1,0,14
MRT,Mauritania,Sub-Saharan Africa,11,1,1,1,1,0,14
MRT,Mauritania,Sub-Saharan Africa,12,1,1,1,1,0,14
MSR,Montserrat,Caribbean,3,1,1,1,1,0,2
MSR,Montserrat,Caribbean,4,1,1,1,1,0,2
MSR,Montserrat,Caribbean,5,1,1,1,1,0,2
MSR,Montserrat,Caribbean,6,1,1,1,1,0,2
MSR,Montserrat,Caribbean,7,1,1,1,1,0,6
MSR,Montserrat,Caribbean,8,1,1,1,1,0,3
MSR,Montserrat,Caribbean,9,1,1,1,1,0,3
MSR,Montserrat,Caribbean,10,1,1,1,1,0,4
MSR,Montserrat,Caribbean,11,1,1,1,1,0,5
MSR,Montserrat,Caribbean,12,1,1,1,1,0,3
MTQ,Martinique,Caribbean,2,3.1061469344608876,1.0284090909090908,1,10.95,4.140045709706362,10
MTQ,Martinique,Caribbean,3,1,1,1,1,0,12
MTQ,Martinique,Caribbean,4,1,1,1,1,0,13
MTQ,Martinique,Caribbean,5,1,1,1,1,0,12
MTQ,Martinique,Caribbean,6,1,1,1,1,0,13
MTQ,Martinique,Caribbean,7,1,1,1,1,0,13
MTQ,Martinique,Caribbean,8,1,1,1,1,0,13
MTQ,Martinique,Caribbean,9,1,1,1,1,0,11
MTQ,Martinique,Caribbean,10,1,1,1,1,0,14
MTQ,Martinique,Caribbean,11,1,1,1,1,0,14
MTQ,Martinique,Caribbean,12,1,1,1,1,0,14
MUS,Mauritius,Sub-Saharan Africa,1,1,1,1,1,NA,1
MUS,Mauritius,Sub-Saharan Africa,2,1.2338184031428097,1,1,3.3870967741935485,0.7163127536540196,11
MUS,Mauritius,Sub-Saharan Africa,3,1.238709677419355,1,1,3.3870967741935485,0.7548662801692261,10
MUS,Mauritius,Sub-Saharan Africa,4,1.1989247311827957,1,1,3.3870967741935485,0.6890954825811662,12
MUS,Mauritius,Sub-Saharan Africa,5,1.340622316271603,1,0.9945188794153471,3.3870967741935485,0.8670091024551945,14
MUS,Mauritius,Sub-Saharan Africa,6,0.9999654600718431,1,0.9995164410058027,1,1.2923657732708655e-4,14
MUS,Mauritius,Sub-Saharan Africa,7,1.000044132574253,1,1,1.000617856039543,1.6512897245132659e-4,14
MUS,Mauritius,Sub-Saharan Africa,8,0.9990842490842491,1,0.9871794871794872,1,0.003426426178364402,14
MUS,Mauritius,Sub-Saharan Africa,9,1.0064102564102564,1,1,1.0833333333333333,0.0231125081760512,13
MUS,Mauritius,Sub-Saharan Africa,10,1,1,1,1,0,11
MUS,Mauritius,Sub-Saharan Africa,11,1,1,1,1,0,10
MUS,Mauritius,Sub-Saharan Africa,12,1,1,1,1,0,9
MYS,Malaysia,East & Southeast Asia,1,1.7643395607997379,1.7643395607997379,1.7643395607997379,1.7643395607997379,NA,1
MYS,Malaysia,East & Southeast Asia,2,1.814417744285846,1.460314472992409,1,3.6001263423878713,1.0377262665259752,10
MYS,Malaysia,East & Southeast Asia,3,1,1,1,1,0,11
MYS,Malaysia,East & Southeast Asia,4,1,1,1,1,0,12
MYS,Malaysia,East & Southeast Asia,5,1,1,1,1,0,14
MYS,Malaysia,East & Southeast Asia,6,1,1,1,1,0,14
MYS,Malaysia,East & Southeast Asia,7,1,1,1,1,0,14
MYS,Malaysia,East & Southeast Asia,8,1,1,1,1,0,13
MYS,Malaysia,East & Southeast Asia,9,1,1,1,1,0,11
MYS,Malaysia,East & Southeast Asia,10,1,1,1,1,0,10
MYS,Malaysia,East & Southeast Asia,11,1,1,1,1,0,9
MYS,Malaysia,East & Southeast Asia,12,1,1,1,1,0,8
MYT,Mayotte,Sub-Saharan Africa,2,3.075,3.5,1.3,4,1.2737739202856997,4
MYT,Mayotte,Sub-Saharan Africa,3,1.01,1,1,1.05,0.022360679774997918,5
MYT,Mayotte,Sub-Saharan Africa,4,1,1,1,1,0,6
MYT,Mayotte,Sub-Saharan Africa,5,1,1,1,1,0,8
MYT,Mayotte,Sub-Saharan Africa,6,1,1,1,1,0,8
MYT,Mayotte,Sub-Saharan Africa,7,1,1,1,1,0,7
MYT,Mayotte,Sub-Saharan Africa,8,1,1,1,1,0,7
MYT,Mayotte,Sub-Saharan Africa,9,1,1,1,1,0,9
MYT,Mayotte,Sub-Saharan Africa,10,1,1,1,1,0,8
MYT,Mayotte,Sub-Saharan Africa,11,1,1,1,1,0,6
MYT,Mayotte,Sub-Saharan Africa,12,1,1,1,1,0,5
NCL,New Caledonia,Pacific Islands,1,1,1,1,1,NA,1
NCL,New Caledonia,Pacific Islands,4,1,1,1,1,NA,1
NCL,New Caledonia,Pacific Islands,5,1,1,1,1,0,3
NCL,New Caledonia,Pacific Islands,6,1,1,1,1,0,4
NCL,New Caledonia,Pacific Islands,7,1,1,1,1,0,5
NCL,New Caledonia,Pacific Islands,8,1,1,1,1,0,5
NCL,New Caledonia,Pacific Islands,9,1,1,1,1,0,5
NCL,New Caledonia,Pacific Islands,10,1,1,1,1,0,5
NCL,New Caledonia,Pacific Islands,11,1,1,1,1,0,5
NCL,New Caledonia,Pacific Islands,12,1,1,1,1,0,5
NER,Niger,Sub-Saharan Africa,3,1,1,1,1,0,2
NER,Niger,Sub-Saharan Africa,4,1,1,1,1,NA,1
NER,Niger,Sub-Saharan Africa,5,1.2380952380952381,1.2380952380952381,1,1.4761904761904763,0.336717514850737,2
NER,Niger,Sub-Saharan Africa,6,1,1,1,1,0,3
NER,Niger,Sub-Saharan Africa,7,1,1,1,1,0,6
NER,Niger,Sub-Saharan Africa,8,1,1,1,1,0,4
NER,Niger,Sub-Saharan Africa,9,1,1,1,1,0,3
NER,Niger,Sub-Saharan Africa,10,1,1,1,1,0,4
NER,Niger,Sub-Saharan Africa,11,1,1,1,1,0,4
NER,Niger,Sub-Saharan Africa,12,1,1,1,1,0,4
NIC,Nicaragua,North & Central America,2,1.1163079246911582,1,1,1.3489237740734747,0.2014512348879808,3
NIC,Nicaragua,North & Central America,3,1.069784754814695,1,1,1.3489237740734747,0.15604345555881366,5
NIC,Nicaragua,North & Central America,4,1.0387693082303862,1,1,1.3489237740734747,0.11630792469115825,9
NIC,Nicaragua,North & Central America,5,1.0634406861951773,1,1,1.3489237740734747,0.14114661629429523,11
NIC,Nicaragua,North & Central America,6,1,1,1,1,0,11
NIC,Nicaragua,North & Central America,7,0.962469000519061,1,0.5496280062287329,1,0.1300111959196548,12
NIC,Nicaragua,North & Central America,8,0.9356611437469619,1,0.5496280062287329,1,0.163546518343988,14
NIC,Nicaragua,North & Central America,9,0.9895673323092677,1,0.8539426523297491,1,0.03903546812878599,14
NIC,Nicaragua,North & Central America,10,0.9895673323092677,1,0.8539426523297491,1,0.039035468128786,14
NIC,Nicaragua,North & Central America,11,0.9895673323092677,1,0.8539426523297491,1,0.039035468128786,14
NIC,Nicaragua,North & Central America,12,0.9791346646185356,1,0.8539426523297491,1,0.053038756895169265,14
NPL,Nepal,South Asia,1,1.1370558375634519,1.1370558375634519,1.1370558375634519,1.1370558375634519,NA,1
NPL,Nepal,South Asia,2,1.306256756608495,1.1270583451921121,1,1.975,0.3638803620656308,14
NPL,Nepal,South Asia,3,1.3104638806198214,1.1260043827611395,1,1.9186046511627908,0.34607001240971136,13
NPL,Nepal,South Asia,4,1.3466061212718858,1.118067978533095,1,2.123853211009174,0.4081630785214083,14
NPL,Nepal,South Asia,5,1.4108973896627826,1.2576021692814254,1,2.123853211009174,0.447749697819738,14
NPL,Nepal,South Asia,6,1.4814892158598132,1.5260208166533227,1,2.3583815028901736,0.4780710450093618,14
NPL,Nepal,South Asia,7,1.5535979373623374,1.676392572944297,1,2.3583815028901736,0.5385609019861145,14
NPL,Nepal,South Asia,8,1.4788225848319938,1.3935018050541517,1,2.25414364640884,0.5112251363189494,14
NPL,Nepal,South Asia,9,1.3616316354847628,1,1,2.25414364640884,0.5122023396565482,14
NPL,Nepal,South Asia,10,1.2755114961464167,1,1,2.241758241758242,0.4648326833053005,14
NPL,Nepal,South Asia,11,1.2462916723321673,1,1,2.241758241758242,0.49342462542499094,14
NPL,Nepal,South Asia,12,1.1377952755905512,1,1,1.9645669291338583,0.3502694775681652,14
PAK,Pakistan,South Asia,2,1.465630266520746,1.0762296906298687,0.9349645846748229,3.977683315621679,0.9723031547510442,9
PAK,Pakistan,South Asia,3,1.1237060652356223,1,0.8825347758887172,1.6323497504881752,0.26154826206701687,12
PAK,Pakistan,South Asia,4,1.060257700669071,1,0.8825347758887172,1.3353549768105601,0.13979610524527947,14
PAK,Pakistan,South Asia,5,1.0152652902716741,1,0.8825347758887172,1.2233804914370812,0.10162476205487884,14
PAK,Pakistan,South Asia,6,0.9795286482441554,1,0.8825347758887172,1,0.0361422955649179,14
PAK,Pakistan,South Asia,7,0.9978793943054087,1,0.9349645846748229,1.0762296906298687,0.02884082743165971,14
PAK,Pakistan,South Asia,8,1.002499582653461,1,0.8825347758887172,1.0762296906298687,0.04414359397238492,14
PAK,Pakistan,South Asia,9,0.9785738668894469,1,0.8825347758887172,1,0.044201161206944756,14
PAK,Pakistan,South Asia,10,0.9907092263821176,1,0.9349645846748229,1,0.023616734372008653,14
PAK,Pakistan,South Asia,11,1,1,1,1,0,14
PAK,Pakistan,South Asia,12,1,1,1,1,0,14
PAN,Panama,North & Central America,1,2.2733188720173536,2.2733188720173536,2.2733188720173536,2.2733188720173536,NA,1
PAN,Panama,North & Central America,2,2.0177607127045634,1.232608695652174,0.8566775244299675,7.066465256797583,1.7618535269449613,15
PAN,Panama,North & Central America,3,0.9559812671597703,0.9630573248407643,0.8911882510013351,1,0.03233036773638323,13
PAN,Panama,North & Central America,4,0.9578580982459436,0.9648087301137893,0.8981380065717415,1,0.032866607926108876,14
PAN,Panama,North & Central America,5,0.9696888237828811,0.9749234582300627,0.9070796460176991,1,0.034681544062732404,14
PAN,Panama,North & Central America,6,0.9775710671892752,0.9910252728317059,0.9070796460176991,1.0446735395189004,0.03765611038755669,14
PAN,Panama,North & Central America,7,0.9644079310305497,0.9759036144578314,0.9111111111111111,1,0.03763188302377026,14
PAN,Panama,North & Central America,8,0.9714802856553635,0.9783950617283951,0.9234234234234234,1,0.031005900681665897,14
PAN,Panama,North & Central America,9,0.981368082672206,1,0.9289533995416348,1,0.02681961849786699,14
PAN,Panama,North & Central America,10,0.9881168613588152,1,0.9455676516329704,1,0.019930691271372092,14
PAN,Panama,North & Central America,11,0.9934383370285407,1,0.9681528662420382,1,0.013065507492200996,14
PAN,Panama,North & Central America,12,0.9977420420751184,1,0.98419429452582885,1,0.005739628875733433,14
PCN,Pitcairn Islands,Pacific Islands,2,1,1,1,1,NA,1
PER,Peru,South America,1,0.9029875797247399,0.9029875797247399,0.9029875797247399,0.9029875797247399,NA,1
PER,Peru,South America,2,0.6831607508826403,0.6406173444390005,0.47128987517337034,0.9425914047466325,0.14684741733009246,15
PER,Peru,South America,3,0.727068115278072,0.7239028547081381,0.6097670924117206,0.9861169189596053,0.09429539787694997,13
PER,Peru,South America,4,0.8394562170720087,0.8363480413897096,0.6097670924117206,1.0051670004202824,0.10874269996612866,14
PER,Peru,South America,5,0.8398088225074889,0.8745382563530903,0.6097670924117206,1.0043352065707405,0.15015218044918047,14
PER,Peru,South America,6,0.8923647056033336,0.9091358944123793,0.7157798165137614,1.0102817974105103,0.11374767963906626,14
PER,Peru,South America,7,0.9304375473414221,0.9373436718359179,0.7877889745109662,1.0286440677966102,0.08717405214619134,14
PER,Peru,South America,8,0.9472656128011122,0.9730223128268316,0.7475486381322958,1.0288184438040346,0.07574484327342566,14
PER,Peru,South America,9,0.9276153136666941,0.9503234765614753,0.7475486381322958,1.0282083862770013,0.08831626935650765,14
PER,Peru,South America,10,0.9313310391703246,0.9503234765614753,0.7475486381322958,1.0110787172011662,0.07437560213062548,14
PER,Peru,South America,11,0.9296973275014933,0.9658505154639175,0.7475486381322958,0.9895249104479742,0.0733046780100178,14
PER,Peru,South America,12,0.929988371081472,0.9811513190788375,0.7475486381322958,0.9895249104479742,0.07517356164948018,14
PLW,Palau,Pacific Islands,2,1,1,1,1,NA,1
PLW,Palau,Pacific Islands,3,1,1,1,1,0,2
PLW,Palau,Pacific Islands,4,1,1,1,1,NA,1
PLW,Palau,Pacific Islands,5,1,1,1,1,NA,1
PLW,Palau,Pacific Islands,6,1,1,1,1,0,2
PLW,Palau,Pacific Islands,7,1,1,1,1,0,5
PLW,Palau,Pacific Islands,8,1,1,1,1,0,4
PLW,Palau,Pacific Islands,9,1,1,1,1,0,3
PLW,Palau,Pacific Islands,10,1,1,1,1,0,3
PLW,Palau,Pacific Islands,11,1,1,1,1,0,6
PLW,Palau,Pacific Islands,12,1,1,1,1,0,3
PRI,Puerto Rico,Caribbean,1,3.5714285714285716,3.5714285714285716,3.5714285714285716,3.5714285714285716,NA,1
PRI,Puerto Rico,Caribbean,2,2.8411153330661194,1.5936794582392777,1.0150375939849625,6.906542056074766,2.175345355444166,13
PRI,Puerto Rico,Caribbean,3,1.11855247872847,1.0130208333333333,0.9957537154989384,2.185185185185185,0.32291145764506834,13
PRI,Puerto Rico,Caribbean,4,1.0045229903452009,1.002296014980643,0.9954887218045113,1.0246734397677795,0.008972614952530296,14
PRI,Puerto Rico,Caribbean,5,1.0026666509497402,1,0.9956521739130435,1.0217076700434153,0.006061172761986938,14
PRI,Puerto Rico,Caribbean,6,1.0020257610098633,1,0.9955947136563876,1.0217076700434153,0.006183151429747614,14
PRI,Puerto Rico,Caribbean,7,1.000025018573715,1,0.9955947136563876,1.005084745762712,0.002500360849042951,14
PRI,Puerto Rico,Caribbean,8,1.000291149068323,1,1,1.0040760869565217,0.0010893800621430316,14
PRI,Puerto Rico,Caribbean,9,1,1,1,1,0,14
PRI,Puerto Rico,Caribbean,10,1,1,1,1,0,14
PRI,Puerto Rico,Caribbean,11,1,1,1,1,0,14
PRI,Puerto Rico,Caribbean,12,1,1,1,1,0,14
PRY,Paraguay,South America,1,1.246328437917223,1.246328437917223,1.246328437917223,1.246328437917223,NA,1
PRY,Paraguay,South America,2,1.3111216718096268,1.0430048992923244,0.8763992537313433,2.2692702980472763,0.45553576983540367,15
PRY,Paraguay,South America,3,1.0371632489249678,1.0129526830557758,0.902217825047407,1.556712962962963,0.16194275983575315,13
PRY,Paraguay,South America,4,0.9994585908280053,1.0007515567962209,0.9507384882710687,1.0775988286969254,0.02961459990568143,14
PRY,Paraguay,South America,5,0.9981451483027028,1,0.9717851537077448,1.0134843581445523,0.010547430055148249,14
PRY,Paraguay,South America,6,0.9958444977836729,1,0.9692989155338323,1.005464480874317,0.01208304469033712,14
PRY,Paraguay,South America,7,0.9991233525984438,1,0.9923372734883853,1.0016475972540047,0.003165854259532924,14
PRY,Paraguay,South America,8,1.0002228869884588,1.000071509274753,1,1.0010829913360693,3.1590556106351884e-4,14
PRY,Paraguay,South America,9,1.0001696957506951,1,1,1.0009303523888586,3.284436145575632e-4,14
PRY,Paraguay,South America,10,1.0003836035043574,1,1,1.0044185496881326,0.0011768060855445862,14
PRY,Paraguay,South America,11,1.000154362883557,1,1,1.0021324803411968,5.693647464789054e-4,14
PRY,Paraguay,South America,12,1.0002122321849376,1,1,1.0014856252945636,5.394847988994694e-4,14
PYF,French Polynesia,Pacific Islands,1,0.5694915254237288,0.5694915254237288,0.5694915254237288,0.5694915254237288,NA,1
PYF,French Polynesia,Pacific Islands,2,1.215464448405625,1.1800000000000002,0.8080808080808081,1.7647058823529411,0.3470615194952229,6
PYF,French Polynesia,Pacific Islands,3,0.918906176331919,1,0.43234323432343236,1,0.21455409028906627,7
PYF,French Polynesia,Pacific Islands,4,0.9605009633911368,1,0.6445086705202312,1,0.1184971098265896,9
PYF,French Polynesia,Pacific Islands,5,1,1,1,1,0,9
PYF,French Polynesia,Pacific Islands,6,1,1,1,1,0,10
PYF,French Polynesia,Pacific Islands,7,1,1,1,1,0,11
PYF,French Polynesia,Pacific Islands,8,1,1,1,1,0,13
PYF,French Polynesia,Pacific Islands,9,1,1,1,1,0,11
PYF,French Polynesia,Pacific Islands,10,1,1,1,1,0,10
PYF,French Polynesia,Pacific Islands,11,1,1,1,1,0,9
PYF,French Polynesia,Pacific Islands,12,1,1,1,1,0,8
REU,Réunion,Sub-Saharan Africa,1,1.25,1.25,1.25,1.25,NA,1
REU,Réunion,Sub-Saharan Africa,2,1,1,1,1,0,3
REU,Réunion,Sub-Saharan Africa,3,1,1,1,1,0,4
REU,Réunion,Sub-Saharan Africa,4,1,1,1,1,0,7
REU,Réunion,Sub-Saharan Africa,5,1,1,1,1,0,5
REU,Réunion,Sub-Saharan Africa,6,1,1,1,1,0,6
REU,Réunion,Sub-Saharan Africa,7,1,1,1,1,0,8
REU,Réunion,Sub-Saharan Africa,8,1,1,1,1,0,8
REU,Réunion,Sub-Saharan Africa,9,1,1,1,1,0,7
REU,Réunion,Sub-Saharan Africa,10,1,1,1,1,0,7
REU,Réunion,Sub-Saharan Africa,11,1,1,1,1,0,9
REU,Réunion,Sub-Saharan Africa,12,1,1,1,1,0,8
SAU,Saudi Arabia,"Europe, Middle East & North Africa",4,1,1,1,1,NA,1
SAU,Saudi Arabia,"Europe, Middle East & North Africa",5,1,1,1,1,0,3
SAU,Saudi Arabia,"Europe, Middle East & North Africa",6,1,1,1,1,0,4
SAU,Saudi Arabia,"Europe, Middle East & North Africa",7,1,1,1,1,0,5
SAU,Saudi Arabia,"Europe, Middle East & North Africa",8,1,1,1,1,0,6
SAU,Saudi Arabia,"Europe, Middle East & North Africa",9,1,1,1,1,0,9
SAU,Saudi Arabia,"Europe, Middle East & North Africa",10,1,1,1,1,0,9
SAU,Saudi Arabia,"Europe, Middle East & North Africa",11,1,1,1,1,0,9
SAU,Saudi Arabia,"Europe, Middle East & North Africa",12,1,1,1,1,0,8
SDN,Sudan,"Europe, Middle East & North Africa",1,1.2601503759398496,1.2601503759398496,1.2601503759398496,1.2601503759398496,NA,1
SDN,Sudan,"Europe, Middle East & North Africa",2,46.346457927693834,1.083054391940388,0.9800319488817891,272,105.40316474467517,12
SDN,Sudan,"Europe, Middle East & North Africa",3,0.9986492040443851,1,0.8155430711610487,1.154494382022472,0.07364273678854208,12
SDN,Sudan,"Europe, Middle East & North Africa",4,1.0114618261655004,1,0.8125,1.154494382022472,0.10399146659837621,14
SDN,Sudan,"Europe, Middle East & North Africa",5,0.9630108534888823,1,0.8125,1.1997066731850403,0.11041911847607667,14
SDN,Sudan,"Europe, Middle East & North Africa",6,1.0338868553936158,1,0.8125,1.8372093023255813,0.25270756216144896,14
SDN,Sudan,"Europe, Middle East & North Africa",7,1.2311663801343358,1,1,2.8,0.5047800090201232,14
SDN,Sudan,"Europe, Middle East & North Africa",8,1.3079734219269104,1,1,2.8,0.5557317730921767,14
SDN,Sudan,"Europe, Middle East & North Africa",9,1.3857142857142857,1,1,2.8,0.766467564527376,14
SDN,Sudan,"Europe, Middle East & North Africa",10,1,1,1,1,0,14
SDN,Sudan,"Europe, Middle East & North Africa",11,1,1,1,1,0,14
SDN,Sudan,"Europe, Middle East & North Africa",12,1,1,1,1,0,14
SEN,Senegal,Sub-Saharan Africa,1,1,1,1,1,NA,1
SEN,Senegal,Sub-Saharan Africa,2,1.0412477666714954,1,0.8803418803418803,1.4615384615384615,0.1410302403567534,15
SEN,Senegal,Sub-Saharan Africa,3,1,1,1,1,0,13
SEN,Senegal,Sub-Saharan Africa,4,1,1,1,1,0,14
SEN,Senegal,Sub-Saharan Africa,5,1,1,1,1,0,14
SEN,Senegal,Sub-Saharan Africa,6,1,1,1,1,0,14
SEN,Senegal,Sub-Saharan Africa,7,1,1,1,1,0,14
SEN,Senegal,Sub-Saharan Africa,8,1,1,1,1,0,13
SEN,Senegal,Sub-Saharan Africa,9,1,1,1,1,0,11
SEN,Senegal,Sub-Saharan Africa,10,1,1,1,1,0,10
SEN,Senegal,Sub-Saharan Africa,11,1,1,1,1,0,9
SEN,Senegal,Sub-Saharan Africa,12,1,1,1,1,0,8
SGP,Singapore,East & Southeast Asia,1,1.3818181818181818,1.3818181818181818,1.3818181818181818,1.3818181818181818,NA,1
SGP,Singapore,East & Southeast Asia,2,1.089132455387237,1.001719690455718,0.9951456310679612,1.3692307692307693,0.1425385619029292,15
SGP,Singapore,East & Southeast Asia,3,1.0007241152160518,1,0.997946611909651,1.005540166204986,0.0017625703473148093,13
SGP,Singapore,East & Southeast Asia,4,1.000893516897507,1,1,1.0041095890410958,0.0014963554064001963,14
SGP,Singapore,East & Southeast Asia,5,1.0011481615775195,1,1,1.0043041606886658,0.0017785141945891626,14
SGP,Singapore,East & Southeast Asia,6,1.001453180613425,1,1,1.0051470588235294,0.002175268962557025,14
SGP,Singapore,East & Southeast Asia,7,1.0015395502683968,1,1,1.0051470588235294,0.002160251273164269,14
SGP,Singapore,East & Southeast Asia,8,1.0012347564446917,1,1,1.0051470588235294,0.0019270085626646822,13
SGP,Singapore,East & Southeast Asia,9,1.0009495990689994,1,1,1.0051470588235294,0.0018504082432292404,11
SGP,Singapore,East & Southeast Asia,10,1.0005298530935465,1,1,1.0039964476021315,0.0012849371552344905,10
SGP,Singapore,East & Southeast Asia,11,1.0001446759259258,1,1,1.0013020833333333,4.340277777777531e-4,9
SGP,Singapore,East & Southeast Asia,12,1,1,1,1,0,8
SLB,Solomon Islands,Pacific Islands,1,1.7647058823529411,1.7647058823529411,1.7647058823529411,1.7647058823529411,NA,1
SLB,Solomon Islands,Pacific Islands,2,1.066022544283414,1,1,1.2222222222222223,0.10341625077261521,6
SLB,Solomon Islands,Pacific Islands,3,1,1,1,1,0,7
SLB,Solomon Islands,Pacific Islands,4,1,1,1,1,0,9
SLB,Solomon Islands,Pacific Islands,5,1,1,1,1,0,9
SLB,Solomon Islands,Pacific Islands,6,1,1,1,1,0,10
SLB,Solomon Islands,Pacific Islands,7,1,1,1,1,0,11
SLB,Solomon Islands,Pacific Islands,8,1,1,1,1,0,13
SLB,Solomon Islands,Pacific Islands,9,1,1,1,1,0,11
SLB,Solomon Islands,Pacific Islands,10,1,1,1,1,0,10
SLB,Solomon Islands,Pacific Islands,11,1,1,1,1,0,9
SLB,Solomon Islands,Pacific Islands,12,1,1,1,1,0,8
SLE,Sierra Leone,Sub-Saharan Africa,2,1,1,1,1,0,2
SLE,Sierra Leone,Sub-Saharan Africa,3,1,1,1,1,NA,1
SLE,Sierra Leone,Sub-Saharan Africa,4,1,1,1,1,NA,1
SLE,Sierra Leone,Sub-Saharan Africa,5,1,1,1,1,NA,1
SLE,Sierra Leone,Sub-Saharan Africa,6,1,1,1,1,0,3
SLV,El Salvador,North & Central America,1,1.2460732984293195,1.2460732984293195,1.2460732984293195,1.2460732984293195,NA,1
SLV,El Salvador,North & Central America,2,1.3281483804888061,1,1,2.697872340425532,0.6142072682100734,15
SLV,El Salvador,North & Central America,3,1,1,1,1,0,13
SLV,El Salvador,North & Central America,4,1,1,1,1,0,14
SLV,El Salvador,North & Central America,5,1,1,1,1,0,14
SLV,El Salvador,North & Central America,6,1,1,1,1,0,14
SLV,El Salvador,North & Central America,7,1,1,1,1,0,14
SLV,El Salvador,North & Central America,8,1,1,1,1,0,14
SLV,El Salvador,North & Central America,9,1,1,1,1,0,14
SLV,El Salvador,North & Central America,10,1,1,1,1,0,14
SLV,El Salvador,North & Central America,11,1,1,1,1,0,14
SLV,El Salvador,North & Central America,12,1,1,1,1,0,14
STP,Sao Tome and Principe,Sub-Saharan Africa,2,1,1,1,1,NA,1
STP,Sao Tome and Principe,Sub-Saharan Africa,3,1,1,1,1,0,3
STP,Sao Tome and Principe,Sub-Saharan Africa,4,1,1,1,1,0,4
STP,Sao Tome and Principe,Sub-Saharan Africa,5,1,1,1,1,0,5
STP,Sao Tome and Principe,Sub-Saharan Africa,6,1,1,1,1,0,5
STP,Sao Tome and Principe,Sub-Saharan Africa,7,1,1,1,1,0,6
STP,Sao Tome and Principe,Sub-Saharan Africa,8,1,1,1,1,0,8
STP,Sao Tome and Principe,Sub-Saharan Africa,9,1,1,1,1,0,9
STP,Sao Tome and Principe,Sub-Saharan Africa,10,1,1,1,1,0,10
STP,Sao Tome and Principe,Sub-Saharan Africa,11,1,1,1,1,0,12
STP,Sao Tome and Principe,Sub-Saharan Africa,12,1,1,1,1,0,13
SUR,Suriname,South America,3,1,1,1,1,NA,1
SUR,Suriname,South America,4,1,1,1,1,0,3
SUR,Suriname,South America,5,1,1,1,1,0,4
SUR,Suriname,South America,6,1,1,1,1,0,5
SUR,Suriname,South America,7,1,1,1,1,0,6
SUR,Suriname,South America,8,1,1,1,1,0,8
SUR,Suriname,South America,9,1,1,1,1,0,9
SUR,Suriname,South America,10,1,1,1,1,0,10
SUR,Suriname,South America,11,1,1,1,1,0,11
SUR,Suriname,South America,12,1,1,1,1,0,14
SXM,Sint Maarten (Dutch part),Caribbean,3,1,1,1,1,NA,1
SXM,Sint Maarten (Dutch part),Caribbean,4,1,1,1,1,NA,1
SXM,Sint Maarten (Dutch part),Caribbean,5,1,1,1,1,0,3
SXM,Sint Maarten (Dutch part),Caribbean,6,1,1,1,1,0,6
SXM,Sint Maarten (Dutch part),Caribbean,7,1,1,1,1,0,6
SXM,Sint Maarten (Dutch part),Caribbean,8,1,1,1,1,0,8
SXM,Sint Maarten (Dutch part),Caribbean,9,1,1,1,1,0,4
SXM,Sint Maarten (Dutch part),Caribbean,10,1,1,1,1,0,7
SXM,Sint Maarten (Dutch part),Caribbean,11,1,1,1,1,0,5
SXM,Sint Maarten (Dutch part),Caribbean,12,1,1,1,1,0,6
SYC,Seychelles,Sub-Saharan Africa,1,1,1,1,1,NA,1
SYC,Seychelles,Sub-Saharan Africa,2,1,1,1,1,0,3
SYC,Seychelles,Sub-Saharan Africa,3,1,1,1,1,0,4
SYC,Seychelles,Sub-Saharan Africa,4,3.5220588235294117,1,1,21.176470588235293,7.133459586676054,8
SYC,Seychelles,Sub-Saharan Africa,5,2.7142857142857144,1,1,11.285714285714286,4.199125273342592,6
SYC,Seychelles,Sub-Saharan Africa,6,3.4852941176470593,1,1,20.88235294117647,7.029473295325089,8
SYC,Seychelles,Sub-Saharan Africa,7,5.851851851851851,1,1,44.666666666666664,14.555555555555552,9
SYC,Seychelles,Sub-Saharan Africa,8,1,1,1,1,0,9
SYC,Seychelles,Sub-Saharan Africa,9,1,1,1,1,0,10
SYC,Seychelles,Sub-Saharan Africa,10,1,1,1,1,0,13
SYC,Seychelles,Sub-Saharan Africa,11,1,1,1,1,0,13
SYC,Seychelles,Sub-Saharan Africa,12,1,1,1,1,0,13
TCA,Turks and Caicos Islands,Caribbean,3,1,1,1,1,0,3
TCA,Turks and Caicos Islands,Caribbean,4,1,1,1,1,0,5
TCA,Turks and Caicos Islands,Caribbean,5,1,1,1,1,0,4
TCA,Turks and Caicos Islands,Caribbean,6,1,1,1,1,0,6
TCA,Turks and Caicos Islands,Caribbean,7,1,1,1,1,0,5
TCA,Turks and Caicos Islands,Caribbean,8,1,1,1,1,0,9
TCA,Turks and Caicos Islands,Caribbean,9,1,1,1,1,0,5
TCA,Turks and Caicos Islands,Caribbean,10,1,1,1,1,0,10
TCA,Turks and Caicos Islands,Caribbean,11,1,1,1,1,0,7
TCA,Turks and Caicos Islands,Caribbean,12,1,1,1,1,0,11
TCD,Chad,Sub-Saharan Africa,2,1,1,1,1,NA,1
TCD,Chad,Sub-Saharan Africa,3,1,1,1,1,NA,1
TCD,Chad,Sub-Saharan Africa,4,1,1,1,1,0,3
TGO,Togo,Sub-Saharan Africa,8,1,1,1,1,NA,1
TGO,Togo,Sub-Saharan Africa,9,1,1,1,1,0,3
TGO,Togo,Sub-Saharan Africa,10,1,1,1,1,0,4
TGO,Togo,Sub-Saharan Africa,11,1,1,1,1,0,5
TGO,Togo,Sub-Saharan Africa,12,1,1,1,1,0,5
THA,Thailand,East & Southeast Asia,1,1,1,1,1,NA,1
THA,Thailand,East & Southeast Asia,2,1,1,1,1,0,15
THA,Thailand,East & Southeast Asia,3,1,1,1,1,0,13
THA,Thailand,East & Southeast Asia,4,1,1,1,1,0,14
THA,Thailand,East & Southeast Asia,5,1,1,1,1,0,14
THA,Thailand,East & Southeast Asia,6,1,1,1,1,0,14
THA,Thailand,East & Southeast Asia,7,1,1,1,1,0,14
THA,Thailand,East & Southeast Asia,8,1,1,1,1,0,14
THA,Thailand,East & Southeast Asia,9,1,1,1,1,0,14
THA,Thailand,East & Southeast Asia,10,1,1,1,1,0,14
THA,Thailand,East & Southeast Asia,11,1,1,1,1,0,14
THA,Thailand,East & Southeast Asia,12,1,1,1,1,0,14
TKL,Tokelau,Pacific Islands,6,1,1,1,1,NA,1
TKL,Tokelau,Pacific Islands,7,1,1,1,1,0,3
TKL,Tokelau,Pacific Islands,8,1,1,1,1,0,3
TKL,Tokelau,Pacific Islands,9,1,1,1,1,0,2
TKL,Tokelau,Pacific Islands,10,1,1,1,1,0,2
TKL,Tokelau,Pacific Islands,11,1,1,1,1,0,3
TKL,Tokelau,Pacific Islands,12,1,1,1,1,0,3
TON,Tonga,Pacific Islands,1,1,1,1,1,NA,1
TON,Tonga,Pacific Islands,2,1,1,1,1,0,4
TON,Tonga,Pacific Islands,3,1,1,1,1,0,5
TON,Tonga,Pacific Islands,4,1,1,1,1,0,4
TON,Tonga,Pacific Islands,5,1,1,1,1,0,3
TON,Tonga,Pacific Islands,6,1,1,1,1,0,4
TON,Tonga,Pacific Islands,7,1,1,1,1,0,4
TON,Tonga,Pacific Islands,8,1,1,1,1,0,4
TON,Tonga,Pacific Islands,9,1,1,1,1,0,3
TON,Tonga,Pacific Islands,10,1,1,1,1,0,5
TON,Tonga,Pacific Islands,11,1,1,1,1,0,4
TON,Tonga,Pacific Islands,12,1,1,1,1,0,3
TTO,Trinidad and Tobago,Caribbean,2,1,1,1,1,0,5
TTO,Trinidad and Tobago,Caribbean,3,1,1,1,1,0,9
TTO,Trinidad and Tobago,Caribbean,4,1,1,1,1,0,9
TTO,Trinidad and Tobago,Caribbean,5,1,1,1,1,0,8
TTO,Trinidad and Tobago,Caribbean,6,1,1,1,1,0,10
TTO,Trinidad and Tobago,Caribbean,7,1,1,1,1,0,10
TTO,Trinidad and Tobago,Caribbean,8,1,1,1,1,0,11
TTO,Trinidad and Tobago,Caribbean,9,1,1,1,1,0,9
TTO,Trinidad and Tobago,Caribbean,10,1,1,1,1,0,7
TTO,Trinidad and Tobago,Caribbean,11,1,1,1,1,0,7
TTO,Trinidad and Tobago,Caribbean,12,1,1,1,1,0,9
TUV,Tuvalu,Pacific Islands,3,1,1,1,1,NA,1
TUV,Tuvalu,Pacific Islands,4,1,1,1,1,0,2
TUV,Tuvalu,Pacific Islands,5,1,1,1,1,NA,1
TUV,Tuvalu,Pacific Islands,6,1,1,1,1,NA,1
TUV,Tuvalu,Pacific Islands,7,1,1,1,1,NA,1
TUV,Tuvalu,Pacific Islands,8,1,1,1,1,0,2
TUV,Tuvalu,Pacific Islands,9,1,1,1,1,NA,1
TUV,Tuvalu,Pacific Islands,10,1,1,1,1,NA,1
TUV,Tuvalu,Pacific Islands,11,1,1,1,1,NA,1
TUV,Tuvalu,Pacific Islands,12,1,1,1,1,0,3
TZA,United Republic of Tanzania,Sub-Saharan Africa,1,1,1,1,1,NA,1
TZA,United Republic of Tanzania,Sub-Saharan Africa,2,1,1,1,1,0,3
TZA,United Republic of Tanzania,Sub-Saharan Africa,3,1,1,1,1,0,4
TZA,United Republic of Tanzania,Sub-Saharan Africa,4,1,1,1,1,0,4
TZA,United Republic of Tanzania,Sub-Saharan Africa,5,1,1,1,1,0,2
TZA,United Republic of Tanzania,Sub-Saharan Africa,6,1,1,1,1,0,4
TZA,United Republic of Tanzania,Sub-Saharan Africa,7,1,1,1,1,NA,1
TZA,United Republic of Tanzania,Sub-Saharan Africa,8,1,1,1,1,0,3
TZA,United Republic of Tanzania,Sub-Saharan Africa,11,1,1,1,1,NA,1
TZA,United Republic of Tanzania,Sub-Saharan Africa,12,1,1,1,1,0,2
URY,Uruguay,South America,1,1,1,1,1,NA,1
URY,Uruguay,South America,2,1,1,1,1,NA,1
URY,Uruguay,South America,3,0.373015873015873,0.373015873015873,0.373015873015873,0.373015873015873,NA,1
URY,Uruguay,South America,4,0.8161375661375662,0.373015873015873,0.373015873015873,1.7023809523809523,0.7675092864227168,3
URY,Uruguay,South America,5,1.5198355233753464,1.7023809523809523,0.2727272727272727,3.5486725663716814,1.3279024544013875,5
URY,Uruguay,South America,6,2.293185489535047,2.6255267593763167,0.373015873015873,3.5486725663716814,1.547966080327435,4
URY,Uruguay,South America,7,1.874689797256169,1.7023809523809523,0.373015873015873,3.5486725663716814,1.5948249471432783,3
URY,Uruguay,South America,8,1.399417052956876,1,0.373015873015873,3.5486725663716814,1.3207591692715503,5
URY,Uruguay,South America,9,1.4752071920213512,1,0.373015873015873,3.5486725663716814,1.0242693186819474,7
URY,Uruguay,South America,10,1.6465927447675235,1,0.373015873015873,3.5486725663716814,1.2266827729531873,8
URY,Uruguay,South America,11,1.3280086739710633,1,0.373015873015873,3.5486725663716814,0.9652137014843022,8
URY,Uruguay,South America,12,1.1245546488909322,1,0.373015873015873,3.5486725663716814,0.8943011614187668,11
USA,United States of America,North & Central America,1,1.4615384615384615,1.4615384615384615,1.4615384615384615,1.4615384615384615,NA,1
USA,United States of America,North & Central America,2,1.4415137855908646,1,1,3.5972222222222223,0.910510071195913,15
USA,United States of America,North & Central America,3,1,1,1,1,0,13
USA,United States of America,North & Central America,4,1,1,1,1,0,14
USA,United States of America,North & Central America,5,1,1,1,1,0,14
USA,United States of America,North & Central America,6,1,1,1,1,0,14
USA,United States of America,North & Central America,7,1,1,1,1,0,14
USA,United States of America,North & Central America,8,1,1,1,1,0,14
USA,United States of America,North & Central America,9,1,1,1,1,0,13
USA,United States of America,North & Central America,10,1,1,1,1,0,11
USA,United States of America,North & Central America,11,1,1,1,1,0,10
USA,United States of America,North & Central America,12,1,1,1,1,0,9
VCT,Saint Vincent and the Grenadines,Caribbean,2,1,1,1,1,0,2
VCT,Saint Vincent and the Grenadines,Caribbean,3,1,1,1,1,0,9
VCT,Saint Vincent and the Grenadines,Caribbean,4,1,1,1,1,0,9
VCT,Saint Vincent and the Grenadines,Caribbean,5,1,1,1,1,0,11
VCT,Saint Vincent and the Grenadines,Caribbean,6,1,1,1,1,0,9
VCT,Saint Vincent and the Grenadines,Caribbean,7,1,1,1,1,0,10
VCT,Saint Vincent and the Grenadines,Caribbean,8,1,1,1,1,0,10
VCT,Saint Vincent and the Grenadines,Caribbean,9,1,1,1,1,0,9
VCT,Saint Vincent and the Grenadines,Caribbean,10,1,1,1,1,0,8
VCT,Saint Vincent and the Grenadines,Caribbean,11,1,1,1,1,0,7
VCT,Saint Vincent and the Grenadines,Caribbean,12,1,1,1,1,0,7
VGB,British Virgin Islands,Caribbean,2,1.2222222222222223,1.2222222222222223,1.2222222222222223,1.2222222222222223,NA,1
VGB,British Virgin Islands,Caribbean,3,0.9746031746031746,1,0.8,1.2222222222222223,0.1442611780000224,7
VGB,British Virgin Islands,Caribbean,4,1.0740740740740742,1,1,1.2222222222222223,0.11111111111111116,9
VGB,British Virgin Islands,Caribbean,5,1,1,1,1,0,8
VGB,British Virgin Islands,Caribbean,6,1,1,1,1,0,9
VGB,British Virgin Islands,Caribbean,7,1,1,1,1,0,8
VGB,British Virgin Islands,Caribbean,8,1,1,1,1,0,5
VGB,British Virgin Islands,Caribbean,9,1,1,1,1,0,9
VGB,British Virgin Islands,Caribbean,10,1,1,1,1,0,6
VGB,British Virgin Islands,Caribbean,11,1,1,1,1,0,5
VGB,British Virgin Islands,Caribbean,12,1,1,1,1,0,3
VIR,United States Virgin Islands,Caribbean,2,1.804295051353875,1,1,6.666666666666667,1.9768713163847236,15
VIR,United States Virgin Islands,Caribbean,3,1,1,1,1,0,13
VIR,United States Virgin Islands,Caribbean,4,1,1,1,1,0,13
VIR,United States Virgin Islands,Caribbean,5,1,1,1,1,0,11
VIR,United States Virgin Islands,Caribbean,6,1,1,1,1,0,10
VIR,United States Virgin Islands,Caribbean,7,1,1,1,1,0,9
VIR,United States Virgin Islands,Caribbean,8,1,1,1,1,0,8
VIR,United States Virgin Islands,Caribbean,9,1,1,1,1,0,6
VIR,United States Virgin Islands,Caribbean,10,1,1,1,1,0,5
VIR,United States Virgin Islands,Caribbean,11,1,1,1,1,0,4
VIR,United States Virgin Islands,Caribbean,12,1,1,1,1,0,3
VNM,Viet Nam,East & Southeast Asia,2,1.421406703107745,1,0.7635455023671752,5.440871369294606,1.2416077108219474,13
VNM,Viet Nam,East & Southeast Asia,3,0.9960439670167714,1,0.9226033421284081,1.2462203023758098,0.08130390540693934,13
VNM,Viet Nam,East & Southeast Asia,4,1.0038024717772138,1,0.9434419606786965,1.0581978236948282,0.03554423477684143,14
VNM,Viet Nam,East & Southeast Asia,5,1.0046170205118234,1,0.9917572124391157,1.0811238622872972,0.022220108405647962,14
VNM,Viet Nam,East & Southeast Asia,6,1.0295030865708164,1,1,1.2507954874168354,0.07009580747508455,14
VNM,Viet Nam,East & Southeast Asia,7,1.0450842433160235,1,1,1.2507954874168354,0.093699055361844,14
VNM,Viet Nam,East & Southeast Asia,8,1.0199366817831779,1,1,1.1295884315906564,0.048664837200868484,13
VNM,Viet Nam,East & Southeast Asia,9,1,1,1,1,0,11
VNM,Viet Nam,East & Southeast Asia,10,1,1,1,1,0,10
VNM,Viet Nam,East & Southeast Asia,11,1,1,1,1,0,9
VNM,Viet Nam,East & Southeast Asia,12,1,1,1,1,0,8
VUT,Vanuatu,Pacific Islands,2,1,1,1,1,0,5
VUT,Vanuatu,Pacific Islands,3,1,1,1,1,0,7
VUT,Vanuatu,Pacific Islands,4,1,1,1,1,0,9
VUT,Vanuatu,Pacific Islands,5,1,1,1,1,0,9
VUT,Vanuatu,Pacific Islands,6,1,1,1,1,0,10
VUT,Vanuatu,Pacific Islands,7,1,1,1,1,0,11
VUT,Vanuatu,Pacific Islands,8,1,1,1,1,0,13
VUT,Vanuatu,Pacific Islands,9,1,1,1,1,0,11
VUT,Vanuatu,Pacific Islands,10,1,1,1,1,0,10
VUT,Vanuatu,Pacific Islands,11,1,1,1,1,0,9
VUT,Vanuatu,Pacific Islands,12,1,1,1,1,0,8
WLF,Wallis and Futuna,Pacific Islands,1,1,1,1,1,NA,1
WLF,Wallis and Futuna,Pacific Islands,2,1.1,1,1,1.5,0.22360679774997896,5
WLF,Wallis and Futuna,Pacific Islands,3,1,1,1,1,0,6
WLF,Wallis and Futuna,Pacific Islands,4,1,1,1,1,0,7
WLF,Wallis and Futuna,Pacific Islands,5,1,1,1,1,0,8
WLF,Wallis and Futuna,Pacific Islands,6,1,1,1,1,0,9
WLF,Wallis and Futuna,Pacific Islands,7,1,1,1,1,0,10
WLF,Wallis and Futuna,Pacific Islands,8,1,1,1,1,0,10
WLF,Wallis and Futuna,Pacific Islands,9,1,1,1,1,0,11
WLF,Wallis and Futuna,Pacific Islands,10,1,1,1,1,0,10
WLF,Wallis and Futuna,Pacific Islands,11,1,1,1,1,0,9
WLF,Wallis and Futuna,Pacific Islands,12,1,1,1,1,0,8
WSM,Samoa,Pacific Islands,1,0.5633802816901409,0.5633802816901409,0.5633802816901409,0.5633802816901409,NA,1
WSM,Samoa,Pacific Islands,2,1.2,1.2,1,1.4,0.23094010767585024,4
WSM,Samoa,Pacific Islands,3,1,1,1,1,0,6
WSM,Samoa,Pacific Islands,4,1,1,1,1,0,7
WSM,Samoa,Pacific Islands,5,1,1,1,1,0,8
WSM,Samoa,Pacific Islands,6,1,1,1,1,0,9
WSM,Samoa,Pacific Islands,7,1,1,1,1,0,10
WSM,Samoa,Pacific Islands,8,1,1,1,1,0,10
WSM,Samoa,Pacific Islands,9,1,1,1,1,0,11
WSM,Samoa,Pacific Islands,10,1,1,1,1,0,10
WSM,Samoa,Pacific Islands,11,1,1,1,1,0,9
WSM,Samoa,Pacific Islands,12,1,1,1,1,0,8
