"","country","d","mean_ratio","mean_RMSE","rf"
"1","Antigua and Barbuda",0,NA,11792.4232005494,NA
"2","Antigua and Barbuda",1,0.0833333333333333,11775.2837357405,12
"3","Antigua and Barbuda",2,0.0833333333333333,11800.1331219494,12
"4","Antigua and Barbuda",3,0.0833333333333333,11775.2837357405,12
"5","Antigua and Barbuda",4,0.0833333333333333,11775.2837357405,12
"6","Antigua and Barbuda",5,0.0833333333333333,11775.2837357405,12
"7","Antigua and Barbuda",6,0.0833333333333333,11776.8493253099,12
"8","Antigua and Barbuda",7,NA,11776.8493253099,NA
"9","Antigua and Barbuda",8,NA,11825.3210644546,NA
"10","Antigua and Barbuda",9,NA,11792.4232005494,NA
"11","Antigua and Barbuda",10,NA,11792.4232005494,NA
"12","Antigua and Barbuda",11,NA,11789.6381459055,NA
"13","Antigua and Barbuda",12,NA,11754.8167166077,NA
"14","Antigua and Barbuda",13,NA,11825.3210644546,NA
"15","Antigua and Barbuda",14,NA,11825.3210644546,NA
"16","Antigua and Barbuda",15,NA,11774.146609491,NA
"17","Antigua and Barbuda",16,NA,11764.1503469419,NA
"18","Antigua and Barbuda",17,NA,11764.1503469419,NA
"19","Antigua and Barbuda",18,NA,11825.3210644546,NA
"20","Antigua and Barbuda",19,NA,11825.3210644546,NA
"21","Antigua and Barbuda",20,NA,11825.3210644546,NA
"22","Antigua and Barbuda",21,NA,11825.3210644546,NA
"23","Antigua and Barbuda",22,NA,11710.1785407864,NA
"24","Antigua and Barbuda",23,NA,11710.1785407864,NA
"25","Antigua and Barbuda",24,NA,11611.2235531601,NA
"26","Antigua and Barbuda",25,NA,11049.7732381389,NA
"27","Argentina",0,0.757283726867759,11800.1331219494,1.32050903052698
"28","Argentina",1,0.829837078401604,11788.3902155824,1.20505581881947
"29","Argentina",2,0.839311759993276,11825.3210644546,1.19145238714159
"30","Argentina",3,0.741667961105306,11809.4393370521,1.34831225351801
"31","Argentina",4,0.753409129035465,11809.4393370521,1.32730008366135
"32","Argentina",5,0.805688455506745,11809.4393370521,1.24117454230003
"33","Argentina",6,0.81442197849662,11809.4619895439,1.22786470208718
"34","Argentina",7,0.83717147092706,11809.4619895439,1.19449842084636
"35","Argentina",8,0.851492974238876,11795.492301904,1.17440781104961
"36","Argentina",9,0.84655737704918,11825.3210644546,1.18125484120837
"37","Argentina",10,0.84016393442623,11806.1306438432,1.19024390243902
"38","Argentina",11,0.83337709919846,11786.1614158957,1.19993698046394
"39","Argentina",12,0.826725548639724,11805.8576543369,1.20959126235469
"40","Argentina",13,0.826725548639724,11805.8576543369,1.20959126235469
"41","Argentina",14,0.808196721311475,11825.3210644546,1.23732251521298
"42","Argentina",15,0.797961604831751,11801.080533156,1.25319312852258
"43","Argentina",16,0.786885245901639,11775.2837357405,1.27083333333333
"44","Argentina",17,1,11775.2837357405,1
"45","Argentina",18,1,11800.1331219494,1
"46","Argentina",19,1,11825.3210644546,1
"47","Argentina",20,1,11825.3210644546,1
"48","Argentina",21,1,11825.3210644546,1
"49","Argentina",22,1,11788.3902155824,1
"50","Argentina",23,1,11756.0386093119,1
"51","Argentina",24,1,11756.0386093119,1
"52","Argentina",25,1,11710.1785407864,1
"53","Argentina",26,1,11825.3210644546,1
"54","Argentina",27,1,11712.7370748478,1
"55","Aruba",0,0.779555021355174,11786.1614158957,1.28278309113012
"56","Aruba",1,0.793200212172544,11793.1542102812,1.26071574950924
"57","Aruba",2,0.82563003775125,11809.4619895439,1.21119624320316
"58","Aruba",3,0.832392245435724,11793.1542102812,1.20135669869983
"59","Aruba",4,0.887722805264035,11809.4393370521,1.12647776318259
"60","Aruba",5,0.931055305680493,11809.4393370521,1.07405005255742
"61","Aruba",6,0.975148308481642,11809.4619895439,1.02548503781651
"62","Aruba",7,0.962962962962963,11809.4619895439,1.03846153846154
"63","Aruba",8,0.974521774521774,11795.492301904,1.02614433678583
"64","Aruba",9,1,11825.3210644546,1
"65","Aruba",10,1,11806.1306438432,1
"66","Aruba",11,1,11786.1614158957,1
"67","Aruba",12,1,11805.8576543369,1
"68","Aruba",13,1,11788.3902155824,1
"69","Aruba",14,1,11825.3210644546,1
"70","Aruba",15,1,11801.080533156,1
"71","Aruba",16,1,11775.2837357405,1
"72","Aruba",17,1,11800.1331219494,1
"73","Aruba",18,1,11776.8493253099,1
"74","Aruba",19,1,11825.3210644546,1
"75","Aruba",20,1,11792.4232005494,1
"76","Aruba",21,1,11792.4232005494,1
"77","Aruba",22,1,11789.6381459055,1
"78","Aruba",23,1,11754.8167166077,1
"79","Aruba",24,1,11825.3210644546,1
"80","Aruba",25,1,11825.3210644546,1
"81","Aruba",26,1,11825.3210644546,1
"82","Aruba",27,1,11611.2235531601,1
"83","Aruba",28,NA,11049.7732381389,NA
"84","Barbados",0,0.0740396469095816,11786.1614158957,13.5062772681941
"85","Barbados",1,0.0724882760230007,11793.1542102812,13.7953342921647
"86","Barbados",2,0.0741148813381063,11809.4619895439,13.4925669709714
"87","Barbados",3,0.136368659592217,11793.1542102812,7.3330632052137
"88","Barbados",4,0.164561435745675,11809.4393370521,6.07675787142179
"89","Barbados",5,0.196330886335696,11809.4393370521,5.09344208985106
"90","Barbados",6,0.20954784312453,11809.4619895439,4.77217987591368
"91","Barbados",7,0.211231771242665,11809.4619895439,4.73413631915812
"92","Barbados",8,0.218335331623766,11795.492301904,4.58011075240536
"93","Barbados",9,0.227779087209728,11825.3210644546,4.39021866427645
"94","Barbados",10,0.234593162385655,11806.1306438432,4.26269883499874
"95","Barbados",11,0.248490702019365,11786.1614158957,4.02429544394811
"96","Barbados",12,0.255369886227947,11805.8576543369,3.91588849715579
"97","Barbados",13,0.26431438931478,11788.3902155824,3.78337328736602
"98","Barbados",14,0.27362128812217,11825.3210644546,3.65468639835329
"99","Barbados",15,0.286836479528214,11801.080533156,3.48630690784098
"100","Barbados",16,0.296702278446942,11775.2837357405,3.37038193718767
"101","Barbados",17,0.307471103011612,11800.1331219494,3.25233815537531
"102","Barbados",18,0.324575309819845,11776.8493253099,3.08094907328301
"103","Barbados",19,0.340423648526738,11825.3210644546,2.93751625166974
"104","Barbados",20,0.357292783028924,11792.4232005494,2.79882507427822
"105","Barbados",21,0.365080806361222,11792.4232005494,2.73911962112456
"106","Barbados",22,0.402609154939607,11789.6381459055,2.48379846243189
"107","Barbados",23,0.431742512184688,11754.8167166077,2.31619535203943
"108","Barbados",24,0.466825318145329,11825.3210644546,2.1421288887521
"109","Barbados",25,0.471443422576153,11825.3210644546,2.12114529997175
"110","Barbados",26,0.469562173057379,11825.3210644546,2.12964343675487
"111","Barbados",27,0.563430504945341,11611.2235531601,1.77484177946136
"112","Barbados",28,NA,11049.7732381389,NA
"113","Belize",0,0.046611774495341,11825.3210644546,21.4538067007072
"114","Belize",1,0.04679237177392,11825.3210644546,21.3710047618778
"115","Belize",2,0.0478646376875569,11825.3210644546,20.8922504862074
"116","Belize",3,0.0477049177709554,11789.6381459055,20.9621994277671
"117","Belize",4,0.0480751999936852,11756.0386093119,20.8007455014509
"118","Belize",5,0.0486897686837606,11792.4232005494,20.5381957448799
"119","Belize",6,0.0497321427385729,11756.0386093119,20.107719976127
"120","Belize",7,0.0514333545158152,11792.4232005494,19.4426361922886
"121","Belize",8,0.0509090226628756,11789.6381459055,19.6428834751375
"122","Belize",9,0.0515862829665465,11754.8167166077,19.3849981524836
"123","Belize",10,0.0518745985742289,11825.3210644546,19.2772576074795
"124","Belize",11,0.0531450513035238,11825.3210644546,18.8164274089937
"125","Belize",12,0.053979014576573,11774.146609491,18.5257179636251
"126","Belize",13,0.0527660732543958,11764.1503469419,18.9515713094435
"127","Belize",14,0.0540853075482847,11764.1503469419,18.4893096726361
"128","Belize",15,0.0527636967837659,11825.3210644546,18.952424885962
"129","Belize",16,0.0544340469713489,11825.3210644546,18.3708552944143
"130","Belize",17,0.0560114568462059,11825.3210644546,17.8534902733518
"131","Belize",18,0.0579925324338234,11825.3210644546,17.2435994434477
"132","Belize",19,0.0585450150494027,11710.1785407864,17.0808735663687
"133","Belize",20,0.0604671961411666,11710.1785407864,16.5378926726717
"134","Belize",21,0.0607159609332307,11611.2235531601,16.4701337939739
"135","Belize",22,NA,11049.7732381389,NA
"136","Bolivia",0,0.841368484724434,11825.3210644546,1.1885398825314
"137","Bolivia",1,0.867606300992811,11825.3210644546,1.15259651624901
"138","Bolivia",2,0.907234704050974,11809.4393370521,1.10225060343791
"139","Bolivia",3,0.919966747719364,11809.4393370521,1.08699580988013
"140","Bolivia",4,0.925558903949743,11825.3210644546,1.08042826418998
"141","Bolivia",5,0.946407002763351,11825.3210644546,1.05662785364031
"142","Bolivia",6,0.976824482459708,11809.4619895439,1.02372536515663
"143","Bolivia",7,0.988603606668135,11809.4619895439,1.01152776831381
"144","Bolivia",8,0.990594716850961,11795.492301904,1.00949458238475
"145","Bolivia",9,0.992608081944203,11825.3210644546,1.0074469654139
"146","Bolivia",10,0.994571573373117,11806.1306438432,1.00545805527949
"147","Bolivia",11,0.996803797548984,11786.1614158957,1.0032064509173
"148","Bolivia",12,0.999534019503138,11805.8576543369,1.00046619773591
"149","Bolivia",13,0.99960591014583,11788.3902155824,1.00039424522221
"150","Bolivia",14,0.999666029179668,11825.3210644546,1.0003340823941
"151","Bolivia",15,0.999708896591106,11801.080533156,1.00029118817476
"152","Bolivia",16,0.999768048192089,11775.2837357405,1.00023200562203
"153","Bolivia",17,0.999808818718517,11800.1331219494,1.00019121783875
"154","Bolivia",18,0.999874748610554,11776.8493253099,1.00012526707932
"155","Bolivia",19,0.999872780237019,11825.3210644546,1.00012723594991
"156","Bolivia",20,0.9998779321774,11792.4232005494,1.00012208272497
"157","Bolivia",21,0.999875673683976,11792.4232005494,1.00012434177498
"158","Bolivia",22,0.999890887572304,11789.6381459055,1.00010912433452
"159","Bolivia",23,0.999899297534339,11754.8167166077,1.00010071260767
"160","Bolivia",24,0.999899459167354,11825.3210644546,1.00010055094212
"161","Bolivia",25,0.99989776659771,11825.3210644546,1.00010224385503
"162","Bolivia",26,0.999886767574903,11825.3210644546,1.00011324524813
"163","Bolivia",27,0.999885352990472,11611.2235531601,1.00011466015497
"164","Bolivia",28,NA,11049.7732381389,NA
"165","Brazil",0,0.870689702472337,11806.1306438432,1.14851478909247
"166","Brazil",1,0.895578298499769,11809.4393370521,1.11659695380644
"167","Brazil",2,0.914775180842707,11793.1542102812,1.09316476981676
"168","Brazil",3,0.932449098756286,11809.4393370521,1.07244459921063
"169","Brazil",4,0.946957212253957,11825.3210644546,1.05601392233952
"170","Brazil",5,0.958631139610238,11825.3210644546,1.04315409616944
"171","Brazil",6,0.971575717319597,11809.4619895439,1.02925585950092
"172","Brazil",7,0.976146230194256,11809.4619895439,1.02443667666575
"173","Brazil",8,0.980012435073095,11795.492301904,1.02039521562338
"174","Brazil",9,0.982650389181896,11825.3210644546,1.01765593440873
"175","Brazil",10,0.985310100972852,11806.1306438432,1.01490890940085
"176","Brazil",11,0.987565369046697,11786.1614158957,1.01259119785185
"177","Brazil",12,0.989109927927646,11805.8576543369,1.01100997145501
"178","Brazil",13,0.990820502971058,11788.3902155824,1.00926454085419
"179","Brazil",14,0.99180140055157,11825.3210644546,1.00826637212235
"180","Brazil",15,0.992781261537101,11801.080533156,1.00727122755291
"181","Brazil",16,0.993735867291602,11775.2837357405,1.00630361941697
"182","Brazil",17,0.994480993080701,11800.1331219494,1.00554963539545
"183","Brazil",18,0.995040419798904,11776.8493253099,1.00498430023787
"184","Brazil",19,0.995749190977583,11825.3210644546,1.00426895553713
"185","Brazil",20,0.996089110001865,11792.4232005494,1.00392624511087
"186","Brazil",21,0.996260628209162,11792.4232005494,1.00375340717575
"187","Brazil",22,0.997033881485247,11789.6381459055,1.00297494254692
"188","Brazil",23,0.997239840936366,11754.8167166077,1.0027677986281
"189","Brazil",24,0.997463643531056,11825.3210644546,1.00254280593122
"190","Brazil",25,0.997531607560265,11825.3210644546,1.00247450047801
"191","Brazil",26,0.998064670243147,11825.3210644546,1.00193908252096
"192","Brazil",27,0.99755703309135,11611.2235531601,1.00244894961151
"193","Brazil",28,NA,11049.7732381389,NA
"194","Cayman Islands",0,1,11786.1614158957,1
"195","Cayman Islands",1,1,11793.1542102812,1
"196","Cayman Islands",2,1,11809.4619895439,1
"197","Cayman Islands",3,1,11793.1542102812,1
"198","Cayman Islands",4,1,11809.4393370521,1
"199","Cayman Islands",5,1,11809.4393370521,1
"200","Cayman Islands",6,1,11809.4619895439,1
"201","Cayman Islands",7,1,11809.4619895439,1
"202","Cayman Islands",8,1,11795.492301904,1
"203","Cayman Islands",9,1,11825.3210644546,1
"204","Cayman Islands",10,1,11806.1306438432,1
"205","Cayman Islands",11,1,11786.1614158957,1
"206","Cayman Islands",12,1,11805.8576543369,1
"207","Cayman Islands",13,1,11788.3902155824,1
"208","Cayman Islands",14,1,11825.3210644546,1
"209","Cayman Islands",15,1,11801.080533156,1
"210","Cayman Islands",16,1,11775.2837357405,1
"211","Cayman Islands",17,1,11800.1331219494,1
"212","Cayman Islands",18,1,11776.8493253099,1
"213","Cayman Islands",19,1,11825.3210644546,1
"214","Cayman Islands",20,1,11792.4232005494,1
"215","Cayman Islands",21,1,11792.4232005494,1
"216","Cayman Islands",22,1,11789.6381459055,1
"217","Cayman Islands",23,1,11754.8167166077,1
"218","Cayman Islands",24,1,11825.3210644546,1
"219","Cayman Islands",25,1,11825.3210644546,1
"220","Cayman Islands",26,1,11825.3210644546,1
"221","Cayman Islands",27,1,11611.2235531601,1
"222","Cayman Islands",28,NA,11049.7732381389,NA
"223","Colombia",0,0.851767133754447,11795.492301904,1.174029802714
"224","Colombia",1,0.903223038147074,11800.303392638,1.10714625044492
"225","Colombia",2,0.955200337705814,11825.3210644546,1.04690080240317
"226","Colombia",3,1,11800.303392638,1
"227","Colombia",4,1,11800.303392638,1
"228","Colombia",5,1,11825.3210644546,1
"229","Colombia",6,1,11809.4619895439,1
"230","Colombia",7,1,11809.4619895439,1
"231","Colombia",8,1,11795.492301904,1
"232","Colombia",9,1,11825.3210644546,1
"233","Colombia",10,1,11806.1306438432,1
"234","Colombia",11,1,11786.1614158957,1
"235","Colombia",12,1,11805.8576543369,1
"236","Colombia",13,1,11788.3902155824,1
"237","Colombia",14,1,11825.3210644546,1
"238","Colombia",15,1,11801.080533156,1
"239","Colombia",16,1,11775.2837357405,1
"240","Colombia",17,1,11800.1331219494,1
"241","Colombia",18,1,11776.8493253099,1
"242","Colombia",19,1,11825.3210644546,1
"243","Colombia",20,1,11792.4232005494,1
"244","Colombia",21,1,11792.4232005494,1
"245","Colombia",22,1,11789.6381459055,1
"246","Colombia",23,1,11754.8167166077,1
"247","Colombia",24,1,11825.3210644546,1
"248","Colombia",25,1,11825.3210644546,1
"249","Colombia",26,1,11825.3210644546,1
"250","Colombia",27,1,11611.2235531601,1
"251","Colombia",28,NA,11049.7732381389,NA
"252","Costa Rica",0,0.664179973279396,11795.492301904,1.5056160080565
"253","Costa Rica",1,0.737586148240645,11800.303392638,1.35577383385695
"254","Costa Rica",2,0.778998121579616,11825.3210644546,1.28370014291209
"255","Costa Rica",3,0.833357356834144,11800.303392638,1.19996540715608
"256","Costa Rica",4,0.899492509094189,11800.303392638,1.11173799658101
"257","Costa Rica",5,0.948171528441511,11825.3210644546,1.05466149320438
"258","Costa Rica",6,0.974598113660385,11809.4619895439,1.02606396009142
"259","Costa Rica",7,0.980083870404121,11809.4619895439,1.02032084212106
"260","Costa Rica",8,0.982130566257132,11795.492301904,1.0181945602314
"261","Costa Rica",9,0.983053886609031,11825.3210644546,1.01723823446691
"262","Costa Rica",10,0.982915678916345,11806.1306438432,1.0173812682513
"263","Costa Rica",11,0.98283729467017,11786.1614158957,1.01746240748382
"264","Costa Rica",12,0.983090665178783,11805.8576543369,1.01720017839671
"265","Costa Rica",13,0.983146307373228,11788.3902155824,1.01714260888779
"266","Costa Rica",14,0.983043815125018,11825.3210644546,1.01724865627971
"267","Costa Rica",15,0.983206288265283,11801.080533156,1.01708055769695
"268","Costa Rica",16,0.983123546166242,11775.2837357405,1.01716615770171
"269","Costa Rica",17,0.984570639764816,11800.1331219494,1.0156711561487
"270","Costa Rica",18,0.987648240190161,11776.8493253099,1.01250623380594
"271","Costa Rica",19,0.990483495786212,11825.3210644546,1.00960793819814
"272","Costa Rica",20,0.993516559580789,11792.4232005494,1.00652574972877
"273","Costa Rica",21,0.994689979256226,11792.4232005494,1.0053383675864
"274","Costa Rica",22,0.996401570778513,11789.6381459055,1.00361142467758
"275","Costa Rica",23,0.998828547182429,11754.8167166077,1.00117282672875
"276","Costa Rica",24,1.00411084834551,11825.3210644546,0.995905981543489
"277","Costa Rica",25,1.00326837304342,11825.3210644546,0.996742274419048
"278","Costa Rica",26,1.00188863369165,11825.3210644546,0.998114926521631
"279","Costa Rica",27,1.00107353730542,11611.2235531601,0.998927613941019
"280","Costa Rica",28,NA,11049.7732381389,NA
"281","Cuba",0,0.638680027346907,11788.3902155824,1.56572924967456
"282","Cuba",1,0.727430830039526,11825.3210644546,1.37470115192349
"283","Cuba",2,0.751938145759656,11806.1306438432,1.32989662200172
"284","Cuba",3,0.761501976284585,11825.3210644546,1.31319422817399
"285","Cuba",4,0.794203153693246,11809.4393370521,1.25912368309008
"286","Cuba",5,0.793174435509518,11809.4393370521,1.26075672037718
"287","Cuba",6,0.77896364358815,11809.4619895439,1.28375696122824
"288","Cuba",7,0.77896364358815,11809.4619895439,1.28375696122824
"289","Cuba",8,0.770778979474632,11795.492301904,1.29738878022025
"290","Cuba",9,1,11825.3210644546,1
"291","Cuba",10,1,11825.3210644546,1
"292","Cuba",11,1,11786.1614158957,1
"293","Cuba",12,1,11805.8576543369,1
"294","Cuba",13,1,11788.3902155824,1
"295","Cuba",14,1,11788.3902155824,1
"296","Cuba",15,1,11825.3210644546,1
"297","Cuba",16,1,11754.8167166077,1
"298","Cuba",17,1,11825.3210644546,1
"299","Cuba",18,1,11776.8493253099,1
"300","Cuba",19,1,11776.8493253099,1
"301","Cuba",20,1,11774.146609491,1
"302","Cuba",21,1,11776.8493253099,1
"303","Cuba",22,1,11775.2837357405,1
"304","Cuba",23,1,11789.6381459055,1
"305","Cuba",24,1,11825.3210644546,1
"306","Cuba",25,1,11825.3210644546,1
"307","Cuba",27,1,11710.1785407864,1
"308","Dominica",0,7.89605051275532,11786.1614158957,0.126645593057516
"309","Dominica",1,7.75054896794027,11793.1542102812,0.129023118766999
"310","Dominica",2,7.83581850248517,11809.4619895439,0.12761908659355
"311","Dominica",3,8.05988455988456,11793.1542102812,0.124071255930534
"312","Dominica",4,8.10371897384641,11809.4393370521,0.123400133102759
"313","Dominica",5,8.43594522183353,11809.4393370521,0.118540361951598
"314","Dominica",6,8.43117684784352,11809.4619895439,0.118607404167518
"315","Dominica",7,8.0623697290364,11809.4619895439,0.124033011832554
"316","Dominica",8,8.06343101343101,11795.492301904,0.124016686982791
"317","Dominica",9,8.23333333333333,11825.3210644546,0.121457489878543
"318","Dominica",10,8.24897660818713,11806.1306438432,0.121227159137231
"319","Dominica",11,8.43336299686414,11786.1614158957,0.118576658015532
"320","Dominica",12,8.62410048194362,11805.8576543369,0.115954122066842
"321","Dominica",13,8.42542016806723,11788.3902155824,0.118688442837551
"322","Dominica",14,8.225,11825.3210644546,0.121580547112462
"323","Dominica",15,8,11801.080533156,0.125
"324","Dominica",16,8,11775.2837357405,0.125
"325","Dominica",17,8,11800.1331219494,0.125
"326","Dominica",18,8,11776.8493253099,0.125
"327","Dominica",19,8,11825.3210644546,0.125
"328","Dominica",20,8,11792.4232005494,0.125
"329","Dominica",21,8,11792.4232005494,0.125
"330","Dominica",22,8,11789.6381459055,0.125
"331","Dominica",23,8,11754.8167166077,0.125
"332","Dominica",24,8,11825.3210644546,0.125
"333","Dominica",25,8,11825.3210644546,0.125
"334","Dominica",26,8,11825.3210644546,0.125
"335","Dominica",27,8,11611.2235531601,0.125
"336","Dominica",28,NA,11049.7732381389,NA
"337","Dominican Republic",0,0.73018528425183,11786.1614158957,1.36951541145427
"338","Dominican Republic",1,0.784855116901989,11793.1542102812,1.27412050767693
"339","Dominican Republic",2,0.833841170896082,11809.4619895439,1.19926915928768
"340","Dominican Republic",3,0.884692832361672,11793.1542102812,1.13033582212994
"341","Dominican Republic",4,0.937896403314092,11809.4393370521,1.06621583840866
"342","Dominican Republic",5,0.973434608749713,11809.4393370521,1.02729037062326
"343","Dominican Republic",6,0.991505976714356,11809.4619895439,1.00856678979767
"344","Dominican Republic",7,0.995726054081492,11809.4619895439,1.00429229093784
"345","Dominican Republic",8,0.997404765252308,11795.492301904,1.00260198751611
"346","Dominican Republic",9,0.99871198568873,11825.3210644546,1.00128967543168
"347","Dominican Republic",10,1,11806.1306438432,1
"348","Dominican Republic",11,1,11786.1614158957,1
"349","Dominican Republic",12,1,11805.8576543369,1
"350","Dominican Republic",13,1,11788.3902155824,1
"351","Dominican Republic",14,1,11825.3210644546,1
"352","Dominican Republic",15,1,11801.080533156,1
"353","Dominican Republic",16,1,11775.2837357405,1
"354","Dominican Republic",17,1,11800.1331219494,1
"355","Dominican Republic",18,1,11776.8493253099,1
"356","Dominican Republic",19,1,11825.3210644546,1
"357","Dominican Republic",20,1,11792.4232005494,1
"358","Dominican Republic",21,1,11792.4232005494,1
"359","Dominican Republic",22,1,11789.6381459055,1
"360","Dominican Republic",23,1,11754.8167166077,1
"361","Dominican Republic",24,1,11825.3210644546,1
"362","Dominican Republic",25,1,11825.3210644546,1
"363","Dominican Republic",26,1,11825.3210644546,1
"364","Dominican Republic",27,1,11611.2235531601,1
"365","Dominican Republic",28,NA,11049.7732381389,NA
"366","Ecuador",0,0.923920897443884,11786.1614158957,1.08234374042907
"367","Ecuador",1,0.941221999523321,11793.1542102812,1.06244860458685
"368","Ecuador",2,0.955112686866361,11809.4619895439,1.04699687665223
"369","Ecuador",3,0.971688476232227,11793.1542102812,1.02913642022138
"370","Ecuador",4,0.98326645781565,11809.4393370521,1.01701831894228
"371","Ecuador",5,0.99246899304266,11809.4393370521,1.00758815339334
"372","Ecuador",6,0.998022131118382,11809.4619895439,1.00198178859962
"373","Ecuador",7,1.00081973600599,11809.4619895439,0.999180935410748
"374","Ecuador",8,1.00269227765675,11795.492301904,0.997314951240033
"375","Ecuador",9,1.00461807991961,11825.3210644546,0.995403148707042
"376","Ecuador",10,1.00566743182634,11806.1306438432,0.994364506946351
"377","Ecuador",11,1.00634418324067,11786.1614158957,0.993695811685186
"378","Ecuador",12,1.00654118409446,11805.8576543369,0.99350132493551
"379","Ecuador",13,1.00663015605451,11788.3902155824,0.993413513379637
"380","Ecuador",14,1.00652845319319,11825.3210644546,0.993513891065398
"381","Ecuador",15,1.00634774203413,11801.080533156,0.993692297633317
"382","Ecuador",16,1.00611377387891,11775.2837357405,0.993923377218723
"383","Ecuador",17,1.00584292975887,11800.1331219494,0.994191011751439
"384","Ecuador",18,1.00546006501832,11776.8493253099,0.994569585398482
"385","Ecuador",19,1.00504794603444,11825.3210644546,0.994977407740238
"386","Ecuador",20,1.00462056898605,11792.4232005494,0.99540068247785
"387","Ecuador",21,1.00480943938837,11792.4232005494,0.995213580605597
"388","Ecuador",22,1.00341061485017,11789.6381459055,0.996600977905063
"389","Ecuador",23,1.0026031942245,11754.8167166077,0.997403564800617
"390","Ecuador",24,1.00145670120181,11825.3210644546,0.998545417689987
"391","Ecuador",25,1.00158753575017,11825.3210644546,0.998414980524913
"392","Ecuador",26,1.001784460282,11825.3210644546,0.998218718344369
"393","Ecuador",27,1.00216514858473,11611.2235531601,0.997839529155662
"394","Ecuador",28,NA,11049.7732381389,NA
"395","El Salvador",0,0.887487923706251,11786.1614158957,1.12677589552305
"396","El Salvador",1,0.921025317591703,11793.1542102812,1.08574648372837
"397","El Salvador",2,0.947540956157109,11809.4619895439,1.05536335237228
"398","El Salvador",3,0.978108270117743,11793.1542102812,1.02238170410278
"399","El Salvador",4,0.998007303396983,11809.4393370521,1.00199667537125
"400","El Salvador",5,1,11809.4393370521,1
"401","El Salvador",6,1,11809.4619895439,1
"402","El Salvador",7,1,11809.4619895439,1
"403","El Salvador",8,1,11795.492301904,1
"404","El Salvador",9,1,11825.3210644546,1
"405","El Salvador",10,1,11806.1306438432,1
"406","El Salvador",11,1,11786.1614158957,1
"407","El Salvador",12,1,11786.1614158957,1
"408","El Salvador",13,1,11801.080533156,1
"409","El Salvador",14,1,11788.3902155824,1
"410","El Salvador",15,1,11801.080533156,1
"411","El Salvador",16,1,11801.080533156,1
"412","El Salvador",17,1,11776.8493253099,1
"413","El Salvador",18,1,11825.3210644546,1
"414","El Salvador",19,1,11800.1331219494,1
"415","El Salvador",20,1,11789.6381459055,1
"416","El Salvador",21,1,11776.8493253099,1
"417","El Salvador",22,1,11789.6381459055,1
"418","El Salvador",23,1,11754.8167166077,1
"419","El Salvador",24,1,11774.146609491,1
"420","El Salvador",25,1,11754.8167166077,1
"421","El Salvador",26,1,11525.0970921697,1
"422","El Salvador",27,1,11525.0970921697,1
"423","El Salvador",28,NA,11049.7732381389,NA
"424","Grenada",0,0.611822320603536,11795.492301904,1.63446145445224
"425","Grenada",1,0.689703936418997,11811.9399699987,1.44989748092796
"426","Grenada",2,0.73801177291575,11800.303392638,1.35499193468037
"427","Grenada",3,0.765232117410525,11811.9399699987,1.30679303344442
"428","Grenada",4,0.765694252953741,11800.303392638,1.30600431718326
"429","Grenada",5,0.777193989338123,11825.3210644546,1.28668004863448
"430","Grenada",6,0.774304748430932,11809.4619895439,1.29148116684861
"431","Grenada",7,0.797705397510696,11809.4619895439,1.25359562956523
"432","Grenada",8,0.809314840674677,11795.492301904,1.23561307632313
"433","Grenada",9,0.822080917914567,11825.3210644546,1.21642526691505
"434","Grenada",10,0.833370261002876,11806.1306438432,1.19994682651215
"435","Grenada",11,0.844195070289867,11786.1614158957,1.18456034060544
"436","Grenada",12,0.855873154810099,11805.8576543369,1.16839743644241
"437","Grenada",13,0.86682492747616,11788.3902155824,1.15363549005402
"438","Grenada",14,0.878968642946751,11825.3210644546,1.13769701345373
"439","Grenada",15,0.893578007132799,11801.080533156,1.1190964773279
"440","Grenada",16,0.905757887339123,11775.2837357405,1.10404779685412
"441","Grenada",17,0.921664360210679,11800.1331219494,1.08499367358787
"442","Grenada",18,0.939128991770211,11776.8493253099,1.06481645094893
"443","Grenada",19,0.956573538048494,11825.3210644546,1.0453979335871
"444","Grenada",20,0.976506786289395,11792.4232005494,1.02405842339291
"445","Grenada",21,0.97843397478434,11792.4232005494,1.02204136995592
"446","Grenada",22,1,11789.6381459055,1
"447","Grenada",23,1,11754.8167166077,1
"448","Grenada",24,1,11825.3210644546,1
"449","Grenada",25,1,11825.3210644546,1
"450","Grenada",26,1,11825.3210644546,1
"451","Grenada",27,1,11611.2235531601,1
"452","Grenada",28,NA,11049.7732381389,NA
"453","Guadeloupe",0,0.949893719253362,11776.8493253099,1.05274935472362
"454","Guadeloupe",1,0.921370067014147,11825.3210644546,1.0853402295135
"455","Guadeloupe",2,1,11825.3210644546,1
"456","Guadeloupe",3,1,11825.3210644546,1
"457","Guadeloupe",4,1,11825.3210644546,1
"458","Guadeloupe",5,1,11825.3210644546,1
"459","Guadeloupe",6,1,11805.8576543369,1
"460","Guadeloupe",7,1,11805.8576543369,1
"461","Guadeloupe",8,1,11788.3902155824,1
"462","Guadeloupe",9,1,11825.3210644546,1
"463","Guadeloupe",10,1,11825.3210644546,1
"464","Guadeloupe",11,1,11775.2837357405,1
"465","Guadeloupe",12,1,11800.1331219494,1
"466","Guadeloupe",13,1,11776.8493253099,1
"467","Guadeloupe",14,1,11776.8493253099,1
"468","Guadeloupe",15,1,11774.146609491,1
"469","Guadeloupe",16,1,11801.080533156,1
"470","Guadeloupe",17,1,11756.0386093119,1
"471","Guadeloupe",18,1,11754.8167166077,1
"472","Guadeloupe",19,1,11825.3210644546,1
"473","Guadeloupe",20,1,11754.8167166077,1
"474","Guadeloupe",21,1,11800.1331219494,1
"475","Guadeloupe",22,1,11710.1785407864,1
"476","Guadeloupe",23,1,11776.8493253099,1
"477","Guadeloupe",24,1,11611.2235531601,1
"478","Guadeloupe",25,NA,11049.7732381389,NA
"479","Guatemala",0,0.661002929487094,11795.492301904,1.51285259927055
"480","Guatemala",1,0.732160496805482,11800.303392638,1.36582075154715
"481","Guatemala",2,0.787646424700864,11825.3210644546,1.26960520436538
"482","Guatemala",3,0.849115113283619,11800.303392638,1.17769662128954
"483","Guatemala",4,0.890660024856199,11800.303392638,1.12276286359821
"484","Guatemala",5,0.927538075251887,11825.3210644546,1.07812285735918
"485","Guatemala",6,0.955492345789333,11809.4619895439,1.04658085897475
"486","Guatemala",7,0.96982284952097,11809.4619895439,1.0311161471334
"487","Guatemala",8,0.975161830807777,11795.492301904,1.025470817671
"488","Guatemala",9,0.979330518601659,11825.3210644546,1.02110572580527
"489","Guatemala",10,0.982721980314681,11806.1306438432,1.0175817983432
"490","Guatemala",11,0.985650555420739,11786.1614158957,1.01455834879851
"491","Guatemala",12,0.987756607243137,11805.8576543369,1.01239515146452
"492","Guatemala",13,0.989334446398033,11788.3902155824,1.01078053396483
"493","Guatemala",14,0.989731872048557,11825.3210644546,1.01037465624926
"494","Guatemala",15,0.99031221857857,11801.080533156,1.00978255265328
"495","Guatemala",16,0.990699989290927,11775.2837357405,1.00938731281882
"496","Guatemala",17,0.99104801380018,11800.1331219494,1.00903284813164
"497","Guatemala",18,0.991434663478378,11776.8493253099,1.0086393353361
"498","Guatemala",19,0.991675597912426,11825.3210644546,1.00839427944491
"499","Guatemala",20,0.992461368969607,11792.4232005494,1.00759589367012
"500","Guatemala",21,0.992334830405166,11792.4232005494,1.00772437826424
"501","Guatemala",22,0.993064876180078,11789.6381459055,1.00698355564301
"502","Guatemala",23,0.993324485929717,11754.8167166077,1.00672037603506
"503","Guatemala",24,0.994099226605388,11825.3210644546,1.00593579920061
"504","Guatemala",25,0.99476416989205,11825.3210644546,1.00526338831496
"505","Guatemala",26,0.995697524997387,11825.3210644546,1.00432106628228
"506","Guatemala",27,0.995760821062026,11611.2235531601,1.00425722608111
"507","Guatemala",28,NA,11049.7732381389,NA
"508","Guyana",0,0.519188790312172,11825.3210644546,1.92608164632894
"509","Guyana",1,0.553481157060088,11801.080533156,1.80674624103136
"510","Guyana",2,0.555884340571467,11775.2837357405,1.79893536661236
"511","Guyana",3,0.60452388605012,11801.080533156,1.65419435538581
"512","Guyana",4,0.621459223617536,11801.080533156,1.60911603206879
"513","Guyana",5,0.63908230680839,11801.080533156,1.56474367909519
"514","Guyana",6,0.654493442272812,11800.1331219494,1.52789918952797
"515","Guyana",7,0.665792877439394,11800.1331219494,1.50196860598141
"516","Guyana",8,0.675261571469127,11776.8493253099,1.48090761010486
"517","Guyana",9,0.711123830687474,11825.3210644546,1.40622484699079
"518","Guyana",10,0.740587182505248,11792.4232005494,1.35027991791218
"519","Guyana",11,0.753662022150768,11792.4232005494,1.32685470490638
"520","Guyana",12,0.887557881316156,11805.8576543369,1.12668708266902
"521","Guyana",13,0.906374125212786,11788.3902155824,1.10329716193656
"522","Guyana",14,0.92572347266881,11825.3210644546,1.08023619312261
"523","Guyana",15,0.92572347266881,11825.3210644546,1.08023619312261
"524","Guyana",16,0.947152178409582,11801.080533156,1.05579654758241
"525","Guyana",17,1,11800.1331219494,1
"526","Guyana",18,1,11800.1331219494,1
"527","Guyana",19,1,11825.3210644546,1
"528","Guyana",20,1,11825.3210644546,1
"529","Guyana",21,1,11825.3210644546,1
"530","Guyana",22,1,11825.3210644546,1
"531","Guyana",23,1,11792.4232005494,1
"532","Guyana",24,1,11792.4232005494,1
"533","Guyana",25,1,11789.6381459055,1
"534","Guyana",27,1,11825.3210644546,1
"535","Haiti",0,0.689199095034439,11792.4232005494,1.45095953724378
"536","Haiti",1,0.788946330442108,11775.2837357405,1.26751334205411
"537","Haiti",2,0.704588597549362,11806.1306438432,1.41926792950966
"538","Haiti",3,0.738431845597105,11825.3210644546,1.35422111866179
"539","Haiti",4,0.760229191797346,11825.3210644546,1.31539279310728
"540","Haiti",5,0.782026537997587,11825.3210644546,1.2787289834953
"541","Haiti",6,0.786972922814195,11786.1614158957,1.27069174937306
"542","Haiti",7,0.810111473636978,11786.1614158957,1.23439802118901
"543","Haiti",8,0.826288231782094,11805.8576543369,1.2102314441091
"544","Haiti",9,0.815684204924431,11788.3902155824,1.22596464901836
"545","Haiti",10,0.817019826627877,11788.3902155824,1.22396050549635
"546","Haiti",11,0.799473975197342,11801.080533156,1.25082245454351
"547","Haiti",12,0.785486434219848,11775.2837357405,1.27309646154896
"548","Haiti",13,0.774734924126466,11800.1331219494,1.29076406504783
"549","Haiti",14,0.772738830152085,11800.1331219494,1.29409829166109
"550","Haiti",15,1,11825.3210644546,1
"551","Haiti",16,1,11754.8167166077,1
"552","Haiti",17,1,11825.3210644546,1
"553","Haiti",18,1,11776.8493253099,1
"554","Haiti",19,1,11776.8493253099,1
"555","Haiti",20,1,11774.146609491,1
"556","Haiti",21,1,11776.8493253099,1
"557","Haiti",22,1,11805.8576543369,1
"558","Haiti",23,1,11712.7370748478,1
"559","Haiti",24,1,11825.3210644546,1
"560","Haiti",25,1,11825.3210644546,1
"561","Haiti",26,1,11710.1785407864,1
"562","Honduras",0,0.740104011182191,11806.1306438432,1.35116143797501
"563","Honduras",1,0.806031787949268,11809.4393370521,1.24064585907242
"564","Honduras",2,0.851339304326427,11793.1542102812,1.17461979602973
"565","Honduras",3,0.907107955465988,11809.4393370521,1.10240461895882
"566","Honduras",4,0.931974686261068,11825.3210644546,1.07299051652555
"567","Honduras",5,0.95678817401283,11825.3210644546,1.04516341982566
"568","Honduras",6,0.973268678295199,11809.4619895439,1.02746551111829
"569","Honduras",7,0.98772909454004,11809.4619895439,1.01242335122838
"570","Honduras",8,0.997167656822087,11795.492301904,1.00284038813186
"571","Honduras",9,0.999889403790586,11825.3210644546,1.00011060844229
"572","Honduras",10,0.999970742077406,11806.1306438432,1.00002925877865
"573","Honduras",11,1,11786.1614158957,1
"574","Honduras",12,1,11805.8576543369,1
"575","Honduras",13,1,11788.3902155824,1
"576","Honduras",14,1,11825.3210644546,1
"577","Honduras",15,1,11801.080533156,1
"578","Honduras",16,1,11775.2837357405,1
"579","Honduras",17,1,11800.1331219494,1
"580","Honduras",18,1,11776.8493253099,1
"581","Honduras",19,1,11825.3210644546,1
"582","Honduras",20,1,11792.4232005494,1
"583","Honduras",21,1,11792.4232005494,1
"584","Honduras",22,1,11789.6381459055,1
"585","Honduras",23,1,11754.8167166077,1
"586","Honduras",24,1,11825.3210644546,1
"587","Honduras",25,1,11825.3210644546,1
"588","Honduras",26,1,11825.3210644546,1
"589","Honduras",27,1,11611.2235531601,1
"590","Honduras",28,NA,11049.7732381389,NA
"591","Jamaica",0,0.705401257254607,11806.1306438432,1.41763285749158
"592","Jamaica",1,0.755258784114925,11809.4393370521,1.3240494795064
"593","Jamaica",2,0.794171657944374,11809.4393370521,1.25917361819281
"594","Jamaica",3,0.842208609991034,11825.3210644546,1.18735428270039
"595","Jamaica",4,0.934701924189564,11825.3210644546,1.06985978537174
"596","Jamaica",5,0.964212831660207,11809.4393370521,1.03711542427637
"597","Jamaica",6,0.996392496392496,11809.4619895439,1.00362056480811
"598","Jamaica",7,1,11809.4619895439,1
"599","Jamaica",8,1,11795.492301904,1
"600","Jamaica",9,1,11825.3210644546,1
"601","Jamaica",10,1,11806.1306438432,1
"602","Jamaica",11,1,11786.1614158957,1
"603","Jamaica",12,1,11805.8576543369,1
"604","Jamaica",13,1,11788.3902155824,1
"605","Jamaica",14,1,11825.3210644546,1
"606","Jamaica",15,1,11801.080533156,1
"607","Jamaica",16,1,11775.2837357405,1
"608","Jamaica",17,1,11775.2837357405,1
"609","Jamaica",18,1,11792.4232005494,1
"610","Jamaica",19,1,11776.8493253099,1
"611","Jamaica",20,1,11792.4232005494,1
"612","Jamaica",21,1,11825.3210644546,1
"613","Jamaica",22,1,11754.8167166077,1
"614","Jamaica",23,1,11825.3210644546,1
"615","Jamaica",24,1,11789.6381459055,1
"616","Jamaica",25,1,11712.7370748478,1
"617","Jamaica",26,1,11696.063093402,1
"618","Jamaica",27,1,11611.2235531601,1
"619","Jamaica",28,NA,11049.7732381389,NA
"620","Martinique",0,0.970372492431316,11792.4232005494,1.03053209751902
"621","Martinique",1,0.955467372134039,11775.2837357405,1.0466082141209
"622","Martinique",2,1,11786.1614158957,1
"623","Martinique",3,1,11806.1306438432,1
"624","Martinique",4,1,11806.1306438432,1
"625","Martinique",5,1,11806.1306438432,1
"626","Martinique",6,1,11805.8576543369,1
"627","Martinique",7,1,11805.8576543369,1
"628","Martinique",8,1,11788.3902155824,1
"629","Martinique",9,1,11825.3210644546,1
"630","Martinique",10,1,11825.3210644546,1
"631","Martinique",11,1,11775.2837357405,1
"632","Martinique",12,1,11800.1331219494,1
"633","Martinique",13,1,11776.8493253099,1
"634","Martinique",14,1,11776.8493253099,1
"635","Martinique",15,1,11774.146609491,1
"636","Martinique",16,1,11801.080533156,1
"637","Martinique",17,1,11756.0386093119,1
"638","Martinique",18,1,11754.8167166077,1
"639","Martinique",19,1,11825.3210644546,1
"640","Martinique",20,1,11754.8167166077,1
"641","Martinique",21,1,11800.1331219494,1
"642","Martinique",22,1,11710.1785407864,1
"643","Martinique",23,1,11776.8493253099,1
"644","Martinique",24,1,11611.2235531601,1
"645","Martinique",25,NA,11049.7732381389,NA
"646","Mexico",0,0.77695578421659,11795.492301904,1.2870745289686
"647","Mexico",1,0.844137627480825,11811.9399699987,1.18464094887503
"648","Mexico",2,0.925108866453581,11800.303392638,1.08095385987761
"649","Mexico",3,0.950193424159077,11811.9399699987,1.05241730217719
"650","Mexico",4,0.973538053556721,11800.303392638,1.02718121427981
"651","Mexico",5,0.981777176364456,11825.3210644546,1.01856105853165
"652","Mexico",6,1,11809.4619895439,1
"653","Mexico",7,1,11809.4619895439,1
"654","Mexico",8,1,11795.492301904,1
"655","Mexico",9,1,11825.3210644546,1
"656","Mexico",10,1,11806.1306438432,1
"657","Mexico",11,1,11786.1614158957,1
"658","Mexico",12,1,11805.8576543369,1
"659","Mexico",13,1,11788.3902155824,1
"660","Mexico",14,1,11825.3210644546,1
"661","Mexico",15,1,11801.080533156,1
"662","Mexico",16,1,11775.2837357405,1
"663","Mexico",17,1,11800.1331219494,1
"664","Mexico",18,1,11776.8493253099,1
"665","Mexico",19,1,11825.3210644546,1
"666","Mexico",20,1,11792.4232005494,1
"667","Mexico",21,1,11792.4232005494,1
"668","Mexico",22,1,11789.6381459055,1
"669","Mexico",23,1,11754.8167166077,1
"670","Mexico",24,1,11825.3210644546,1
"671","Mexico",25,1,11825.3210644546,1
"672","Mexico",26,1,11825.3210644546,1
"673","Mexico",27,1,11611.2235531601,1
"674","Mexico",28,NA,11049.7732381389,NA
"675","Montserrat",0,0.84414582331249,11792.4232005494,1.18462944716818
"676","Montserrat",1,0.86305114638448,11775.2837357405,1.15867988147543
"677","Montserrat",2,0.899686370274606,11800.1331219494,1.11149844327949
"678","Montserrat",3,0.905643738977072,11775.2837357405,1.10418695228822
"679","Montserrat",4,0.708631795213504,11809.4393370521,1.41117009814485
"680","Montserrat",5,0.747404075739908,11809.4393370521,1.33796433878157
"681","Montserrat",6,0.728555395222062,11809.4619895439,1.37257922535211
"682","Montserrat",7,0.729036395703062,11809.4619895439,1.37167363096547
"683","Montserrat",8,1,11795.492301904,1
"684","Montserrat",9,1,11825.3210644546,1
"685","Montserrat",10,1,11825.3210644546,1
"686","Montserrat",11,1,11786.1614158957,1
"687","Montserrat",12,1,11805.8576543369,1
"688","Montserrat",13,1,11788.3902155824,1
"689","Montserrat",14,1,11788.3902155824,1
"690","Montserrat",15,1,11825.3210644546,1
"691","Montserrat",16,1,11775.2837357405,1
"692","Montserrat",17,1,11775.2837357405,1
"693","Montserrat",18,1,11776.8493253099,1
"694","Montserrat",19,1,11776.8493253099,1
"695","Montserrat",20,1,11776.8493253099,1
"696","Montserrat",21,1,11776.8493253099,1
"697","Montserrat",22,1,11710.1785407864,1
"698","Montserrat",23,1,11795.492301904,1
"699","Montserrat",24,1,11756.0386093119,1
"700","Montserrat",25,1,11789.6381459055,1
"701","Montserrat",27,1,11754.8167166077,1
"702","Nicaragua",0,0.826658529028461,11806.1306438432,1.2096893274364
"703","Nicaragua",1,0.896480982514944,11809.4393370521,1.11547263076864
"704","Nicaragua",2,0.954150817784307,11793.1542102812,1.04805234283838
"705","Nicaragua",3,0.985638378680413,11809.4393370521,1.01457088282095
"706","Nicaragua",4,0.997412945645835,11825.3210644546,1.00259376456407
"707","Nicaragua",5,0.999464462143177,11825.3210644546,1.00053582481129
"708","Nicaragua",6,0.999810344167302,11809.4619895439,1.00018969180886
"709","Nicaragua",7,0.99985886347525,11809.4619895439,1.00014115644708
"710","Nicaragua",8,0.999877098885548,11795.492301904,1.00012291622099
"711","Nicaragua",9,0.999891044498868,11825.3210644546,1.00010896737373
"712","Nicaragua",10,0.999892869851357,11806.1306438432,1.00010714162674
"713","Nicaragua",11,0.999890627314129,11786.1614158957,1.00010938464956
"714","Nicaragua",12,0.999892557050812,11805.8576543369,1.00010745449442
"715","Nicaragua",13,0.999889236456191,11788.3902155824,1.00011077581373
"716","Nicaragua",14,0.999894281435771,11825.3210644546,1.00010572974183
"717","Nicaragua",15,0.999898410999378,11801.080533156,1.000101599322
"718","Nicaragua",16,0.999904621469633,11775.2837357405,1.0000953876283
"719","Nicaragua",17,0.999910092096015,11800.1331219494,1.00008991598814
"720","Nicaragua",18,0.99991444066329,11776.8493253099,1.00008556665774
"721","Nicaragua",19,0.999918017869101,11825.3210644546,1.00008198885252
"722","Nicaragua",20,0.999923023099561,11792.4232005494,1.00007698282634
"723","Nicaragua",21,0.999917091619818,11792.4232005494,1.00008291525455
"724","Nicaragua",22,0.99992837598641,11789.6381459055,1.00007162914396
"725","Nicaragua",23,0.99993282692213,11754.8167166077,1.0000671775904
"726","Nicaragua",24,0.999938957636927,11825.3210644546,1.00006104608947
"727","Nicaragua",25,0.99993358661641,11825.3210644546,1.00006641779462
"728","Nicaragua",26,0.999940279475097,11825.3210644546,1.00005972409166
"729","Nicaragua",27,0.999943968173923,11611.2235531601,1.00005603496582
"730","Nicaragua",28,NA,11049.7732381389,NA
"731","Panama",0,0.78857967238512,11795.492301904,1.26810268514204
"732","Panama",1,0.878764962592715,11800.303392638,1.13796070914069
"733","Panama",2,0.967889783330354,11825.3210644546,1.03317548880324
"734","Panama",3,1.01115784782718,11800.303392638,0.988965275944641
"735","Panama",4,1.02074888335011,11800.303392638,0.979672881657223
"736","Panama",5,1.01751657284779,11825.3210644546,0.982784975384953
"737","Panama",6,1.0126758955549,11809.4619895439,0.987482771525876
"738","Panama",7,1.01452437499133,11809.4619895439,0.985683562318107
"739","Panama",8,1.01499806657204,11795.492301904,0.985223551584984
"740","Panama",9,1.01535583258901,11825.3210644546,0.984876402837168
"741","Panama",10,1.01522017559434,11806.1306438432,0.98500800519904
"742","Panama",11,1.01491237316495,11786.1614158957,0.985306738237461
"743","Panama",12,1.01440270890603,11805.8576543369,0.985801783867901
"744","Panama",13,1.01360139856313,11788.3902155824,0.986581117012648
"745","Panama",14,1.01296908284669,11825.3210644546,0.987196960829012
"746","Panama",15,1.01230176816667,11801.080533156,0.987847726287243
"747","Panama",16,1.01087203542681,11775.2837357405,0.98924489446162
"748","Panama",17,1.00972210586759,11800.1331219494,0.990371503395739
"749","Panama",18,1.00893598879844,11776.8493253099,0.991143155861573
"750","Panama",19,1.00861821900789,11825.3210644546,0.991455420053421
"751","Panama",20,1.00758533144904,11792.4232005494,0.992471772650632
"752","Panama",21,1.00685422269321,11792.4232005494,0.993192437853736
"753","Panama",22,1.00672820849164,11789.6381459055,0.993316757755583
"754","Panama",23,1.00593324864028,11754.8167166077,0.994101747160357
"755","Panama",24,1.00546100224554,11825.3210644546,0.994568658323555
"756","Panama",25,1.00424365968436,11825.3210644546,0.995774272863525
"757","Panama",26,1.00266445090708,11825.3210644546,0.997342629526093
"758","Panama",27,1.00170998632011,11611.2235531601,0.99829293274155
"759","Panama",28,NA,11049.7732381389,NA
"760","Paraguay",0,9.67740896042908,11795.492301904,0.103333444322649
"761","Paraguay",1,8.71827992526393,11811.9399699987,0.114701524678301
"762","Paraguay",2,9.00479924951752,11800.303392638,0.111051892695285
"763","Paraguay",3,8.72474319059901,11800.303392638,0.114616554109869
"764","Paraguay",4,9.17523190120944,11825.3210644546,0.108989070877673
"765","Paraguay",5,9.02867808103217,11809.4393370521,0.110758185309635
"766","Paraguay",6,9.09831021619742,11809.4619895439,0.109910519232432
"767","Paraguay",7,8.64985152657476,11809.4619895439,0.115608920792192
"768","Paraguay",8,8.40518857240305,11795.492301904,0.118974130251322
"769","Paraguay",9,8.22389256165351,11825.3210644546,0.121596919281608
"770","Paraguay",10,8.03754861514748,11806.1306438432,0.124416043731967
"771","Paraguay",11,7.83073918910678,11786.1614158957,0.127701865156112
"772","Paraguay",12,7.46565545087153,11805.8576543369,0.133946711923768
"773","Paraguay",13,7.1725472115936,11788.3902155824,0.139420483476723
"774","Paraguay",14,6.78059948668709,11825.3210644546,0.147479585243662
"775","Paraguay",15,6.41613175910552,11801.080533156,0.155857148441635
"776","Paraguay",16,5.9382395877227,11775.2837357405,0.168400076357225
"777","Paraguay",17,5.34401807736127,11800.1331219494,0.187125115507426
"778","Paraguay",18,4.88961314765002,11776.8493253099,0.204515156885286
"779","Paraguay",19,4.16176414569784,11825.3210644546,0.240282717855056
"780","Paraguay",20,3.40982165376844,11792.4232005494,0.293270470288329
"781","Paraguay",21,3.43673155887825,11792.4232005494,0.290974137161414
"782","Paraguay",22,1.79810559180613,11789.6381459055,0.556140865451364
"783","Paraguay",23,1.55557548963323,11754.8167166077,0.642848904899997
"784","Paraguay",24,1.42104788272498,11825.3210644546,0.703706055338836
"785","Paraguay",25,1.43773908496491,11825.3210644546,0.695536492300623
"786","Paraguay",26,1.41611357270181,11825.3210644546,0.70615805065133
"787","Paraguay",27,1.37555555555556,11611.2235531601,0.726978998384491
"788","Paraguay",28,NA,11049.7732381389,NA
"789","Peru",0,1.0282320300037,11795.492301904,0.972543133086798
"790","Peru",1,1.06504621877497,11811.9399699987,0.938926388706602
"791","Peru",2,1.15188894979113,11800.303392638,0.868139242225845
"792","Peru",3,1.17750569169814,11811.9399699987,0.849252795167254
"793","Peru",4,1.11720641499103,11800.303392638,0.89508974042906
"794","Peru",5,1.07572483485045,11825.3210644546,0.929605757534664
"795","Peru",6,1.03353303427532,11809.4619895439,0.967554946805519
"796","Peru",7,1.03022137200764,11809.4619895439,0.970665166896367
"797","Peru",8,1.02756333357017,11795.492301904,0.973176024611155
"798","Peru",9,1.02509337067791,11825.3210644546,0.975520892637011
"799","Peru",10,1.02301897304903,11806.1306438432,0.97749897738414
"800","Peru",11,1.02103582263524,11786.1614158957,0.979397566501683
"801","Peru",12,1.01925142164429,11805.8576543369,0.981112195445132
"802","Peru",13,1.01786485532165,11788.3902155824,0.982448696181764
"803","Peru",14,1.01658556114662,11825.3210644546,0.983685031756783
"804","Peru",15,1.01547857100839,11801.080533156,0.984757363227252
"805","Peru",16,1.01474976194007,11775.2837357405,0.985464631288146
"806","Peru",17,1.01410052315606,11800.1331219494,0.986095537045799
"807","Peru",18,1.01307656289529,11776.8493253099,0.987092226417792
"808","Peru",19,1.01221659712801,11825.3210644546,0.987930846853658
"809","Peru",20,1.01122162088376,11792.4232005494,0.988902906492498
"810","Peru",21,1.0110563983332,11792.4232005494,0.989064508813325
"811","Peru",22,1.00907376858878,11789.6381459055,0.991007824332335
"812","Peru",23,1.00824711036805,11754.8167166077,0.991820348123749
"813","Peru",24,1.00681615675266,11825.3210644546,0.993229988705536
"814","Peru",25,1.00661592236043,11825.3210644546,0.993427560389755
"815","Peru",26,1.00464417420692,11825.3210644546,0.995377294442998
"816","Peru",27,1.00546741672461,11611.2235531601,0.994562313374195
"817","Peru",28,NA,11049.7732381389,NA
"818","Puerto Rico",0,0.735575543616172,11825.3210644546,1.35947967367687
"819","Puerto Rico",1,0.774522860236365,11811.9399699987,1.29111747546719
"820","Puerto Rico",2,0.827817782228611,11800.303392638,1.20799531185214
"821","Puerto Rico",3,0.897741464392468,11800.303392638,1.11390644151291
"822","Puerto Rico",4,0.953834080883484,11800.303392638,1.04840036652261
"823","Puerto Rico",5,0.973174625264531,11825.3210644546,1.02756481112337
"824","Puerto Rico",6,1,11809.4619895439,1
"825","Puerto Rico",7,1,11809.4619895439,1
"826","Puerto Rico",8,1,11795.492301904,1
"827","Puerto Rico",9,1,11825.3210644546,1
"828","Puerto Rico",10,1,11825.3210644546,1
"829","Puerto Rico",11,1,11788.3902155824,1
"830","Puerto Rico",12,1,11786.1614158957,1
"831","Puerto Rico",13,1,11788.3902155824,1
"832","Puerto Rico",14,1,11788.3902155824,1
"833","Puerto Rico",15,1,11775.2837357405,1
"834","Puerto Rico",16,1,11800.1331219494,1
"835","Puerto Rico",17,1,11801.080533156,1
"836","Puerto Rico",18,1,11825.3210644546,1
"837","Puerto Rico",19,1,11825.3210644546,1
"838","Puerto Rico",20,1,11825.3210644546,1
"839","Puerto Rico",21,1,11792.4232005494,1
"840","Puerto Rico",22,1,11789.6381459055,1
"841","Puerto Rico",23,1,11754.8167166077,1
"842","Puerto Rico",24,1,11764.1503469419,1
"843","Puerto Rico",25,1,11756.0386093119,1
"844","Puerto Rico",26,1,11710.1785407864,1
"845","Puerto Rico",27,1,11525.0970921697,1
"846","Puerto Rico",28,NA,11049.7732381389,NA
"847","Saint Barthelemy",0,0.995298608201834,11792.4232005494,1.00472359928912
"848","Saint Barthelemy",1,0.992933947772657,11775.2837357405,1.00711633663366
"849","Saint Barthelemy",2,1,11786.1614158957,1
"850","Saint Barthelemy",3,1,11806.1306438432,1
"851","Saint Barthelemy",4,1,11806.1306438432,1
"852","Saint Barthelemy",5,1,11806.1306438432,1
"853","Saint Barthelemy",6,1,11805.8576543369,1
"854","Saint Barthelemy",7,1,11805.8576543369,1
"855","Saint Barthelemy",8,1,11788.3902155824,1
"856","Saint Barthelemy",9,1,11825.3210644546,1
"857","Saint Barthelemy",10,1,11825.3210644546,1
"858","Saint Barthelemy",11,1,11775.2837357405,1
"859","Saint Barthelemy",12,1,11800.1331219494,1
"860","Saint Barthelemy",13,1,11776.8493253099,1
"861","Saint Barthelemy",14,1,11776.8493253099,1
"862","Saint Barthelemy",15,1,11774.146609491,1
"863","Saint Barthelemy",16,1,11801.080533156,1
"864","Saint Barthelemy",17,1,11756.0386093119,1
"865","Saint Barthelemy",18,1,11754.8167166077,1
"866","Saint Barthelemy",19,1,11825.3210644546,1
"867","Saint Barthelemy",20,1,11754.8167166077,1
"868","Saint Barthelemy",21,1,11800.1331219494,1
"869","Saint Barthelemy",22,1,11710.1785407864,1
"870","Saint Barthelemy",23,1,11776.8493253099,1
"871","Saint Barthelemy",24,1,11611.2235531601,1
"872","Saint Barthelemy",25,NA,11049.7732381389,NA
"873","Saint Kitts and Nevis",0,1,11786.1614158957,1
"874","Saint Kitts and Nevis",1,1,11793.1542102812,1
"875","Saint Kitts and Nevis",2,1,11809.4619895439,1
"876","Saint Kitts and Nevis",3,1,11793.1542102812,1
"877","Saint Kitts and Nevis",4,1,11809.4393370521,1
"878","Saint Kitts and Nevis",5,1,11809.4393370521,1
"879","Saint Kitts and Nevis",6,1,11809.4619895439,1
"880","Saint Kitts and Nevis",7,1,11809.4619895439,1
"881","Saint Kitts and Nevis",8,1,11795.492301904,1
"882","Saint Kitts and Nevis",9,1,11825.3210644546,1
"883","Saint Kitts and Nevis",10,1,11806.1306438432,1
"884","Saint Kitts and Nevis",11,1,11786.1614158957,1
"885","Saint Kitts and Nevis",12,1,11805.8576543369,1
"886","Saint Kitts and Nevis",13,1,11788.3902155824,1
"887","Saint Kitts and Nevis",14,1,11825.3210644546,1
"888","Saint Kitts and Nevis",15,1,11801.080533156,1
"889","Saint Kitts and Nevis",16,1,11775.2837357405,1
"890","Saint Kitts and Nevis",17,1,11800.1331219494,1
"891","Saint Kitts and Nevis",18,1,11776.8493253099,1
"892","Saint Kitts and Nevis",19,1,11825.3210644546,1
"893","Saint Kitts and Nevis",20,1,11792.4232005494,1
"894","Saint Kitts and Nevis",21,1,11792.4232005494,1
"895","Saint Kitts and Nevis",22,1,11789.6381459055,1
"896","Saint Kitts and Nevis",23,1,11754.8167166077,1
"897","Saint Kitts and Nevis",24,1,11825.3210644546,1
"898","Saint Kitts and Nevis",25,1,11825.3210644546,1
"899","Saint Kitts and Nevis",26,1,11825.3210644546,1
"900","Saint Kitts and Nevis",27,1,11611.2235531601,1
"901","Saint Kitts and Nevis",28,NA,11049.7732381389,NA
"902","Saint Lucia",0,0.875752913752914,11825.3210644546,1.14187459076173
"903","Saint Lucia",1,0.955730380730381,11825.3210644546,1.04632019674397
"904","Saint Lucia",2,1,11809.4393370521,1
"905","Saint Lucia",3,1,11809.4393370521,1
"906","Saint Lucia",4,1,11809.4393370521,1
"907","Saint Lucia",5,1,11809.4393370521,1
"908","Saint Lucia",6,1,11809.4619895439,1
"909","Saint Lucia",7,1,11809.4619895439,1
"910","Saint Lucia",8,1,11795.492301904,1
"911","Saint Lucia",9,1,11825.3210644546,1
"912","Saint Lucia",10,1,11806.1306438432,1
"913","Saint Lucia",11,1,11786.1614158957,1
"914","Saint Lucia",12,1,11805.8576543369,1
"915","Saint Lucia",13,1,11788.3902155824,1
"916","Saint Lucia",14,1,11825.3210644546,1
"917","Saint Lucia",15,1,11801.080533156,1
"918","Saint Lucia",16,1,11775.2837357405,1
"919","Saint Lucia",17,1,11800.1331219494,1
"920","Saint Lucia",18,1,11776.8493253099,1
"921","Saint Lucia",19,1,11825.3210644546,1
"922","Saint Lucia",20,1,11792.4232005494,1
"923","Saint Lucia",21,1,11792.4232005494,1
"924","Saint Lucia",22,1,11789.6381459055,1
"925","Saint Lucia",23,1,11754.8167166077,1
"926","Saint Lucia",24,1,11825.3210644546,1
"927","Saint Lucia",25,1,11825.3210644546,1
"928","Saint Lucia",26,1,11825.3210644546,1
"929","Saint Lucia",27,1,11611.2235531601,1
"930","Saint Lucia",28,NA,11049.7732381389,NA
"931","Saint Martin",0,0.979901051329623,11792.4232005494,1.02051120227201
"932","Saint Martin",1,0.968253968253968,11775.2837357405,1.0327868852459
"933","Saint Martin",2,1,11786.1614158957,1
"934","Saint Martin",3,1,11806.1306438432,1
"935","Saint Martin",4,1,11806.1306438432,1
"936","Saint Martin",5,1,11806.1306438432,1
"937","Saint Martin",6,1,11805.8576543369,1
"938","Saint Martin",7,1,11805.8576543369,1
"939","Saint Martin",8,1,11788.3902155824,1
"940","Saint Martin",9,1,11825.3210644546,1
"941","Saint Martin",10,1,11825.3210644546,1
"942","Saint Martin",11,1,11775.2837357405,1
"943","Saint Martin",12,1,11800.1331219494,1
"944","Saint Martin",13,1,11776.8493253099,1
"945","Saint Martin",14,1,11776.8493253099,1
"946","Saint Martin",15,1,11774.146609491,1
"947","Saint Martin",16,1,11801.080533156,1
"948","Saint Martin",17,1,11756.0386093119,1
"949","Saint Martin",18,1,11754.8167166077,1
"950","Saint Martin",19,1,11825.3210644546,1
"951","Saint Martin",20,1,11754.8167166077,1
"952","Saint Martin",21,1,11800.1331219494,1
"953","Saint Martin",22,1,11710.1785407864,1
"954","Saint Martin",23,1,11776.8493253099,1
"955","Saint Martin",24,1,11611.2235531601,1
"956","Saint Martin",25,NA,11049.7732381389,NA
"957","Saint Vincent and the Grenadines",0,0.891166624290194,11786.1614158957,1.12212460918461
"958","Saint Vincent and the Grenadines",1,0.879591567852437,11793.1542102812,1.13689129881218
"959","Saint Vincent and the Grenadines",2,0.884607984607985,11809.4619895439,1.13044423902996
"960","Saint Vincent and the Grenadines",3,0.885388669301713,11793.1542102812,1.12944747846014
"961","Saint Vincent and the Grenadines",4,0.884956480093287,11809.4393370521,1.12999907056965
"962","Saint Vincent and the Grenadines",5,0.90653714809262,11809.4393370521,1.10309875563735
"963","Saint Vincent and the Grenadines",6,0.930945165945166,11809.4619895439,1.07417712297236
"964","Saint Vincent and the Grenadines",7,0.93512506012506,11809.4619895439,1.06937568314795
"965","Saint Vincent and the Grenadines",8,0.952029914529914,11795.492301904,1.05038716193469
"966","Saint Vincent and the Grenadines",9,0.96,11825.3210644546,1.04166666666667
"967","Saint Vincent and the Grenadines",10,0.968859649122807,11806.1306438432,1.03214124038026
"968","Saint Vincent and the Grenadines",11,0.967179421984914,11786.1614158957,1.03393432208031
"969","Saint Vincent and the Grenadines",12,0.977346999405823,11805.8576543369,1.02317805304354
"970","Saint Vincent and the Grenadines",13,1,11788.3902155824,1
"971","Saint Vincent and the Grenadines",14,1,11825.3210644546,1
"972","Saint Vincent and the Grenadines",15,1,11801.080533156,1
"973","Saint Vincent and the Grenadines",16,1,11775.2837357405,1
"974","Saint Vincent and the Grenadines",17,1,11800.1331219494,1
"975","Saint Vincent and the Grenadines",18,1,11776.8493253099,1
"976","Saint Vincent and the Grenadines",19,1,11825.3210644546,1
"977","Saint Vincent and the Grenadines",20,1,11792.4232005494,1
"978","Saint Vincent and the Grenadines",21,1,11792.4232005494,1
"979","Saint Vincent and the Grenadines",22,1,11789.6381459055,1
"980","Saint Vincent and the Grenadines",23,1,11754.8167166077,1
"981","Saint Vincent and the Grenadines",24,1,11825.3210644546,1
"982","Saint Vincent and the Grenadines",25,1,11825.3210644546,1
"983","Saint Vincent and the Grenadines",26,1,11825.3210644546,1
"984","Saint Vincent and the Grenadines",27,1,11611.2235531601,1
"985","Saint Vincent and the Grenadines",28,NA,11049.7732381389,NA
"986","Suriname",0,0.752767762236088,11795.492301904,1.32843095861267
"987","Suriname",1,0.713702779246897,11811.9399699987,1.40114348588527
"988","Suriname",2,0.716027539418906,11800.303392638,1.3965943276589
"989","Suriname",3,0.772884729649436,11825.3210644546,1.29385400129924
"990","Suriname",4,0.798425430778372,11825.3210644546,1.25246511627907
"991","Suriname",5,0.842328550572774,11809.4393370521,1.18718521332325
"992","Suriname",6,0.87374950922188,11809.4619895439,1.14449277446868
"993","Suriname",7,0.887891642729942,11809.4619895439,1.12626355725724
"994","Suriname",8,0.944528726558462,11795.492301904,1.05872904855277
"995","Suriname",9,0.95055611055611,11825.3210644546,1.05201575045892
"996","Suriname",10,0.978211262421789,11806.1306438432,1.02227406125367
"997","Suriname",11,0.984027922243025,11786.1614158957,1.01623132575402
"998","Suriname",12,0.983525090476962,11805.8576543369,1.01675087873462
"999","Suriname",13,0.991405653170359,11788.3902155824,1.00866884993258
"1000","Suriname",14,0.995454545454545,11825.3210644546,1.00456621004566
"1001","Suriname",15,1,11801.080533156,1
"1002","Suriname",16,1,11775.2837357405,1
"1003","Suriname",17,1,11800.1331219494,1
"1004","Suriname",18,1,11776.8493253099,1
"1005","Suriname",19,1,11825.3210644546,1
"1006","Suriname",20,1,11792.4232005494,1
"1007","Suriname",21,1,11792.4232005494,1
"1008","Suriname",22,1,11789.6381459055,1
"1009","Suriname",23,1,11754.8167166077,1
"1010","Suriname",24,1,11825.3210644546,1
"1011","Suriname",25,1,11825.3210644546,1
"1012","Suriname",26,1,11825.3210644546,1
"1013","Suriname",27,1,11611.2235531601,1
"1014","Suriname",28,NA,11049.7732381389,NA
"1015","Trinidad and Tobago",0,0.751063264221159,11792.4232005494,1.33144576181207
"1016","Trinidad and Tobago",1,0.8302668208984,11775.2837357405,1.2044320871668
"1017","Trinidad and Tobago",2,0.875043517251186,11800.1331219494,1.14280030682513
"1018","Trinidad and Tobago",3,0.898748923591029,11775.2837357405,1.11265779991637
"1019","Trinidad and Tobago",4,0.909642465373251,11809.4393370521,1.09933302156213
"1020","Trinidad and Tobago",5,0.940253146453089,11809.4393370521,1.06354336996616
"1021","Trinidad and Tobago",6,0.949013949013949,11809.4619895439,1.05372529143436
"1022","Trinidad and Tobago",7,0.948833573833574,11809.4619895439,1.05392560674229
"1023","Trinidad and Tobago",8,1,11795.492301904,1
"1024","Trinidad and Tobago",9,1,11825.3210644546,1
"1025","Trinidad and Tobago",10,1,11825.3210644546,1
"1026","Trinidad and Tobago",11,1,11786.1614158957,1
"1027","Trinidad and Tobago",12,1,11805.8576543369,1
"1028","Trinidad and Tobago",13,1,11788.3902155824,1
"1029","Trinidad and Tobago",14,1,11788.3902155824,1
"1030","Trinidad and Tobago",15,1,11825.3210644546,1
"1031","Trinidad and Tobago",16,1,11775.2837357405,1
"1032","Trinidad and Tobago",17,1,11775.2837357405,1
"1033","Trinidad and Tobago",18,1,11776.8493253099,1
"1034","Trinidad and Tobago",19,1,11776.8493253099,1
"1035","Trinidad and Tobago",20,1,11776.8493253099,1
"1036","Trinidad and Tobago",21,1,11776.8493253099,1
"1037","Trinidad and Tobago",22,1,11710.1785407864,1
"1038","Trinidad and Tobago",23,1,11795.492301904,1
"1039","Trinidad and Tobago",24,1,11756.0386093119,1
"1040","Trinidad and Tobago",25,1,11789.6381459055,1
"1041","Trinidad and Tobago",27,1,11754.8167166077,1
"1042","Turks and Caicos Islands",0,NA,11049.7732381389,NA
"1043","Turks and Caicos Islands",1,1,11525.0970921697,1
"1044","Turks and Caicos Islands",2,1,11525.0970921697,1
"1045","Turks and Caicos Islands",3,1,11825.3210644546,1
"1046","Turks and Caicos Islands",4,1,11696.063093402,1
"1047","Turks and Caicos Islands",5,1,11764.1503469419,1
"1048","Turks and Caicos Islands",6,1,11764.1503469419,1
"1049","Turks and Caicos Islands",7,1,11825.3210644546,1
"1050","Turks and Caicos Islands",8,1,11825.3210644546,1
"1051","Turks and Caicos Islands",9,1,11825.3210644546,1
"1052","Turks and Caicos Islands",10,1,11825.3210644546,1
"1053","Turks and Caicos Islands",11,1,11710.1785407864,1
"1054","Turks and Caicos Islands",12,1,11710.1785407864,1
"1055","Turks and Caicos Islands",13,1,11611.2235531601,1
"1056","Turks and Caicos Islands",14,NA,11049.7732381389,NA
"1057","United States of America",0,Inf,11795.492301904,0
"1058","United States of America",1,Inf,11811.9399699987,0
"1059","United States of America",2,Inf,11800.303392638,0
"1060","United States of America",3,Inf,11825.3210644546,0
"1061","United States of America",4,Inf,11825.3210644546,0
"1062","United States of America",5,1,11809.4393370521,1
"1063","United States of America",6,1,11809.4619895439,1
"1064","United States of America",7,1,11809.4619895439,1
"1065","United States of America",8,1,11795.492301904,1
"1066","United States of America",9,1,11825.3210644546,1
"1067","United States of America",10,1,11806.1306438432,1
"1068","United States of America",11,1,11786.1614158957,1
"1069","United States of America",12,1,11805.8576543369,1
"1070","United States of America",13,1,11788.3902155824,1
"1071","United States of America",14,1,11825.3210644546,1
"1072","United States of America",15,1,11801.080533156,1
"1073","United States of America",16,1,11775.2837357405,1
"1074","United States of America",17,1,11800.1331219494,1
"1075","United States of America",18,1,11776.8493253099,1
"1076","United States of America",19,1,11825.3210644546,1
"1077","United States of America",20,1,11792.4232005494,1
"1078","United States of America",21,1,11792.4232005494,1
"1079","United States of America",22,1,11789.6381459055,1
"1080","United States of America",23,1,11754.8167166077,1
"1081","United States of America",24,1,11825.3210644546,1
"1082","United States of America",25,1,11825.3210644546,1
"1083","United States of America",26,1,11825.3210644546,1
"1084","United States of America",27,1,11611.2235531601,1
"1085","United States of America",28,NA,11049.7732381389,NA
"1086","Uruguay",0,0.963654401154401,11792.4232005494,1.03771642489471
"1087","Uruguay",1,0.986111111111111,11775.2837357405,1.01408450704225
"1088","Uruguay",2,0.985105580693816,11800.1331219494,1.01511961722488
"1089","Uruguay",3,0.972222222222222,11775.2837357405,1.02857142857143
"1090","Uruguay",4,0.974221222721972,11809.4393370521,1.02646090710896
"1091","Uruguay",5,0.982914792603698,11809.4393370521,1.01738218564301
"1092","Uruguay",6,0.990680615680616,11809.4619895439,1.00940705225466
"1093","Uruguay",7,1,11809.4619895439,1
"1094","Uruguay",8,1,11795.492301904,1
"1095","Uruguay",9,1,11825.3210644546,1
"1096","Uruguay",10,1,11825.3210644546,1
"1097","Uruguay",11,1,11786.1614158957,1
"1098","Uruguay",12,1,11805.8576543369,1
"1099","Uruguay",13,1,11788.3902155824,1
"1100","Uruguay",14,1,11788.3902155824,1
"1101","Uruguay",15,1,11825.3210644546,1
"1102","Uruguay",16,1,11775.2837357405,1
"1103","Uruguay",17,1,11775.2837357405,1
"1104","Uruguay",18,1,11776.8493253099,1
"1105","Uruguay",19,1,11776.8493253099,1
"1106","Uruguay",20,1,11776.8493253099,1
"1107","Uruguay",21,1,11776.8493253099,1
"1108","Uruguay",22,1,11710.1785407864,1
"1109","Uruguay",23,1,11795.492301904,1
"1110","Uruguay",24,1,11756.0386093119,1
"1111","Uruguay",25,1,11789.6381459055,1
"1112","Uruguay",27,1,11754.8167166077,1
"1113","Venezuela",0,0.737523476007641,11795.492301904,1.35588904289962
"1114","Venezuela",1,0.794809823166156,11800.303392638,1.25816260802674
"1115","Venezuela",2,0.857632685408696,11825.3210644546,1.16600033675659
"1116","Venezuela",3,0.914943764485484,11800.303392638,1.09296334793029
"1117","Venezuela",4,0.949889324959811,11800.303392638,1.0527542248591
"1118","Venezuela",5,0.965906278923305,11825.3210644546,1.03529713163755
"1119","Venezuela",6,0.973194041406623,11809.4619895439,1.02754431023297
"1120","Venezuela",7,0.977457467289347,11809.4619895439,1.02306241802333
"1121","Venezuela",8,0.979429693131904,11795.492301904,1.02100233126721
"1122","Venezuela",9,0.980857319212766,11825.3210644546,1.0195162746021
"1123","Venezuela",10,0.981796365668898,11806.1306438432,1.01854115065775
"1124","Venezuela",11,0.982820528026371,11786.1614158957,1.01747976510841
"1125","Venezuela",12,0.983588556341638,11805.8576543369,1.0166852730774
"1126","Venezuela",13,0.984339030954528,11788.3902155824,1.01591013721186
"1127","Venezuela",14,0.984864963129751,11825.3210644546,1.01536762646338
"1128","Venezuela",15,0.985320481573321,11801.080533156,1.01489821707881
"1129","Venezuela",16,0.986187227002073,11775.2837357405,1.01400623798375
"1130","Venezuela",17,0.986531601757949,11800.1331219494,1.01365227248478
"1131","Venezuela",18,0.986757444415638,11776.8493253099,1.01342027431291
"1132","Venezuela",19,0.987229802729336,11825.3210644546,1.01293538468486
"1133","Venezuela",20,0.987797398700221,11792.4232005494,1.01235334423419
"1134","Venezuela",21,0.988251534015856,11792.4232005494,1.011888133314
"1135","Venezuela",22,0.989164916605465,11789.6381459055,1.01095376838851
"1136","Venezuela",23,0.990324900821807,11754.8167166077,1.00976962123255
"1137","Venezuela",24,0.991696825889927,11825.3210644546,1.00837269404651
"1138","Venezuela",25,0.992571851035457,11825.3210644546,1.00748373929484
"1139","Venezuela",26,0.994284631198332,11825.3210644546,1.00574822201041
"1140","Venezuela",27,0.993456131846825,11611.2235531601,1.0065869724323
"1141","Venezuela",28,NA,11049.7732381389,NA
"1142","Virgin Islands (UK)",0,0.842488375821709,11825.3210644546,1.18695999695505
"1143","Virgin Islands (UK)",1,0.913025777828409,11801.080533156,1.09525932814127
"1144","Virgin Islands (UK)",2,0.938717103002817,11775.2837357405,1.06528366938362
"1145","Virgin Islands (UK)",3,0.968100174679122,11801.080533156,1.03295095503051
"1146","Virgin Islands (UK)",4,0.996838701861191,11809.4393370521,1.00317132363832
"1147","Virgin Islands (UK)",5,0.998391902533582,11809.4393370521,1.00161068760908
"1148","Virgin Islands (UK)",6,1,11809.4619895439,1
"1149","Virgin Islands (UK)",7,1,11809.4619895439,1
"1150","Virgin Islands (UK)",8,1,11795.492301904,1
"1151","Virgin Islands (UK)",9,1,11825.3210644546,1
"1152","Virgin Islands (UK)",10,1,11806.1306438432,1
"1153","Virgin Islands (UK)",11,1,11806.1306438432,1
"1154","Virgin Islands (UK)",12,1,11805.8576543369,1
"1155","Virgin Islands (UK)",13,1,11788.3902155824,1
"1156","Virgin Islands (UK)",14,1,11825.3210644546,1
"1157","Virgin Islands (UK)",15,1,11825.3210644546,1
"1158","Virgin Islands (UK)",16,1,11801.080533156,1
"1159","Virgin Islands (UK)",17,1,11800.1331219494,1
"1160","Virgin Islands (UK)",18,1,11800.1331219494,1
"1161","Virgin Islands (UK)",19,1,11825.3210644546,1
"1162","Virgin Islands (UK)",20,1,11825.3210644546,1
"1163","Virgin Islands (UK)",21,1,11825.3210644546,1
"1164","Virgin Islands (UK)",22,1,11825.3210644546,1
"1165","Virgin Islands (UK)",23,1,11806.1306438432,1
"1166","Virgin Islands (UK)",24,1,11792.4232005494,1
"1167","Virgin Islands (UK)",25,1,11789.6381459055,1
"1168","Virgin Islands (UK)",27,1,11825.3210644546,1
