"country","iso3","year","ext_date","EW","onset_date","total_den","total_corrected_cases","total_applied_cases","d","rf","correction_applied","correction_excluded","correction_reason"
"Canada","CAN",2014,"20261007",5,2014-01-27,0,NA,0,662,NA,FALSE,TRUE,"no_lookup_match"
"Canada","CAN",2015,"20261007",5,2015-01-26,0,NA,0,610,NA,FALSE,TRUE,"no_lookup_match"
"Canada","CAN",2016,"20261007",5,2016-02-01,0,NA,0,557,NA,FALSE,TRUE,"no_lookup_match"
"Canada","CAN",2017,"20261007",5,2017-01-30,0,NA,0,505,NA,FALSE,TRUE,"no_lookup_match"
"Canada","CAN",2018,"20261007",5,2018-01-29,0,NA,0,453,NA,FALSE,TRUE,"no_lookup_match"
"Canada","CAN",2019,"20261007",5,2019-01-28,0,NA,0,401,NA,FALSE,TRUE,"no_lookup_match"
"Canada","CAN",2020,"20261007",5,2020-01-27,0,NA,0,349,NA,FALSE,TRUE,"no_lookup_match"
"Canada","CAN",2021,"20261007",5,2021-02-01,0,NA,0,296,NA,FALSE,TRUE,"no_lookup_match"
"Canada","CAN",2022,"20261007",5,2022-01-31,0,NA,0,244,NA,FALSE,TRUE,"no_lookup_match"
"Canada","CAN",2023,"20261007",5,2023-01-30,0,NA,0,192,NA,FALSE,TRUE,"no_lookup_match"
"Canada","CAN",2025,"20261007",5,2025-01-27,0,NA,0,88,NA,FALSE,TRUE,"no_lookup_match"
"United States of America","USA",2014,"20261007",5,2014-01-27,54,NA,54,662,NA,FALSE,TRUE,"no_lookup_match"
"United States of America","USA",2016,"20261007",5,2016-02-01,169,NA,169,557,NA,FALSE,TRUE,"no_lookup_match"
"United States of America","USA",2017,"20261007",5,2017-01-30,32,NA,32,505,NA,FALSE,TRUE,"no_lookup_match"
"United States of America","USA",2018,"20261007",5,2018-01-29,4,NA,4,453,NA,FALSE,TRUE,"no_lookup_match"
"United States of America","USA",2019,"20261007",5,2019-01-28,11,NA,11,401,NA,FALSE,TRUE,"no_lookup_match"
"United States of America","USA",2020,"20261007",5,2020-01-27,17,NA,17,349,NA,FALSE,TRUE,"no_lookup_match"
"United States of America","USA",2021,"20261007",5,2021-02-01,4,NA,4,296,NA,FALSE,TRUE,"no_lookup_match"
"United States of America","USA",2022,"20261007",5,2022-01-31,11,NA,11,244,NA,FALSE,TRUE,"no_lookup_match"
"United States of America","USA",2023,"20261007",5,2023-01-30,0,NA,0,192,NA,FALSE,TRUE,"no_lookup_match"
"United States of America","USA",2025,"20261007",5,2025-01-27,78,NA,78,88,NA,FALSE,TRUE,"no_lookup_match"
"United States of America","USA",2015,"20261007",5,2015-01-26,3,NA,3,610,NA,FALSE,TRUE,"no_lookup_match"
"Belize","BLZ",2014,"20261007",5,2014-01-27,253,NA,253,662,NA,FALSE,TRUE,"country_excluded"
"Belize","BLZ",2018,"20261007",5,2018-01-29,58,NA,58,453,NA,FALSE,TRUE,"country_excluded"
"Belize","BLZ",2021,"20261007",5,2021-02-01,179,NA,179,296,NA,FALSE,TRUE,"country_excluded"
"Belize","BLZ",2022,"20261007",5,2022-01-31,425,NA,425,244,NA,FALSE,TRUE,"country_excluded"
"Belize","BLZ",2023,"20261007",5,2023-01-30,52,NA,52,192,NA,FALSE,TRUE,"country_excluded"
"Belize","BLZ",2025,"20261007",5,2025-01-27,54,NA,54,88,NA,FALSE,TRUE,"country_excluded"
"Belize","BLZ",2019,"20261007",5,2019-01-28,101,NA,101,401,NA,FALSE,TRUE,"country_excluded"
"Belize","BLZ",2020,"20261007",5,2020-01-27,99,NA,99,349,NA,FALSE,TRUE,"country_excluded"
"Belize","BLZ",2015,"20261007",5,2015-01-26,205,NA,205,610,NA,FALSE,TRUE,"country_excluded"
"Belize","BLZ",2017,"20261007",5,2017-01-30,217,NA,217,505,NA,FALSE,TRUE,"country_excluded"
"Belize","BLZ",2016,"20261007",5,2016-02-01,314,NA,314,557,NA,FALSE,TRUE,"country_excluded"
"Costa Rica","CRI",2017,"20261007",5,2017-01-30,686,NA,686,505,NA,FALSE,TRUE,"no_lookup_match"
"Costa Rica","CRI",2018,"20261007",5,2018-01-29,193,NA,193,453,NA,FALSE,TRUE,"no_lookup_match"
"Costa Rica","CRI",2019,"20261007",5,2019-01-28,165,NA,165,401,NA,FALSE,TRUE,"no_lookup_match"
"Costa Rica","CRI",2020,"20261007",5,2020-01-27,777,NA,777,349,NA,FALSE,TRUE,"no_lookup_match"
"Costa Rica","CRI",2021,"20261007",5,2021-02-01,369,NA,369,296,NA,FALSE,TRUE,"no_lookup_match"
"Costa Rica","CRI",2022,"20261007",5,2022-01-31,256,NA,256,244,NA,FALSE,TRUE,"no_lookup_match"
"Costa Rica","CRI",2014,"20261007",5,2014-01-27,1025,NA,1025,662,NA,FALSE,TRUE,"no_lookup_match"
"Costa Rica","CRI",2015,"20261007",5,2015-01-26,541,NA,541,610,NA,FALSE,TRUE,"no_lookup_match"
"Costa Rica","CRI",2016,"20261007",5,2016-02-01,4032,NA,4032,557,NA,FALSE,TRUE,"no_lookup_match"
"Costa Rica","CRI",2025,"20261007",5,2025-01-27,544,NA,544,88,NA,FALSE,TRUE,"no_lookup_match"
"Costa Rica","CRI",2023,"20261007",5,2023-01-30,304,NA,304,192,NA,FALSE,TRUE,"no_lookup_match"
"El Salvador","SLV",2020,"20261007",5,2020-01-27,904,NA,904,349,NA,FALSE,TRUE,"no_lookup_match"
"El Salvador","SLV",2021,"20261007",5,2021-02-01,247,NA,247,296,NA,FALSE,TRUE,"no_lookup_match"
"El Salvador","SLV",2022,"20261007",5,2022-01-31,781,NA,781,244,NA,FALSE,TRUE,"no_lookup_match"
"El Salvador","SLV",2023,"20261007",5,2023-01-30,381,NA,381,192,NA,FALSE,TRUE,"no_lookup_match"
"El Salvador","SLV",2014,"20261007",5,2014-01-27,1785,NA,1785,662,NA,FALSE,TRUE,"no_lookup_match"
"El Salvador","SLV",2015,"20261007",5,2015-01-26,1368,NA,1368,610,NA,FALSE,TRUE,"no_lookup_match"
"El Salvador","SLV",2025,"20261007",5,2025-01-27,411,NA,411,88,NA,FALSE,TRUE,"no_lookup_match"
"El Salvador","SLV",2016,"20261007",5,2016-02-01,1743,NA,1743,557,NA,FALSE,TRUE,"no_lookup_match"
"El Salvador","SLV",2017,"20261007",5,2017-01-30,310,NA,310,505,NA,FALSE,TRUE,"no_lookup_match"
"El Salvador","SLV",2018,"20261007",5,2018-01-29,311,NA,311,453,NA,FALSE,TRUE,"no_lookup_match"
"El Salvador","SLV",2019,"20261007",5,2019-01-28,681,NA,681,401,NA,FALSE,TRUE,"no_lookup_match"
"Guatemala","GTM",2020,"20261007",5,2020-01-27,1524,NA,1524,349,NA,FALSE,TRUE,"no_lookup_match"
"Guatemala","GTM",2025,"20261007",5,2025-01-27,4342,NA,4342,88,NA,FALSE,TRUE,"no_lookup_match"
"Guatemala","GTM",2014,"20261007",5,2014-01-27,227,NA,227,662,NA,FALSE,TRUE,"no_lookup_match"
"Guatemala","GTM",2015,"20261007",5,2015-01-26,1041,NA,1041,610,NA,FALSE,TRUE,"no_lookup_match"
"Guatemala","GTM",2016,"20261007",5,2016-02-01,763,NA,763,557,NA,FALSE,TRUE,"no_lookup_match"
"Guatemala","GTM",2017,"20261007",5,2017-01-30,179,NA,179,505,NA,FALSE,TRUE,"no_lookup_match"
"Guatemala","GTM",2019,"20261007",5,2019-01-28,819,NA,819,401,NA,FALSE,TRUE,"no_lookup_match"
"Guatemala","GTM",2022,"20261007",5,2022-01-31,292,NA,292,244,NA,FALSE,TRUE,"no_lookup_match"
"Guatemala","GTM",2023,"20261007",5,2023-01-30,529,NA,529,192,NA,FALSE,TRUE,"no_lookup_match"
"Guatemala","GTM",2018,"20261007",5,2018-01-29,383,NA,383,453,NA,FALSE,TRUE,"no_lookup_match"
"Guatemala","GTM",2021,"20261007",5,2021-02-01,184,NA,184,296,NA,FALSE,TRUE,"no_lookup_match"
"Honduras","HND",2015,"20261007",5,2015-01-26,4302,NA,4302,610,NA,FALSE,TRUE,"no_lookup_match"
"Honduras","HND",2020,"20261007",5,2020-01-27,5348,NA,5348,349,NA,FALSE,TRUE,"no_lookup_match"
"Honduras","HND",2021,"20261007",5,2021-02-01,1036,NA,1036,296,NA,FALSE,TRUE,"no_lookup_match"
"Honduras","HND",2023,"20261007",5,2023-01-30,1164,NA,1164,192,NA,FALSE,TRUE,"no_lookup_match"
"Honduras","HND",2025,"20261007",5,2025-01-27,1434,NA,1434,88,NA,FALSE,TRUE,"no_lookup_match"
"Honduras","HND",2019,"20261007",5,2019-01-28,1611,NA,1611,401,NA,FALSE,TRUE,"no_lookup_match"
"Honduras","HND",2018,"20261007",5,2018-01-29,262,NA,262,453,NA,FALSE,TRUE,"no_lookup_match"
"Honduras","HND",2016,"20261007",5,2016-02-01,3557,NA,3557,557,NA,FALSE,TRUE,"no_lookup_match"
"Honduras","HND",2017,"20261007",5,2017-01-30,564,NA,564,505,NA,FALSE,TRUE,"no_lookup_match"
"Honduras","HND",2014,"20261007",5,2014-01-27,732,NA,732,662,NA,FALSE,TRUE,"no_lookup_match"
"Honduras","HND",2022,"20261007",5,2022-01-31,2003,NA,2003,244,NA,FALSE,TRUE,"no_lookup_match"
"Mexico","MEX",2018,"20261007",5,2018-01-29,1295,NA,1295,453,NA,FALSE,TRUE,"no_lookup_match"
"Mexico","MEX",2019,"20261007",5,2019-01-28,3201,NA,3201,401,NA,FALSE,TRUE,"no_lookup_match"
"Mexico","MEX",2020,"20261007",5,2020-01-27,8146,NA,8146,349,NA,FALSE,TRUE,"no_lookup_match"
"Mexico","MEX",2022,"20261007",5,2022-01-31,1275,NA,1275,244,NA,FALSE,TRUE,"no_lookup_match"
"Mexico","MEX",2014,"20261007",5,2014-01-27,5190,NA,5190,662,NA,FALSE,TRUE,"no_lookup_match"
"Mexico","MEX",2015,"20261007",5,2015-01-26,5655,NA,5655,610,NA,FALSE,TRUE,"no_lookup_match"
"Mexico","MEX",2016,"20261007",5,2016-02-01,6584,NA,6584,557,NA,FALSE,TRUE,"no_lookup_match"
"Mexico","MEX",2023,"20261007",5,2023-01-30,4157,NA,4157,192,NA,FALSE,TRUE,"no_lookup_match"
"Mexico","MEX",2025,"20261007",5,2025-01-27,11125,NA,11125,88,NA,FALSE,TRUE,"no_lookup_match"
"Mexico","MEX",2021,"20261007",5,2021-02-01,1657,NA,1657,296,NA,FALSE,TRUE,"no_lookup_match"
"Mexico","MEX",2017,"20261007",5,2017-01-30,2471,NA,2471,505,NA,FALSE,TRUE,"no_lookup_match"
"Nicaragua","NIC",2025,"20261007",4,2025-01-20,5702,NA,5702,89,NA,FALSE,TRUE,"no_lookup_match"
"Nicaragua","NIC",2014,"20261007",5,2014-01-27,2074,NA,2074,662,NA,FALSE,TRUE,"no_lookup_match"
"Nicaragua","NIC",2022,"20261007",5,2022-01-31,4300,NA,4300,244,NA,FALSE,TRUE,"no_lookup_match"
"Nicaragua","NIC",2023,"20261007",5,2023-01-30,9207,NA,9207,192,NA,FALSE,TRUE,"no_lookup_match"
"Nicaragua","NIC",2016,"20261007",5,2016-02-01,5830,NA,5830,557,NA,FALSE,TRUE,"no_lookup_match"
"Nicaragua","NIC",2017,"20261007",5,2017-01-30,5359,NA,5359,505,NA,FALSE,TRUE,"no_lookup_match"
"Nicaragua","NIC",2018,"20261007",5,2018-01-29,3743,NA,3743,453,NA,FALSE,TRUE,"no_lookup_match"
"Nicaragua","NIC",2019,"20261007",5,2019-01-28,7598,NA,7598,401,NA,FALSE,TRUE,"no_lookup_match"
"Nicaragua","NIC",2020,"20261007",5,2020-01-27,8547,NA,8547,349,NA,FALSE,TRUE,"no_lookup_match"
"Nicaragua","NIC",2021,"20261007",5,2021-02-01,4526,NA,4526,296,NA,FALSE,TRUE,"no_lookup_match"
"Nicaragua","NIC",2015,"20261007",5,2015-01-26,3755,NA,3755,610,NA,FALSE,TRUE,"no_lookup_match"
"Panama","PAN",2023,"20261007",5,2023-01-30,810,NA,810,192,NA,FALSE,TRUE,"no_lookup_match"
"Panama","PAN",2020,"20261007",5,2020-01-27,1837,NA,1837,349,NA,FALSE,TRUE,"no_lookup_match"
"Panama","PAN",2021,"20261007",5,2021-02-01,71,NA,71,296,NA,FALSE,TRUE,"no_lookup_match"
"Panama","PAN",2017,"20261007",5,2017-01-30,1173,NA,1173,505,NA,FALSE,TRUE,"no_lookup_match"
"Panama","PAN",2018,"20261007",5,2018-01-29,980,NA,980,453,NA,FALSE,TRUE,"no_lookup_match"
"Panama","PAN",2022,"20261007",5,2022-01-31,206,NA,206,244,NA,FALSE,TRUE,"no_lookup_match"
"Panama","PAN",2016,"20261007",5,2016-02-01,356,NA,356,557,NA,FALSE,TRUE,"no_lookup_match"
"Panama","PAN",2025,"20261007",5,2025-01-27,2339,NA,2339,88,NA,FALSE,TRUE,"no_lookup_match"
"Panama","PAN",2019,"20261007",5,2019-01-28,629,NA,629,401,NA,FALSE,TRUE,"no_lookup_match"
"Bolivia","BOL",2019,"20261007",5,2019-01-28,1627,NA,1627,401,NA,FALSE,TRUE,"no_lookup_match"
"Bolivia","BOL",2020,"20261007",5,2020-01-27,26468,NA,26468,349,NA,FALSE,TRUE,"no_lookup_match"
"Bolivia","BOL",2021,"20261007",5,2021-02-01,1399,NA,1399,296,NA,FALSE,TRUE,"no_lookup_match"
"Bolivia","BOL",2022,"20261007",5,2022-01-31,1087,NA,1087,244,NA,FALSE,TRUE,"no_lookup_match"
"Bolivia","BOL",2025,"20261007",5,2025-01-27,4204,NA,4204,88,NA,FALSE,TRUE,"no_lookup_match"
"Bolivia","BOL",2018,"20261007",5,2018-01-29,512,NA,512,453,NA,FALSE,TRUE,"no_lookup_match"
"Bolivia","BOL",2016,"20261007",5,2016-02-01,7544,NA,7544,557,NA,FALSE,TRUE,"no_lookup_match"
"Bolivia","BOL",2017,"20261007",5,2017-01-30,1377,NA,1377,505,NA,FALSE,TRUE,"no_lookup_match"
"Bolivia","BOL",2015,"20261007",5,2015-01-26,719,NA,719,610,NA,FALSE,TRUE,"no_lookup_match"
"Bolivia","BOL",2023,"20261007",5,2023-01-30,28782,NA,28782,192,NA,FALSE,TRUE,"no_lookup_match"
"Bolivia","BOL",2014,"20261007",5,2014-01-27,2232,NA,2232,662,NA,FALSE,TRUE,"no_lookup_match"
"Colombia","COL",2022,"20261007",5,2022-01-31,5358,NA,5358,244,NA,FALSE,TRUE,"no_lookup_match"
"Colombia","COL",2025,"20261007",5,2025-01-27,19794,NA,19794,88,NA,FALSE,TRUE,"no_lookup_match"
"Colombia","COL",2017,"20261007",5,2017-01-30,3765,NA,3765,505,NA,FALSE,TRUE,"no_lookup_match"
"Colombia","COL",2018,"20261007",5,2018-01-29,2517,NA,2517,453,NA,FALSE,TRUE,"no_lookup_match"
"Colombia","COL",2019,"20261007",5,2019-01-28,8570,NA,8570,401,NA,FALSE,TRUE,"no_lookup_match"
"Colombia","COL",2021,"20261007",5,2021-02-01,3302,NA,3302,296,NA,FALSE,TRUE,"no_lookup_match"
"Colombia","COL",2014,"20261007",5,2014-01-27,11804,NA,11804,662,NA,FALSE,TRUE,"no_lookup_match"
"Colombia","COL",2015,"20261007",5,2015-01-26,10361,NA,10361,610,NA,FALSE,TRUE,"no_lookup_match"
"Colombia","COL",2016,"20261007",5,2016-02-01,15244,NA,15244,557,NA,FALSE,TRUE,"no_lookup_match"
"Colombia","COL",2020,"20261007",5,2020-01-27,16406,NA,16406,349,NA,FALSE,TRUE,"no_lookup_match"
"Colombia","COL",2023,"20261007",5,2023-01-30,9890,NA,9890,192,NA,FALSE,TRUE,"no_lookup_match"
"Ecuador","ECU",2015,"20261007",5,2015-01-26,955,NA,955,610,NA,FALSE,TRUE,"no_lookup_match"
"Ecuador","ECU",2017,"20261007",5,2017-01-30,751,NA,751,505,NA,FALSE,TRUE,"no_lookup_match"
"Ecuador","ECU",2018,"20261007",5,2018-01-29,495,NA,495,453,NA,FALSE,TRUE,"no_lookup_match"
"Ecuador","ECU",2019,"20261007",5,2019-01-28,479,NA,479,401,NA,FALSE,TRUE,"no_lookup_match"
"Ecuador","ECU",2020,"20261007",5,2020-01-27,1570,NA,1570,349,NA,FALSE,TRUE,"no_lookup_match"
"Ecuador","ECU",2021,"20261007",5,2021-02-01,1706,NA,1706,296,NA,FALSE,TRUE,"no_lookup_match"
"Ecuador","ECU",2022,"20261007",5,2022-01-31,1436,NA,1436,244,NA,FALSE,TRUE,"no_lookup_match"
"Ecuador","ECU",2023,"20261007",5,2023-01-30,1465,NA,1465,192,NA,FALSE,TRUE,"no_lookup_match"
"Ecuador","ECU",2025,"20261007",5,2025-01-27,4513,NA,4513,88,NA,FALSE,TRUE,"no_lookup_match"
"Ecuador","ECU",2014,"20261007",5,2014-01-27,836,NA,836,662,NA,FALSE,TRUE,"no_lookup_match"
"Ecuador","ECU",2016,"20261007",5,2016-02-01,1718,NA,1718,557,NA,FALSE,TRUE,"no_lookup_match"
"Peru","PER",2022,"20261007",5,2022-01-31,5333,NA,5333,244,NA,FALSE,TRUE,"no_lookup_match"
"Peru","PER",2023,"20261007",5,2023-01-30,7993,NA,7993,192,NA,FALSE,TRUE,"no_lookup_match"
"Peru","PER",2020,"20261007",5,2020-01-27,4447,NA,4447,349,NA,FALSE,TRUE,"no_lookup_match"
"Peru","PER",2021,"20261007",5,2021-02-01,5943,NA,5943,296,NA,FALSE,TRUE,"no_lookup_match"
"Peru","PER",2025,"20261007",5,2025-01-27,6182,NA,6182,88,NA,FALSE,TRUE,"no_lookup_match"
"Peru","PER",2014,"20261007",5,2014-01-27,2670,NA,2670,662,NA,FALSE,TRUE,"no_lookup_match"
"Peru","PER",2015,"20261007",5,2015-01-26,1965,NA,1965,610,NA,FALSE,TRUE,"no_lookup_match"
"Peru","PER",2016,"20261007",5,2016-02-01,2681,NA,2681,557,NA,FALSE,TRUE,"no_lookup_match"
"Peru","PER",2017,"20261007",5,2017-01-30,2151,NA,2151,505,NA,FALSE,TRUE,"no_lookup_match"
"Peru","PER",2019,"20261007",5,2019-01-28,1586,NA,1586,401,NA,FALSE,TRUE,"no_lookup_match"
"Peru","PER",2018,"20261007",5,2018-01-29,2009,NA,2009,453,NA,FALSE,TRUE,"no_lookup_match"
"Venezuela","VEN",2014,"20261007",5,2014-01-27,9122,NA,9122,662,NA,FALSE,TRUE,"no_lookup_match"
"Venezuela","VEN",2025,"20261007",5,2025-01-27,6008,NA,6008,88,NA,FALSE,TRUE,"no_lookup_match"
"Venezuela","VEN",2017,"20261007",5,2017-01-30,804,NA,804,505,NA,FALSE,TRUE,"no_lookup_match"
"Venezuela","VEN",2020,"20261007",5,2020-01-27,1339,NA,1339,349,NA,FALSE,TRUE,"no_lookup_match"
"Venezuela","VEN",2021,"20261007",5,2021-02-01,1225,NA,1225,296,NA,FALSE,TRUE,"no_lookup_match"
"Venezuela","VEN",2018,"20261007",5,2018-01-29,849,NA,849,453,NA,FALSE,TRUE,"no_lookup_match"
"Venezuela","VEN",2019,"20261007",5,2019-01-28,1477,NA,1477,401,NA,FALSE,TRUE,"no_lookup_match"
"Venezuela","VEN",2016,"20261007",5,2016-02-01,9407,NA,9407,557,NA,FALSE,TRUE,"no_lookup_match"
"Venezuela","VEN",2022,"20261007",5,2022-01-31,401,NA,401,244,NA,FALSE,TRUE,"no_lookup_match"
"Venezuela","VEN",2023,"20261007",5,2023-01-30,1442,NA,1442,192,NA,FALSE,TRUE,"no_lookup_match"
"Argentina","ARG",2022,"20261007",5,2022-01-31,0,NA,0,244,NA,FALSE,TRUE,"no_lookup_match"
"Argentina","ARG",2018,"20261007",5,2018-01-29,19,NA,19,453,NA,FALSE,TRUE,"no_lookup_match"
"Argentina","ARG",2020,"20261007",5,2020-01-27,1121,NA,1121,349,NA,FALSE,TRUE,"no_lookup_match"
"Argentina","ARG",2023,"20261007",5,2023-01-30,663,NA,663,192,NA,FALSE,TRUE,"no_lookup_match"
"Argentina","ARG",2025,"20261007",5,2025-01-27,275,NA,275,88,NA,FALSE,TRUE,"no_lookup_match"
"Argentina","ARG",2017,"20261007",5,2017-01-30,30,NA,30,505,NA,FALSE,TRUE,"no_lookup_match"
"Argentina","ARG",2015,"20261007",5,2015-01-26,136,NA,136,610,NA,FALSE,TRUE,"no_lookup_match"
"Argentina","ARG",2016,"20261007",5,2016-02-01,4856,NA,4856,557,NA,FALSE,TRUE,"no_lookup_match"
"Argentina","ARG",2019,"20261007",5,2019-01-28,170,NA,170,401,NA,FALSE,TRUE,"no_lookup_match"
"Argentina","ARG",2014,"20261007",5,2014-01-27,317,NA,317,662,NA,FALSE,TRUE,"no_lookup_match"
"Brazil","BRA",2019,"20261007",5,2019-01-28,122482,NA,122482,401,NA,FALSE,TRUE,"no_lookup_match"
"Brazil","BRA",2021,"20261007",5,2021-02-01,80136,NA,80136,296,NA,FALSE,TRUE,"no_lookup_match"
"Brazil","BRA",2023,"20261007",5,2023-01-30,191315,NA,191315,192,NA,FALSE,TRUE,"no_lookup_match"
"Brazil","BRA",2014,"20261007",5,2014-01-27,35582,NA,35582,662,NA,FALSE,TRUE,"no_lookup_match"
"Brazil","BRA",2015,"20261007",5,2015-01-26,116452,NA,116452,610,NA,FALSE,TRUE,"no_lookup_match"
"Brazil","BRA",2016,"20261007",5,2016-02-01,444486,NA,444486,557,NA,FALSE,TRUE,"no_lookup_match"
"Brazil","BRA",2017,"20261007",5,2017-01-30,70600,NA,70600,505,NA,FALSE,TRUE,"no_lookup_match"
"Brazil","BRA",2018,"20261007",5,2018-01-29,49849,NA,49849,453,NA,FALSE,TRUE,"no_lookup_match"
"Brazil","BRA",2020,"20261007",5,2020-01-27,194397,NA,194397,349,NA,FALSE,TRUE,"no_lookup_match"
"Brazil","BRA",2025,"20261007",5,2025-01-27,462699,NA,462699,88,NA,FALSE,TRUE,"no_lookup_match"
"Brazil","BRA",2022,"20261007",5,2022-01-31,126973,NA,126973,244,NA,FALSE,TRUE,"no_lookup_match"
"Chile","CHL",2018,"20261007",5,2018-01-29,0,NA,0,453,NA,FALSE,TRUE,"no_lookup_match"
"Chile","CHL",2019,"20261007",5,2019-01-28,0,NA,0,401,NA,FALSE,TRUE,"no_lookup_match"
"Chile","CHL",2021,"20261007",5,2021-02-01,0,NA,0,296,NA,FALSE,TRUE,"no_lookup_match"
"Chile","CHL",2022,"20261007",5,2022-01-31,0,NA,0,244,NA,FALSE,TRUE,"no_lookup_match"
"Chile","CHL",2023,"20261007",5,2023-01-30,0,NA,0,192,NA,FALSE,TRUE,"no_lookup_match"
"Chile","CHL",2025,"20261007",5,2025-01-27,0,NA,0,88,NA,FALSE,TRUE,"no_lookup_match"
"Chile","CHL",2020,"20261007",5,2020-01-27,2,NA,2,349,NA,FALSE,TRUE,"no_lookup_match"
"Paraguay","PRY",2017,"20261007",5,2017-01-30,116,NA,116,505,NA,FALSE,TRUE,"no_lookup_match"
"Paraguay","PRY",2023,"20261007",5,2023-01-30,3449,NA,3449,192,NA,FALSE,TRUE,"no_lookup_match"
"Paraguay","PRY",2022,"20261007",5,2022-01-31,96,NA,96,244,NA,FALSE,TRUE,"no_lookup_match"
"Paraguay","PRY",2025,"20261007",5,2025-01-27,4664,NA,4664,88,NA,FALSE,TRUE,"no_lookup_match"
"Paraguay","PRY",2014,"20261007",5,2014-01-27,3153,NA,3153,662,NA,FALSE,TRUE,"no_lookup_match"
"Paraguay","PRY",2015,"20261007",5,2015-01-26,1522,NA,1522,610,NA,FALSE,TRUE,"no_lookup_match"
"Paraguay","PRY",2019,"20261007",5,2019-01-28,60,NA,60,401,NA,FALSE,TRUE,"no_lookup_match"
"Paraguay","PRY",2016,"20261007",5,2016-02-01,1061,NA,1061,557,NA,FALSE,TRUE,"no_lookup_match"
"Paraguay","PRY",2018,"20261007",5,2018-01-29,6513,NA,6513,453,NA,FALSE,TRUE,"no_lookup_match"
"Paraguay","PRY",2020,"20261007",5,2020-01-27,82787,NA,82787,349,NA,FALSE,TRUE,"no_lookup_match"
"Paraguay","PRY",2021,"20261007",5,2021-02-01,2571,NA,2571,296,NA,FALSE,TRUE,"no_lookup_match"
"Uruguay","URY",2014,"20261007",5,2014-01-27,0,NA,0,662,NA,FALSE,TRUE,"no_lookup_match"
"Uruguay","URY",2015,"20261007",5,2015-01-26,6,NA,6,610,NA,FALSE,TRUE,"no_lookup_match"
"Uruguay","URY",2016,"20261007",5,2016-02-01,0,NA,0,557,NA,FALSE,TRUE,"no_lookup_match"
"Uruguay","URY",2017,"20261007",5,2017-01-30,0,NA,0,505,NA,FALSE,TRUE,"no_lookup_match"
"Uruguay","URY",2018,"20261007",5,2018-01-29,0,NA,0,453,NA,FALSE,TRUE,"no_lookup_match"
"Uruguay","URY",2019,"20261007",5,2019-01-28,0,NA,0,401,NA,FALSE,TRUE,"no_lookup_match"
"Uruguay","URY",2020,"20261007",5,2020-01-27,0,NA,0,349,NA,FALSE,TRUE,"no_lookup_match"
"Uruguay","URY",2021,"20261007",5,2021-02-01,8,NA,8,296,NA,FALSE,TRUE,"no_lookup_match"
"Uruguay","URY",2022,"20261007",5,2022-01-31,8,NA,8,244,NA,FALSE,TRUE,"no_lookup_match"
"Uruguay","URY",2023,"20261007",5,2023-01-30,1,NA,1,192,NA,FALSE,TRUE,"no_lookup_match"
"Uruguay","URY",2025,"20261007",5,2025-01-27,0,NA,0,88,NA,FALSE,TRUE,"no_lookup_match"
"Dominican Republic","DOM",2016,"20261007",5,2016-02-01,1703,NA,1703,557,NA,FALSE,TRUE,"no_lookup_match"
"Dominican Republic","DOM",2021,"20261007",5,2021-02-01,128,NA,128,296,NA,FALSE,TRUE,"no_lookup_match"
"Dominican Republic","DOM",2022,"20261007",5,2022-01-31,379,NA,379,244,NA,FALSE,TRUE,"no_lookup_match"
"Dominican Republic","DOM",2025,"20261007",5,2025-01-27,201,NA,201,88,NA,FALSE,TRUE,"no_lookup_match"
"Dominican Republic","DOM",2020,"20261007",5,2020-01-27,1577,NA,1577,349,NA,FALSE,TRUE,"no_lookup_match"
"Dominican Republic","DOM",2023,"20261007",5,2023-01-30,581,NA,581,192,NA,FALSE,TRUE,"no_lookup_match"
"Dominican Republic","DOM",2018,"20261007",5,2018-01-29,75,NA,75,453,NA,FALSE,TRUE,"no_lookup_match"
"Dominican Republic","DOM",2014,"20261007",5,2014-01-27,942,NA,942,662,NA,FALSE,TRUE,"no_lookup_match"
"Dominican Republic","DOM",2019,"20261007",5,2019-01-28,321,NA,321,401,NA,FALSE,TRUE,"no_lookup_match"
"Dominican Republic","DOM",2017,"20261007",5,2017-01-30,97,NA,97,505,NA,FALSE,TRUE,"no_lookup_match"
"Dominican Republic","DOM",2015,"20261007",5,2015-01-26,331,NA,331,610,NA,FALSE,TRUE,"no_lookup_match"
"Puerto Rico","PRI",2016,"20261007",5,2016-02-01,10,NA,10,557,NA,FALSE,TRUE,"no_lookup_match"
"Puerto Rico","PRI",2017,"20261007",5,2017-01-30,1,NA,1,505,NA,FALSE,TRUE,"no_lookup_match"
"Puerto Rico","PRI",2018,"20261007",5,2018-01-29,0,NA,0,453,NA,FALSE,TRUE,"no_lookup_match"
"Puerto Rico","PRI",2019,"20261007",5,2019-01-28,0,NA,0,401,NA,FALSE,TRUE,"no_lookup_match"
"Puerto Rico","PRI",2020,"20261007",5,2020-01-27,85,NA,85,349,NA,FALSE,TRUE,"no_lookup_match"
"Puerto Rico","PRI",2021,"20261007",5,2021-02-01,120,NA,120,296,NA,FALSE,TRUE,"no_lookup_match"
"Puerto Rico","PRI",2022,"20261007",5,2022-01-31,41,NA,41,244,NA,FALSE,TRUE,"no_lookup_match"
"Puerto Rico","PRI",2023,"20261007",5,2023-01-30,146,NA,146,192,NA,FALSE,TRUE,"no_lookup_match"
"Puerto Rico","PRI",2015,"20261007",5,2015-01-26,245,NA,245,610,NA,FALSE,TRUE,"no_lookup_match"
"Puerto Rico","PRI",2025,"20261007",5,2025-01-27,662,NA,662,88,NA,FALSE,TRUE,"no_lookup_match"
"Puerto Rico","PRI",2014,"20261007",5,2014-01-27,551,NA,551,662,NA,FALSE,TRUE,"no_lookup_match"
"Anguilla","AIA",2015,"20261007",4,2015-01-19,3,NA,3,611,NA,FALSE,TRUE,"no_lookup_match"
"Anguilla","AIA",2016,"20261007",4,2016-01-25,0,NA,0,558,NA,FALSE,TRUE,"no_lookup_match"
"Anguilla","AIA",2017,"20261007",5,2017-01-30,0,NA,0,505,NA,FALSE,TRUE,"no_lookup_match"
"Anguilla","AIA",2018,"20261007",5,2018-01-29,0,NA,0,453,NA,FALSE,TRUE,"no_lookup_match"
"Anguilla","AIA",2019,"20261007",5,2019-01-28,0,NA,0,401,NA,FALSE,TRUE,"no_lookup_match"
"Anguilla","AIA",2023,"20261007",5,2023-01-30,0,NA,0,192,NA,FALSE,TRUE,"no_lookup_match"
"Anguilla","AIA",2025,"20261007",5,2025-01-27,0,NA,0,88,NA,FALSE,TRUE,"no_lookup_match"
"Anguilla","AIA",2020,"20261007",5,2020-01-27,5,NA,5,349,NA,FALSE,TRUE,"no_lookup_match"
"Antigua and Barbuda","ATG",2015,"20261007",4,2015-01-19,0,NA,0,611,NA,FALSE,TRUE,"no_lookup_match"
"Antigua and Barbuda","ATG",2016,"20261007",4,2016-01-25,2,NA,2,558,NA,FALSE,TRUE,"no_lookup_match"
"Antigua and Barbuda","ATG",2020,"20261007",5,2020-01-27,261,NA,261,349,NA,FALSE,TRUE,"no_lookup_match"
"Antigua and Barbuda","ATG",2023,"20261007",5,2023-01-30,0,NA,0,192,NA,FALSE,TRUE,"no_lookup_match"
"Antigua and Barbuda","ATG",2025,"20261007",5,2025-01-27,0,NA,0,88,NA,FALSE,TRUE,"no_lookup_match"
"Antigua and Barbuda","ATG",2019,"20261007",4,2019-01-21,7,NA,7,402,NA,FALSE,TRUE,"no_lookup_match"
"Aruba","ABW",2017,"20261007",4,2017-01-23,0,NA,0,506,NA,FALSE,TRUE,"no_lookup_match"
"Aruba","ABW",2018,"20261007",5,2018-01-29,1,NA,1,453,NA,FALSE,TRUE,"no_lookup_match"
"Aruba","ABW",2019,"20261007",4,2019-01-21,7,NA,7,402,NA,FALSE,TRUE,"no_lookup_match"
"Aruba","ABW",2020,"20261007",5,2020-01-27,0,NA,0,349,NA,FALSE,TRUE,"no_lookup_match"
"Aruba","ABW",2021,"20261007",4,2021-01-25,3,NA,3,297,NA,FALSE,TRUE,"no_lookup_match"
"Aruba","ABW",2025,"20261007",5,2025-01-27,0,NA,0,88,NA,FALSE,TRUE,"no_lookup_match"
"Bahamas","BHS",2014,"20261007",4,2014-01-20,4,NA,4,663,NA,FALSE,TRUE,"no_lookup_match"
"Bahamas","BHS",2015,"20261007",2,2015-01-05,3,NA,3,613,NA,FALSE,TRUE,"no_lookup_match"
"Bahamas","BHS",2016,"20261007",1,2016-01-04,0,NA,0,561,NA,FALSE,TRUE,"no_lookup_match"
"Bahamas","BHS",2017,"20261007",5,2017-01-30,0,NA,0,505,NA,FALSE,TRUE,"no_lookup_match"
"Bahamas","BHS",2018,"20261007",4,2018-01-22,3,NA,3,454,NA,FALSE,TRUE,"no_lookup_match"
"Bahamas","BHS",2019,"20261007",5,2019-01-28,0,NA,0,401,NA,FALSE,TRUE,"no_lookup_match"
"Bahamas","BHS",2020,"20261007",5,2020-01-27,0,NA,0,349,NA,FALSE,TRUE,"no_lookup_match"
"Bahamas","BHS",2023,"20261007",5,2023-01-30,0,NA,0,192,NA,FALSE,TRUE,"no_lookup_match"
"Barbados","BRB",2014,"20261007",5,2014-01-27,116,NA,116,662,NA,FALSE,TRUE,"no_lookup_match"
"Barbados","BRB",2015,"20261007",5,2015-01-26,54,NA,54,610,NA,FALSE,TRUE,"no_lookup_match"
"Barbados","BRB",2016,"20261007",5,2016-02-01,408,NA,408,557,NA,FALSE,TRUE,"no_lookup_match"
"Barbados","BRB",2017,"20261007",5,2017-01-30,61,NA,61,505,NA,FALSE,TRUE,"no_lookup_match"
"Barbados","BRB",2018,"20261007",5,2018-01-29,12,NA,12,453,NA,FALSE,TRUE,"no_lookup_match"
"Barbados","BRB",2019,"20261007",5,2019-01-28,5,NA,5,401,NA,FALSE,TRUE,"no_lookup_match"
"Barbados","BRB",2020,"20261007",5,2020-01-27,48,NA,48,349,NA,FALSE,TRUE,"no_lookup_match"
"Barbados","BRB",2021,"20261007",5,2021-02-01,259,NA,259,296,NA,FALSE,TRUE,"no_lookup_match"
"Barbados","BRB",2022,"20261007",5,2022-01-31,39,NA,39,244,NA,FALSE,TRUE,"no_lookup_match"
"Barbados","BRB",2023,"20261007",5,2023-01-30,6,NA,6,192,NA,FALSE,TRUE,"no_lookup_match"
"Barbados","BRB",2025,"20261007",5,2025-01-27,28,NA,28,88,NA,FALSE,TRUE,"no_lookup_match"
"Bermuda","BMU",2014,"20261007",5,2014-01-27,0,NA,0,662,NA,FALSE,TRUE,"no_lookup_match"
"Bermuda","BMU",2015,"20261007",4,2015-01-19,0,NA,0,611,NA,FALSE,TRUE,"no_lookup_match"
"Bermuda","BMU",2017,"20261007",5,2017-01-30,0,NA,0,505,NA,FALSE,TRUE,"no_lookup_match"
"Bermuda","BMU",2018,"20261007",5,2018-01-29,0,NA,0,453,NA,FALSE,TRUE,"no_lookup_match"
"Bermuda","BMU",2019,"20261007",5,2019-01-28,1,NA,1,401,NA,FALSE,TRUE,"no_lookup_match"
"Bermuda","BMU",2020,"20261007",5,2020-01-27,0,NA,0,349,NA,FALSE,TRUE,"no_lookup_match"
"Bermuda","BMU",2021,"20261007",5,2021-02-01,0,NA,0,296,NA,FALSE,TRUE,"no_lookup_match"
"Bermuda","BMU",2022,"20261007",5,2022-01-31,0,NA,0,244,NA,FALSE,TRUE,"no_lookup_match"
"Bermuda","BMU",2023,"20261007",5,2023-01-30,0,NA,0,192,NA,FALSE,TRUE,"no_lookup_match"
"Bermuda","BMU",2025,"20261007",5,2025-01-27,0,NA,0,88,NA,FALSE,TRUE,"no_lookup_match"
"Bonaire, Saint Eustatius and Saba","BES",2018,"20261007",5,2018-01-29,0,NA,0,453,NA,FALSE,TRUE,"no_lookup_match"
"Bonaire, Saint Eustatius and Saba","BES",2019,"20261007",5,2019-01-28,0,NA,0,401,NA,FALSE,TRUE,"no_lookup_match"
"Bonaire, Saint Eustatius and Saba","BES",2020,"20261007",5,2020-01-27,0,NA,0,349,NA,FALSE,TRUE,"no_lookup_match"
"Cayman Islands","CYM",2013,"20261007",1,2013-12-30,0,NA,0,666,NA,FALSE,TRUE,"no_lookup_match"
"Cayman Islands","CYM",2016,"20261007",1,2016-01-04,0,NA,0,561,NA,FALSE,TRUE,"no_lookup_match"
"Cayman Islands","CYM",2017,"20261007",1,2017-01-02,0,NA,0,509,NA,FALSE,TRUE,"no_lookup_match"
"Cayman Islands","CYM",2018,"20261007",1,2018-01-01,0,NA,0,457,NA,FALSE,TRUE,"no_lookup_match"
"Cayman Islands","CYM",2019,"20261007",4,2019-01-21,17,NA,17,402,NA,FALSE,TRUE,"no_lookup_match"
"Cayman Islands","CYM",2020,"20261007",5,2020-01-27,13,NA,13,349,NA,FALSE,TRUE,"no_lookup_match"
"Cayman Islands","CYM",2021,"20261007",5,2021-02-01,0,NA,0,296,NA,FALSE,TRUE,"no_lookup_match"
"Cayman Islands","CYM",2022,"20261007",5,2022-01-31,2,NA,2,244,NA,FALSE,TRUE,"no_lookup_match"
"Cayman Islands","CYM",2023,"20261007",5,2023-01-30,0,NA,0,192,NA,FALSE,TRUE,"no_lookup_match"
"Cayman Islands","CYM",2025,"20261007",5,2025-01-27,0,NA,0,88,NA,FALSE,TRUE,"no_lookup_match"
"Cayman Islands","CYM",2015,"20261007",4,2015-01-19,5,NA,5,611,NA,FALSE,TRUE,"no_lookup_match"
"Curaçao","CUW",2015,"20261007",5,2015-01-26,0,NA,0,610,NA,FALSE,TRUE,"no_lookup_match"
"Curaçao","CUW",2016,"20261007",5,2016-02-01,0,NA,0,557,NA,FALSE,TRUE,"no_lookup_match"
"Curaçao","CUW",2017,"20261007",5,2017-01-30,0,NA,0,505,NA,FALSE,TRUE,"no_lookup_match"
"Curaçao","CUW",2018,"20261007",5,2018-01-29,0,NA,0,453,NA,FALSE,TRUE,"no_lookup_match"
"Curaçao","CUW",2019,"20261007",5,2019-01-28,0,NA,0,401,NA,FALSE,TRUE,"no_lookup_match"
"Curaçao","CUW",2020,"20261007",5,2020-01-27,0,NA,0,349,NA,FALSE,TRUE,"no_lookup_match"
"Dominica","DMA",2013,"20261007",1,2013-12-30,0,NA,0,666,NA,FALSE,TRUE,"no_lookup_match"
"Dominica","DMA",2015,"20261007",5,2015-01-26,10,NA,10,610,NA,FALSE,TRUE,"no_lookup_match"
"Dominica","DMA",2016,"20261007",4,2016-01-25,107,NA,107,558,NA,FALSE,TRUE,"no_lookup_match"
"Dominica","DMA",2017,"20261007",1,2017-01-02,0,NA,0,509,NA,FALSE,TRUE,"no_lookup_match"
"Dominica","DMA",2020,"20261007",3,2020-01-13,37,NA,37,351,NA,FALSE,TRUE,"no_lookup_match"
"Dominica","DMA",2021,"20261007",5,2021-02-01,0,NA,0,296,NA,FALSE,TRUE,"no_lookup_match"
"Dominica","DMA",2022,"20261007",5,2022-01-31,1,NA,1,244,NA,FALSE,TRUE,"no_lookup_match"
"French Guiana","GUF",2016,"20261007",4,2016-01-25,545,NA,545,558,NA,FALSE,TRUE,"no_lookup_match"
"French Guiana","GUF",2019,"20261007",5,2019-01-28,2,NA,2,401,NA,FALSE,TRUE,"no_lookup_match"
"French Guiana","GUF",2020,"20261007",5,2020-01-27,413,NA,413,349,NA,FALSE,TRUE,"no_lookup_match"
"French Guiana","GUF",2021,"20261007",5,2021-02-01,692,NA,692,296,NA,FALSE,TRUE,"no_lookup_match"
"French Guiana","GUF",2014,"20261007",4,2014-01-20,69,NA,69,663,NA,FALSE,TRUE,"no_lookup_match"
"Grenada","GRD",2019,"20261007",5,2019-01-28,12,NA,12,401,NA,FALSE,TRUE,"no_lookup_match"
"Grenada","GRD",2020,"20261007",5,2020-01-27,6,NA,6,349,NA,FALSE,TRUE,"no_lookup_match"
"Grenada","GRD",2021,"20261007",5,2021-02-01,30,NA,30,296,NA,FALSE,TRUE,"no_lookup_match"
"Grenada","GRD",2022,"20261007",5,2022-01-31,26,NA,26,244,NA,FALSE,TRUE,"no_lookup_match"
"Grenada","GRD",2023,"20261007",5,2023-01-30,9,NA,9,192,NA,FALSE,TRUE,"no_lookup_match"
"Grenada","GRD",2025,"20261007",5,2025-01-27,16,NA,16,88,NA,FALSE,TRUE,"no_lookup_match"
"Grenada","GRD",2016,"20261007",4,2016-01-25,1,NA,1,558,NA,FALSE,TRUE,"no_lookup_match"
"Guadeloupe","GLP",2015,"20261007",4,2015-01-19,35,NA,35,611,NA,FALSE,TRUE,"no_lookup_match"
"Guadeloupe","GLP",2016,"20261007",4,2016-01-25,9,NA,9,558,NA,FALSE,TRUE,"no_lookup_match"
"Guadeloupe","GLP",2017,"20261007",5,2017-01-30,15,NA,15,505,NA,FALSE,TRUE,"no_lookup_match"
"Guadeloupe","GLP",2018,"20261007",5,2018-01-29,8,NA,8,453,NA,FALSE,TRUE,"no_lookup_match"
"Guadeloupe","GLP",2023,"20261007",1,2023-01-02,70,NA,70,196,NA,FALSE,TRUE,"no_lookup_match"
"Guadeloupe","GLP",2019,"20261007",5,2019-01-28,167,NA,167,401,NA,FALSE,TRUE,"no_lookup_match"
"Guadeloupe","GLP",2020,"20261007",5,2020-01-27,1740,NA,1740,349,NA,FALSE,TRUE,"no_lookup_match"
"Guadeloupe","GLP",2021,"20261007",3,2021-01-18,540,NA,540,298,NA,FALSE,TRUE,"no_lookup_match"
"Guadeloupe","GLP",2025,"20261007",5,2025-01-27,2220,NA,2220,88,NA,FALSE,TRUE,"no_lookup_match"
"Guyana","GUY",2016,"20261007",4,2016-01-25,64,NA,64,558,NA,FALSE,TRUE,"no_lookup_match"
"Guyana","GUY",2019,"20261007",4,2019-01-21,4,NA,4,402,NA,FALSE,TRUE,"no_lookup_match"
"Guyana","GUY",2020,"20261007",4,2020-01-20,7,NA,7,350,NA,FALSE,TRUE,"no_lookup_match"
"Guyana","GUY",2022,"20261007",5,2022-01-31,1077,NA,1077,244,NA,FALSE,TRUE,"no_lookup_match"
"Guyana","GUY",2023,"20261007",5,2023-01-30,978,NA,978,192,NA,FALSE,TRUE,"no_lookup_match"
"Guyana","GUY",2025,"20261007",5,2025-01-27,5033,NA,5033,88,NA,FALSE,TRUE,"no_lookup_match"
"Haiti","HTI",2018,"20261007",5,2018-01-29,8,NA,8,453,NA,FALSE,TRUE,"no_lookup_match"
"Haiti","HTI",2019,"20261007",5,2019-01-28,5,NA,5,401,NA,FALSE,TRUE,"no_lookup_match"
"Haiti","HTI",2020,"20261007",5,2020-01-27,8,NA,8,349,NA,FALSE,TRUE,"no_lookup_match"
"Haiti","HTI",2021,"20261007",5,2021-02-01,10,NA,10,296,NA,FALSE,TRUE,"no_lookup_match"
"Jamaica","JAM",2014,"20261007",5,2014-01-27,32,NA,32,662,NA,FALSE,TRUE,"no_lookup_match"
"Jamaica","JAM",2016,"20261007",5,2016-02-01,126,NA,126,557,NA,FALSE,TRUE,"no_lookup_match"
"Jamaica","JAM",2017,"20261007",5,2017-01-30,12,NA,12,505,NA,FALSE,TRUE,"no_lookup_match"
"Jamaica","JAM",2018,"20261007",5,2018-01-29,23,NA,23,453,NA,FALSE,TRUE,"no_lookup_match"
"Jamaica","JAM",2020,"20261007",5,2020-01-27,133,NA,133,349,NA,FALSE,TRUE,"no_lookup_match"
"Jamaica","JAM",2021,"20261007",5,2021-02-01,3,NA,3,296,NA,FALSE,TRUE,"no_lookup_match"
"Jamaica","JAM",2022,"20261007",5,2022-01-31,0,NA,0,244,NA,FALSE,TRUE,"no_lookup_match"
"Jamaica","JAM",2023,"20261007",5,2023-01-30,6,NA,6,192,NA,FALSE,TRUE,"no_lookup_match"
"Jamaica","JAM",2025,"20261007",5,2025-01-27,46,NA,46,88,NA,FALSE,TRUE,"no_lookup_match"
"Jamaica","JAM",2019,"20261007",5,2019-01-28,2079,NA,2079,401,NA,FALSE,TRUE,"no_lookup_match"
"Jamaica","JAM",2015,"20261007",4,2015-01-19,5,NA,5,611,NA,FALSE,TRUE,"no_lookup_match"
"Martinique","MTQ",2015,"20261007",4,2015-01-19,30,NA,30,611,NA,FALSE,TRUE,"no_lookup_match"
"Martinique","MTQ",2016,"20261007",4,2016-01-25,16,NA,16,558,NA,FALSE,TRUE,"no_lookup_match"
"Martinique","MTQ",2017,"20261007",5,2017-01-30,15,NA,15,505,NA,FALSE,TRUE,"no_lookup_match"
"Martinique","MTQ",2018,"20261007",5,2018-01-29,73,NA,73,453,NA,FALSE,TRUE,"no_lookup_match"
"Martinique","MTQ",2023,"20261007",1,2023-01-02,0,NA,0,196,NA,FALSE,TRUE,"no_lookup_match"
"Martinique","MTQ",2025,"20261007",5,2025-01-27,293,NA,293,88,NA,FALSE,TRUE,"no_lookup_match"
"Martinique","MTQ",2021,"20261007",5,2021-02-01,743,NA,743,296,NA,FALSE,TRUE,"no_lookup_match"
"Martinique","MTQ",2014,"20261007",4,2014-01-20,175,NA,175,663,NA,FALSE,TRUE,"no_lookup_match"
"Martinique","MTQ",2020,"20261007",5,2020-01-27,799,NA,799,349,NA,FALSE,TRUE,"no_lookup_match"
"Montserrat","MSR",2014,"20261007",5,2014-01-27,0,NA,0,662,NA,FALSE,TRUE,"no_lookup_match"
"Montserrat","MSR",2017,"20261007",5,2017-01-30,0,NA,0,505,NA,FALSE,TRUE,"no_lookup_match"
"Montserrat","MSR",2018,"20261007",5,2018-01-29,0,NA,0,453,NA,FALSE,TRUE,"no_lookup_match"
"Montserrat","MSR",2019,"20261007",5,2019-01-28,0,NA,0,401,NA,FALSE,TRUE,"no_lookup_match"
"Montserrat","MSR",2020,"20261007",5,2020-01-27,0,NA,0,349,NA,FALSE,TRUE,"no_lookup_match"
"Montserrat","MSR",2023,"20261007",5,2023-01-30,2,NA,2,192,NA,FALSE,TRUE,"no_lookup_match"
"Montserrat","MSR",2025,"20261007",5,2025-01-27,0,NA,0,88,NA,FALSE,TRUE,"no_lookup_match"
"Saint Barthelemy","BLM",2014,"20261007",5,2014-01-27,35,NA,35,662,NA,FALSE,TRUE,"no_lookup_match"
"Saint Barthelemy","BLM",2015,"20261007",4,2015-01-19,8,NA,8,611,NA,FALSE,TRUE,"no_lookup_match"
"Saint Barthelemy","BLM",2017,"20261007",5,2017-01-30,4,NA,4,505,NA,FALSE,TRUE,"no_lookup_match"
"Saint Barthelemy","BLM",2018,"20261007",5,2018-01-29,0,NA,0,453,NA,FALSE,TRUE,"no_lookup_match"
"Saint Barthelemy","BLM",2019,"20261007",5,2019-01-28,0,NA,0,401,NA,FALSE,TRUE,"no_lookup_match"
"Saint Barthelemy","BLM",2023,"20261007",5,2023-01-30,0,NA,0,192,NA,FALSE,TRUE,"no_lookup_match"
"Saint Barthelemy","BLM",2025,"20261007",5,2025-01-27,17,NA,17,88,NA,FALSE,TRUE,"no_lookup_match"
"Saint Barthelemy","BLM",2016,"20261007",4,2016-01-25,26,NA,26,558,NA,FALSE,TRUE,"no_lookup_match"
"Saint Barthelemy","BLM",2021,"20261007",5,2021-02-01,39,NA,39,296,NA,FALSE,TRUE,"no_lookup_match"
"Saint Barthelemy","BLM",2020,"20261007",5,2020-01-27,52,NA,52,349,NA,FALSE,TRUE,"no_lookup_match"
"Saint Kitts and Nevis","KNA",2015,"20261007",5,2015-01-26,3,NA,3,610,NA,FALSE,TRUE,"no_lookup_match"
"Saint Kitts and Nevis","KNA",2018,"20261007",5,2018-01-29,2,NA,2,453,NA,FALSE,TRUE,"no_lookup_match"
"Saint Kitts and Nevis","KNA",2019,"20261007",5,2019-01-28,0,NA,0,401,NA,FALSE,TRUE,"no_lookup_match"
"Saint Kitts and Nevis","KNA",2021,"20261007",5,2021-02-01,0,NA,0,296,NA,FALSE,TRUE,"no_lookup_match"
"Saint Kitts and Nevis","KNA",2022,"20261007",5,2022-01-31,1,NA,1,244,NA,FALSE,TRUE,"no_lookup_match"
"Saint Kitts and Nevis","KNA",2023,"20261007",5,2023-01-30,0,NA,0,192,NA,FALSE,TRUE,"no_lookup_match"
"Saint Kitts and Nevis","KNA",2025,"20261007",5,2025-01-27,0,NA,0,88,NA,FALSE,TRUE,"no_lookup_match"
"Saint Kitts and Nevis","KNA",2020,"20261007",5,2020-01-27,16,NA,16,349,NA,FALSE,TRUE,"no_lookup_match"
"Saint Lucia","LCA",2017,"20261007",5,2017-01-30,0,NA,0,505,NA,FALSE,TRUE,"no_lookup_match"
"Saint Lucia","LCA",2018,"20261007",5,2018-01-29,9,NA,9,453,NA,FALSE,TRUE,"no_lookup_match"
"Saint Lucia","LCA",2019,"20261007",5,2019-01-28,0,NA,0,401,NA,FALSE,TRUE,"no_lookup_match"
"Saint Lucia","LCA",2021,"20261007",5,2021-02-01,10,NA,10,296,NA,FALSE,TRUE,"no_lookup_match"
"Saint Lucia","LCA",2022,"20261007",5,2022-01-31,3,NA,3,244,NA,FALSE,TRUE,"no_lookup_match"
"Saint Lucia","LCA",2023,"20261007",5,2023-01-30,1,NA,1,192,NA,FALSE,TRUE,"no_lookup_match"
"Saint Lucia","LCA",2025,"20261007",5,2025-01-27,8,NA,8,88,NA,FALSE,TRUE,"no_lookup_match"
"Saint Lucia","LCA",2020,"20261007",5,2020-01-27,5,NA,5,349,NA,FALSE,TRUE,"no_lookup_match"
"Saint Martin",NA,2014,"20261007",4,2014-01-20,142,NA,142,663,NA,FALSE,TRUE,"no_lookup_match"
"Saint Martin",NA,2015,"20261007",4,2015-01-19,107,NA,107,611,NA,FALSE,TRUE,"no_lookup_match"
"Saint Martin",NA,2017,"20261007",5,2017-01-30,28,NA,28,505,NA,FALSE,TRUE,"no_lookup_match"
"Saint Martin",NA,2018,"20261007",5,2018-01-29,8,NA,8,453,NA,FALSE,TRUE,"no_lookup_match"
"Saint Martin",NA,2023,"20261007",1,2023-01-02,0,NA,0,196,NA,FALSE,TRUE,"no_lookup_match"
"Saint Martin",NA,2025,"20261007",5,2025-01-27,53,NA,53,88,NA,FALSE,TRUE,"no_lookup_match"
"Saint Martin",NA,2019,"20261007",5,2019-01-28,11,NA,11,401,NA,FALSE,TRUE,"no_lookup_match"
"Saint Martin",NA,2021,"20261007",5,2021-02-01,106,NA,106,296,NA,FALSE,TRUE,"no_lookup_match"
"Saint Martin",NA,2020,"20261007",5,2020-01-27,355,NA,355,349,NA,FALSE,TRUE,"no_lookup_match"
"Saint Vincent and the Grenadines","VCT",2016,"20261007",4,2016-01-25,2,NA,2,558,NA,FALSE,TRUE,"no_lookup_match"
"Saint Vincent and the Grenadines","VCT",2018,"20261007",4,2018-01-22,0,NA,0,454,NA,FALSE,TRUE,"no_lookup_match"
"Saint Vincent and the Grenadines","VCT",2019,"20261007",4,2019-01-21,5,NA,5,402,NA,FALSE,TRUE,"no_lookup_match"
"Saint Vincent and the Grenadines","VCT",2020,"20261007",5,2020-01-27,3,NA,3,349,NA,FALSE,TRUE,"no_lookup_match"
"Saint Vincent and the Grenadines","VCT",2021,"20261007",3,2021-01-18,1,NA,1,298,NA,FALSE,TRUE,"no_lookup_match"
"Saint Vincent and the Grenadines","VCT",2022,"20261007",4,2022-01-24,11,NA,11,245,NA,FALSE,TRUE,"no_lookup_match"
"Saint Vincent and the Grenadines","VCT",2023,"20261007",4,2023-01-23,0,NA,0,193,NA,FALSE,TRUE,"no_lookup_match"
"Saint Vincent and the Grenadines","VCT",2025,"20261007",5,2025-01-27,0,NA,0,88,NA,FALSE,TRUE,"no_lookup_match"
"Sint Maarten","SXM",2019,"20261007",5,2019-01-28,0,NA,0,401,NA,FALSE,TRUE,"no_lookup_match"
"Sint Maarten","SXM",2020,"20261007",5,2020-01-27,0,NA,0,349,NA,FALSE,TRUE,"no_lookup_match"
"Sint Maarten","SXM",2025,"20261007",5,2025-01-27,0,NA,0,88,NA,FALSE,TRUE,"no_lookup_match"
"Suriname","SUR",2018,"20261007",5,2018-01-29,42,NA,42,453,NA,FALSE,TRUE,"no_lookup_match"
"Suriname","SUR",2021,"20261007",5,2021-02-01,3,NA,3,296,NA,FALSE,TRUE,"no_lookup_match"
"Suriname","SUR",2022,"20261007",5,2022-01-31,1,NA,1,244,NA,FALSE,TRUE,"no_lookup_match"
"Suriname","SUR",2023,"20261007",5,2023-01-30,18,NA,18,192,NA,FALSE,TRUE,"no_lookup_match"
"Suriname","SUR",2025,"20261007",5,2025-01-27,75,NA,75,88,NA,FALSE,TRUE,"no_lookup_match"
"Suriname","SUR",2020,"20261007",5,2020-01-27,135,NA,135,349,NA,FALSE,TRUE,"no_lookup_match"
"Suriname","SUR",2019,"20261007",5,2019-01-28,7,NA,7,401,NA,FALSE,TRUE,"no_lookup_match"
"Trinidad and Tobago","TTO",2020,"20261007",5,2020-01-27,12,NA,12,349,NA,FALSE,TRUE,"no_lookup_match"
"Trinidad and Tobago","TTO",2022,"20261007",4,2022-01-24,5,NA,5,245,NA,FALSE,TRUE,"no_lookup_match"
"Trinidad and Tobago","TTO",2025,"20261007",5,2025-01-27,0,NA,0,88,NA,FALSE,TRUE,"no_lookup_match"
"Trinidad and Tobago","TTO",2015,"20261007",4,2015-01-19,28,NA,28,611,NA,FALSE,TRUE,"no_lookup_match"
"Turks and Caicos Islands","TCA",2015,"20261007",4,2015-01-19,0,NA,0,611,NA,FALSE,TRUE,"no_lookup_match"
"Turks and Caicos Islands","TCA",2018,"20261007",5,2018-01-29,0,NA,0,453,NA,FALSE,TRUE,"no_lookup_match"
"Turks and Caicos Islands","TCA",2019,"20261007",5,2019-01-28,0,NA,0,401,NA,FALSE,TRUE,"no_lookup_match"
"Turks and Caicos Islands","TCA",2022,"20261007",5,2022-01-31,0,NA,0,244,NA,FALSE,TRUE,"no_lookup_match"
"Turks and Caicos Islands","TCA",2023,"20261007",5,2023-01-30,0,NA,0,192,NA,FALSE,TRUE,"no_lookup_match"
"Turks and Caicos Islands","TCA",2025,"20261007",5,2025-01-27,0,NA,0,88,NA,FALSE,TRUE,"no_lookup_match"
"Turks and Caicos Islands","TCA",2020,"20261007",5,2020-01-27,69,NA,69,349,NA,FALSE,TRUE,"no_lookup_match"
"Virgin Islands (UK)","VGB",2014,"20261007",4,2014-01-20,13,NA,13,663,NA,FALSE,TRUE,"no_lookup_match"
"Virgin Islands (UK)","VGB",2014,"20261007",1,2014-12-29,0,NA,0,614,NA,FALSE,TRUE,"no_lookup_match"
"Virgin Islands (UK)","VGB",2016,"20261007",1,2016-01-04,0,NA,0,561,NA,FALSE,TRUE,"no_lookup_match"
"Virgin Islands (UK)","VGB",2017,"20261007",4,2017-01-23,7,NA,7,506,NA,FALSE,TRUE,"no_lookup_match"
"Virgin Islands (UK)","VGB",2018,"20261007",5,2018-01-29,5,NA,5,453,NA,FALSE,TRUE,"no_lookup_match"
"Virgin Islands (UK)","VGB",2019,"20261007",5,2019-01-28,6,NA,6,401,NA,FALSE,TRUE,"no_lookup_match"
"Virgin Islands (UK)","VGB",2020,"20261007",4,2020-01-20,11,NA,11,350,NA,FALSE,TRUE,"no_lookup_match"
"Virgin Islands (UK)","VGB",2021,"20261007",4,2021-01-25,8,NA,8,297,NA,FALSE,TRUE,"no_lookup_match"
"Virgin Islands (UK)","VGB",2023,"20261007",5,2023-01-30,1,NA,1,192,NA,FALSE,TRUE,"no_lookup_match"
"Virgin Islands (UK)","VGB",2025,"20261007",5,2025-01-27,11,NA,11,88,NA,FALSE,TRUE,"no_lookup_match"
"Virgin Islands (US)","VIR",2014,"20261007",5,2014-01-27,1,NA,1,662,NA,FALSE,TRUE,"no_lookup_match"
"Virgin Islands (US)","VIR",2015,"20261007",5,2015-01-26,0,NA,0,610,NA,FALSE,TRUE,"no_lookup_match"
"Virgin Islands (US)","VIR",2016,"20261007",5,2016-02-01,9,NA,9,557,NA,FALSE,TRUE,"no_lookup_match"
"Virgin Islands (US)","VIR",2017,"20261007",5,2017-01-30,1,NA,1,505,NA,FALSE,TRUE,"no_lookup_match"
"Virgin Islands (US)","VIR",2018,"20261007",5,2018-01-29,0,NA,0,453,NA,FALSE,TRUE,"no_lookup_match"
"Virgin Islands (US)","VIR",2019,"20261007",5,2019-01-28,0,NA,0,401,NA,FALSE,TRUE,"no_lookup_match"
"Virgin Islands (US)","VIR",2020,"20261007",5,2020-01-27,0,NA,0,349,NA,FALSE,TRUE,"no_lookup_match"
"Virgin Islands (US)","VIR",2021,"20261007",5,2021-02-01,0,NA,0,296,NA,FALSE,TRUE,"no_lookup_match"
"Virgin Islands (US)","VIR",2022,"20261007",5,2022-01-31,0,NA,0,244,NA,FALSE,TRUE,"no_lookup_match"
"Virgin Islands (US)","VIR",2023,"20261007",5,2023-01-30,0,NA,0,192,NA,FALSE,TRUE,"no_lookup_match"
"Virgin Islands (US)","VIR",2025,"20261007",5,2025-01-27,1,NA,1,88,NA,FALSE,TRUE,"no_lookup_match"
