iso3,origin_date,horizon,target_date,.pred,.pred_lower50,.pred_upper50,.pred_lower90,.pred_upper90
ABW,2026-07-01,1,2026-08-01,7,1,10,0,24
ABW,2026-07-01,2,2026-09-01,34,7,47,0,115
ABW,2026-07-01,3,2026-10-01,104,21,143,2,348
ABW,2026-07-01,4,2026-11-01,236,47,326,5,790
ABW,2026-07-01,5,2026-12-01,438,87,603,9,1463
ABW,2026-07-01,6,2027-01-01,695,139,958,14,2323
AFG,2026-07-01,1,2026-08-01,522,104,719,11,1744
AFG,2026-07-01,2,2026-09-01,794,159,1094,16,2652
AFG,2026-07-01,3,2026-10-01,1088,218,1500,23,3635
AFG,2026-07-01,4,2026-11-01,1380,276,1902,29,4609
AFG,2026-07-01,5,2026-12-01,1651,330,2274,34,5512
AFG,2026-07-01,6,2027-01-01,1889,378,2602,39,6307
ARG,2026-07-01,1,2026-08-01,97,19,133,2,323
ARG,2026-07-01,2,2026-09-01,224,45,309,4,749
ARG,2026-07-01,3,2026-10-01,420,84,579,8,1404
ARG,2026-07-01,4,2026-11-01,674,135,929,14,2252
ARG,2026-07-01,5,2026-12-01,963,192,1326,20,3214
ARG,2026-07-01,6,2027-01-01,1258,252,1734,26,4202
ATG,2026-07-01,1,2026-08-01,12,2,17,0,41
ATG,2026-07-01,2,2026-09-01,49,9,67,1,164
ATG,2026-07-01,3,2026-10-01,135,27,186,2,451
ATG,2026-07-01,4,2026-11-01,287,57,396,6,961
ATG,2026-07-01,5,2026-12-01,507,101,699,10,1693
ATG,2026-07-01,6,2027-01-01,776,155,1070,16,2593
AUS,2026-07-01,1,2026-08-01,252,50,347,5,841
AUS,2026-07-01,2,2026-09-01,459,92,632,9,1533
AUS,2026-07-01,3,2026-10-01,720,144,993,15,2406
AUS,2026-07-01,4,2026-11-01,1012,202,1394,21,3378
AUS,2026-07-01,5,2026-12-01,1306,261,1800,27,4362
AUS,2026-07-01,6,2027-01-01,1583,317,2182,33,5288
BES,2026-07-01,1,2026-08-01,NA,NA,NA,NA,NA
BES,2026-07-01,2,2026-09-01,NA,NA,NA,NA,NA
BES,2026-07-01,3,2026-10-01,NA,NA,NA,NA,NA
BES,2026-07-01,4,2026-11-01,NA,NA,NA,NA,NA
BES,2026-07-01,5,2026-12-01,NA,NA,NA,NA,NA
BES,2026-07-01,6,2027-01-01,NA,NA,NA,NA,NA
BFA,2026-07-01,1,2026-08-01,1745,349,2404,36,5827
BFA,2026-07-01,2,2026-09-01,1970,394,2714,41,6577
BFA,2026-07-01,3,2026-10-01,2158,432,2973,45,7205
BFA,2026-07-01,4,2026-11-01,2311,462,3184,48,7718
BFA,2026-07-01,5,2026-12-01,2434,487,3354,51,8128
BFA,2026-07-01,6,2027-01-01,2531,506,3487,53,8451
BGD,2026-07-01,1,2026-08-01,8224,1646,11331,172,27460
BGD,2026-07-01,2,2026-09-01,6336,1268,8729,133,21154
BGD,2026-07-01,3,2026-10-01,5205,1042,7171,109,17378
BGD,2026-07-01,4,2026-11-01,4488,898,6183,94,14984
BGD,2026-07-01,5,2026-12-01,4013,803,5530,84,13400
BGD,2026-07-01,6,2027-01-01,3689,738,5083,77,12318
BHS,2026-07-01,1,2026-08-01,7,1,10,0,24
BHS,2026-07-01,2,2026-09-01,34,7,47,0,115
BHS,2026-07-01,3,2026-10-01,104,21,143,2,348
BHS,2026-07-01,4,2026-11-01,236,47,326,5,790
BHS,2026-07-01,5,2026-12-01,438,87,603,9,1463
BHS,2026-07-01,6,2027-01-01,695,139,958,14,2323
BLM,2026-07-01,1,2026-08-01,7,1,10,0,24
BLM,2026-07-01,2,2026-09-01,34,7,47,0,115
BLM,2026-07-01,3,2026-10-01,104,21,143,2,348
BLM,2026-07-01,4,2026-11-01,236,47,326,5,790
BLM,2026-07-01,5,2026-12-01,438,87,603,9,1463
BLM,2026-07-01,6,2027-01-01,695,139,958,14,2323
BLZ,2026-07-01,1,2026-08-01,493,98,679,10,1647
BLZ,2026-07-01,2,2026-09-01,760,152,1048,16,2539
BLZ,2026-07-01,3,2026-10-01,1054,211,1452,22,3518
BLZ,2026-07-01,4,2026-11-01,1347,269,1856,28,4497
BLZ,2026-07-01,5,2026-12-01,1620,324,2233,34,5411
BLZ,2026-07-01,6,2027-01-01,1863,373,2566,39,6220
BOL,2026-07-01,1,2026-08-01,2025,405,2790,42,6761
BOL,2026-07-01,2,2026-09-01,2203,441,3035,46,7356
BOL,2026-07-01,3,2026-10-01,2348,470,3235,49,7839
BOL,2026-07-01,4,2026-11-01,2463,493,3393,51,8224
BOL,2026-07-01,5,2026-12-01,2554,511,3518,53,8526
BOL,2026-07-01,6,2027-01-01,2624,525,3615,55,8762
BRA,2026-07-01,1,2026-08-01,17100,3423,23560,359,57095
BRA,2026-07-01,2,2026-09-01,11001,2202,15156,231,36729
BRA,2026-07-01,3,2026-10-01,7889,1579,10869,165,26339
BRA,2026-07-01,4,2026-11-01,6140,1229,8459,129,20500
BRA,2026-07-01,5,2026-12-01,5083,1017,7003,106,16971
BRA,2026-07-01,6,2027-01-01,4408,882,6074,92,14719
BRB,2026-07-01,1,2026-08-01,40,8,56,0,135
BRB,2026-07-01,2,2026-09-01,117,23,161,2,391
BRB,2026-07-01,3,2026-10-01,258,51,356,5,863
BRB,2026-07-01,4,2026-11-01,468,93,644,9,1562
BRB,2026-07-01,5,2026-12-01,731,146,1007,15,2441
BRB,2026-07-01,6,2027-01-01,1023,204,1409,21,3415
BRN,2026-07-01,1,2026-08-01,NA,NA,NA,NA,NA
BRN,2026-07-01,2,2026-09-01,NA,NA,NA,NA,NA
BRN,2026-07-01,3,2026-10-01,NA,NA,NA,NA,NA
BRN,2026-07-01,4,2026-11-01,NA,NA,NA,NA,NA
BRN,2026-07-01,5,2026-12-01,NA,NA,NA,NA,NA
BRN,2026-07-01,6,2027-01-01,NA,NA,NA,NA,NA
BTN,2026-07-01,1,2026-08-01,34,7,47,0,114
BTN,2026-07-01,2,2026-09-01,103,20,142,2,346
BTN,2026-07-01,3,2026-10-01,235,47,325,5,787
BTN,2026-07-01,4,2026-11-01,436,87,601,9,1458
BTN,2026-07-01,5,2026-12-01,694,139,956,14,2317
BTN,2026-07-01,6,2027-01-01,983,197,1355,20,3284
CHL,2026-07-01,1,2026-08-01,12,2,17,0,41
CHL,2026-07-01,2,2026-09-01,49,9,67,1,164
CHL,2026-07-01,3,2026-10-01,135,27,186,2,451
CHL,2026-07-01,4,2026-11-01,287,57,396,6,961
CHL,2026-07-01,5,2026-12-01,507,101,699,10,1693
CHL,2026-07-01,6,2027-01-01,776,155,1070,16,2593
CHN,2026-07-01,1,2026-08-01,552,110,761,11,1844
CHN,2026-07-01,2,2026-09-01,828,165,1141,17,2765
CHN,2026-07-01,3,2026-10-01,1123,225,1548,23,3751
CHN,2026-07-01,4,2026-11-01,1413,283,1947,29,4720
CHN,2026-07-01,5,2026-12-01,1680,336,2315,35,5611
CHN,2026-07-01,6,2027-01-01,1914,383,2638,40,6393
CIV,2026-07-01,1,2026-08-01,209,42,288,4,698
CIV,2026-07-01,2,2026-09-01,399,80,550,8,1333
CIV,2026-07-01,3,2026-10-01,648,130,893,13,2166
CIV,2026-07-01,4,2026-11-01,934,187,1288,19,3121
CIV,2026-07-01,5,2026-12-01,1230,246,1695,25,4109
CIV,2026-07-01,6,2027-01-01,1514,303,2086,31,5055
COK,2026-07-01,1,2026-08-01,260,52,358,5,869
COK,2026-07-01,2,2026-09-01,470,94,648,10,1570
COK,2026-07-01,3,2026-10-01,734,147,1011,15,2450
COK,2026-07-01,4,2026-11-01,1026,205,1413,21,3425
COK,2026-07-01,5,2026-12-01,1320,264,1818,27,4407
COK,2026-07-01,6,2027-01-01,1596,319,2199,33,5329
COL,2026-07-01,1,2026-08-01,7233,1448,9965,152,24149
COL,2026-07-01,2,2026-09-01,5751,1151,7923,120,19202
COL,2026-07-01,3,2026-10-01,4838,968,6666,101,16155
COL,2026-07-01,4,2026-11-01,4247,850,5852,89,14182
COL,2026-07-01,5,2026-12-01,3850,771,5305,81,12856
COL,2026-07-01,6,2027-01-01,3576,716,4927,75,11939
CRI,2026-07-01,1,2026-08-01,1041,208,1434,22,3475
CRI,2026-07-01,2,2026-09-01,1334,267,1839,28,4456
CRI,2026-07-01,3,2026-10-01,1609,322,2217,33,5373
CRI,2026-07-01,4,2026-11-01,1853,371,2553,39,6187
CRI,2026-07-01,5,2026-12-01,2061,412,2839,43,6881
CRI,2026-07-01,6,2027-01-01,2232,447,3076,47,7455
CUB,2026-07-01,1,2026-08-01,2710,542,3734,57,9048
CUB,2026-07-01,2,2026-09-01,2744,549,3781,57,9163
CUB,2026-07-01,3,2026-10-01,2770,554,3817,58,9250
CUB,2026-07-01,4,2026-11-01,2790,558,3844,58,9316
CUB,2026-07-01,5,2026-12-01,2805,561,3865,59,9367
CUB,2026-07-01,6,2027-01-01,2817,564,3881,59,9405
CUW,2026-07-01,1,2026-08-01,NA,NA,NA,NA,NA
CUW,2026-07-01,2,2026-09-01,NA,NA,NA,NA,NA
CUW,2026-07-01,3,2026-10-01,NA,NA,NA,NA,NA
CUW,2026-07-01,4,2026-11-01,NA,NA,NA,NA,NA
CUW,2026-07-01,5,2026-12-01,NA,NA,NA,NA,NA
CUW,2026-07-01,6,2027-01-01,NA,NA,NA,NA,NA
CYM,2026-07-01,1,2026-08-01,7,1,10,0,24
CYM,2026-07-01,2,2026-09-01,34,7,47,0,115
CYM,2026-07-01,3,2026-10-01,104,21,143,2,348
CYM,2026-07-01,4,2026-11-01,236,47,326,5,790
CYM,2026-07-01,5,2026-12-01,438,87,603,9,1463
CYM,2026-07-01,6,2027-01-01,695,139,958,14,2323
DMA,2026-07-01,1,2026-08-01,NA,NA,NA,NA,NA
DMA,2026-07-01,2,2026-09-01,NA,NA,NA,NA,NA
DMA,2026-07-01,3,2026-10-01,NA,NA,NA,NA,NA
DMA,2026-07-01,4,2026-11-01,NA,NA,NA,NA,NA
DMA,2026-07-01,5,2026-12-01,NA,NA,NA,NA,NA
DMA,2026-07-01,6,2027-01-01,NA,NA,NA,NA,NA
DOM,2026-07-01,1,2026-08-01,296,59,407,6,987
DOM,2026-07-01,2,2026-09-01,518,103,713,11,1729
DOM,2026-07-01,3,2026-10-01,789,158,1087,16,2634
DOM,2026-07-01,4,2026-11-01,1083,217,1492,22,3616
DOM,2026-07-01,5,2026-12-01,1375,275,1895,29,4592
DOM,2026-07-01,6,2027-01-01,1646,329,2268,34,5496
ECU,2026-07-01,1,2026-08-01,2703,541,3724,56,9025
ECU,2026-07-01,2,2026-09-01,2739,548,3774,57,9145
ECU,2026-07-01,3,2026-10-01,2766,553,3811,58,9237
ECU,2026-07-01,4,2026-11-01,2787,558,3840,58,9306
ECU,2026-07-01,5,2026-12-01,2803,561,3862,59,9359
ECU,2026-07-01,6,2027-01-01,2815,563,3878,59,9399
ERI,2026-07-01,1,2026-08-01,437,87,602,9,1460
ERI,2026-07-01,2,2026-09-01,695,139,957,14,2320
ERI,2026-07-01,3,2026-10-01,984,197,1356,20,3287
ERI,2026-07-01,4,2026-11-01,1279,256,1763,27,4273
ERI,2026-07-01,5,2026-12-01,1559,312,2148,32,5206
ERI,2026-07-01,6,2027-01-01,1809,362,2493,38,6042
ETH,2026-07-01,1,2026-08-01,198,39,273,4,663
ETH,2026-07-01,2,2026-09-01,383,76,528,8,1281
ETH,2026-07-01,3,2026-10-01,629,126,867,13,2102
ETH,2026-07-01,4,2026-11-01,914,183,1259,19,3052
ETH,2026-07-01,5,2026-12-01,1210,242,1667,25,4041
ETH,2026-07-01,6,2027-01-01,1495,299,2060,31,4992
FJI,2026-07-01,1,2026-08-01,604,121,832,12,2018
FJI,2026-07-01,2,2026-09-01,886,177,1221,18,2959
FJI,2026-07-01,3,2026-10-01,1182,236,1629,24,3947
FJI,2026-07-01,4,2026-11-01,1469,294,2024,30,4905
FJI,2026-07-01,5,2026-12-01,1730,346,2383,36,5776
FJI,2026-07-01,6,2027-01-01,1957,391,2696,41,6534
FSM,2026-07-01,1,2026-08-01,12,2,17,0,41
FSM,2026-07-01,2,2026-09-01,49,9,67,1,164
FSM,2026-07-01,3,2026-10-01,135,27,186,2,451
FSM,2026-07-01,4,2026-11-01,287,57,396,6,961
FSM,2026-07-01,5,2026-12-01,507,101,699,10,1693
FSM,2026-07-01,6,2027-01-01,776,155,1070,16,2593
GLP,2026-07-01,1,2026-08-01,87,17,121,1,293
GLP,2026-07-01,2,2026-09-01,208,41,286,4,695
GLP,2026-07-01,3,2026-10-01,397,79,547,8,1327
GLP,2026-07-01,4,2026-11-01,646,129,891,13,2159
GLP,2026-07-01,5,2026-12-01,932,186,1285,19,3114
GLP,2026-07-01,6,2027-01-01,1228,246,1692,25,4102
GRD,2026-07-01,1,2026-08-01,20,4,28,0,68
GRD,2026-07-01,2,2026-09-01,71,14,98,1,237
GRD,2026-07-01,3,2026-10-01,177,35,245,3,593
GRD,2026-07-01,4,2026-11-01,353,70,486,7,1179
GRD,2026-07-01,5,2026-12-01,591,118,815,12,1976
GRD,2026-07-01,6,2027-01-01,872,174,1202,18,2912
GTM,2026-07-01,1,2026-08-01,4900,981,6752,103,16362
GTM,2026-07-01,2,2026-09-01,4288,858,5909,90,14319
GTM,2026-07-01,3,2026-10-01,3878,776,5343,81,12950
GTM,2026-07-01,4,2026-11-01,3595,719,4954,75,12005
GTM,2026-07-01,5,2026-12-01,3396,680,4679,71,11339
GTM,2026-07-01,6,2027-01-01,3253,651,4482,68,10861
GUF,2026-07-01,1,2026-08-01,27,5,38,0,92
GUF,2026-07-01,2,2026-09-01,88,17,122,1,295
GUF,2026-07-01,3,2026-10-01,209,42,288,4,699
GUF,2026-07-01,4,2026-11-01,399,80,550,8,1334
GUF,2026-07-01,5,2026-12-01,649,130,894,13,2168
GUF,2026-07-01,6,2027-01-01,935,187,1288,19,3123
GUY,2026-07-01,1,2026-08-01,7574,1516,10436,159,25290
GUY,2026-07-01,2,2026-09-01,5954,1192,8204,125,19881
GUY,2026-07-01,3,2026-10-01,4967,994,6843,104,16584
GUY,2026-07-01,4,2026-11-01,4332,867,5969,91,14465
GUY,2026-07-01,5,2026-12-01,3908,782,5385,82,13049
GUY,2026-07-01,6,2027-01-01,3616,724,4982,76,12074
HND,2026-07-01,1,2026-08-01,2182,437,3006,45,7286
HND,2026-07-01,2,2026-09-01,2331,466,3211,49,7783
HND,2026-07-01,3,2026-10-01,2450,490,3375,51,8179
HND,2026-07-01,4,2026-11-01,2543,509,3504,53,8492
HND,2026-07-01,5,2026-12-01,2616,523,3604,55,8735
HND,2026-07-01,6,2027-01-01,2672,535,3682,56,8922
HTI,2026-07-01,1,2026-08-01,NA,NA,NA,NA,NA
HTI,2026-07-01,2,2026-09-01,NA,NA,NA,NA,NA
HTI,2026-07-01,3,2026-10-01,NA,NA,NA,NA,NA
HTI,2026-07-01,4,2026-11-01,NA,NA,NA,NA,NA
HTI,2026-07-01,5,2026-12-01,NA,NA,NA,NA,NA
HTI,2026-07-01,6,2027-01-01,NA,NA,NA,NA,NA
IDN,2026-07-01,1,2026-08-01,NA,NA,NA,NA,NA
IDN,2026-07-01,2,2026-09-01,NA,NA,NA,NA,NA
IDN,2026-07-01,3,2026-10-01,NA,NA,NA,NA,NA
IDN,2026-07-01,4,2026-11-01,NA,NA,NA,NA,NA
IDN,2026-07-01,5,2026-12-01,NA,NA,NA,NA,NA
IDN,2026-07-01,6,2027-01-01,NA,NA,NA,NA,NA
IND,2026-07-01,1,2026-08-01,7243,1450,9979,152,24183
IND,2026-07-01,2,2026-09-01,5757,1152,7932,121,19222
IND,2026-07-01,3,2026-10-01,4842,969,6671,101,16167
IND,2026-07-01,4,2026-11-01,4250,851,5856,89,14190
IND,2026-07-01,5,2026-12-01,3852,771,5307,81,12862
IND,2026-07-01,6,2027-01-01,3577,716,4928,75,11943
JAM,2026-07-01,1,2026-08-01,116,23,161,2,390
JAM,2026-07-01,2,2026-09-01,257,51,355,5,861
JAM,2026-07-01,3,2026-10-01,467,93,643,9,1559
JAM,2026-07-01,4,2026-11-01,730,146,1005,15,2437
JAM,2026-07-01,5,2026-12-01,1021,204,1407,21,3411
JAM,2026-07-01,6,2027-01-01,1316,263,1813,27,4393
KEN,2026-07-01,1,2026-08-01,992,198,1367,20,3313
KEN,2026-07-01,2,2026-09-01,1287,257,1774,27,4298
KEN,2026-07-01,3,2026-10-01,1566,313,2158,33,5230
KEN,2026-07-01,4,2026-11-01,1815,363,2501,38,6062
KEN,2026-07-01,5,2026-12-01,2029,406,2796,42,6776
KEN,2026-07-01,6,2027-01-01,2207,441,3040,46,7369
KHM,2026-07-01,1,2026-08-01,8381,1678,11547,176,27984
KHM,2026-07-01,2,2026-09-01,6427,1286,8854,135,21457
KHM,2026-07-01,3,2026-10-01,5261,1053,7248,110,17565
KHM,2026-07-01,4,2026-11-01,4524,905,6233,95,15106
KHM,2026-07-01,5,2026-12-01,4038,808,5563,84,13482
KHM,2026-07-01,6,2027-01-01,3706,742,5106,78,12375
KIR,2026-07-01,1,2026-08-01,211,42,290,4,704
KIR,2026-07-01,2,2026-09-01,401,80,553,8,1341
KIR,2026-07-01,3,2026-10-01,651,130,898,13,2176
KIR,2026-07-01,4,2026-11-01,938,187,1292,19,3132
KIR,2026-07-01,5,2026-12-01,1234,247,1700,26,4120
KIR,2026-07-01,6,2027-01-01,1517,303,2090,32,5065
KNA,2026-07-01,1,2026-08-01,7,1,10,0,24
KNA,2026-07-01,2,2026-09-01,34,7,47,0,115
KNA,2026-07-01,3,2026-10-01,104,21,143,2,348
KNA,2026-07-01,4,2026-11-01,236,47,326,5,790
KNA,2026-07-01,5,2026-12-01,438,87,603,9,1463
KNA,2026-07-01,6,2027-01-01,695,139,958,14,2323
LAO,2026-07-01,1,2026-08-01,2510,502,3458,52,8380
LAO,2026-07-01,2,2026-09-01,2590,518,3568,54,8648
LAO,2026-07-01,3,2026-10-01,2652,531,3654,55,8856
LAO,2026-07-01,4,2026-11-01,2700,540,3720,56,9015
LAO,2026-07-01,5,2026-12-01,2737,548,3771,57,9138
LAO,2026-07-01,6,2027-01-01,2765,553,3809,58,9231
LCA,2026-07-01,1,2026-08-01,16,3,22,0,55
LCA,2026-07-01,2,2026-09-01,61,12,84,1,203
LCA,2026-07-01,3,2026-10-01,158,31,218,3,529
LCA,2026-07-01,4,2026-11-01,324,65,446,6,1082
LCA,2026-07-01,5,2026-12-01,554,111,764,11,1852
LCA,2026-07-01,6,2027-01-01,831,166,1144,17,2774
LKA,2026-07-01,1,2026-08-01,5522,1105,7609,116,18439
LKA,2026-07-01,2,2026-09-01,4693,939,6465,98,15668
LKA,2026-07-01,3,2026-10-01,4151,831,5719,87,13859
LKA,2026-07-01,4,2026-11-01,3784,757,5214,79,12635
LKA,2026-07-01,5,2026-12-01,3529,706,4863,74,11784
LKA,2026-07-01,6,2027-01-01,3349,670,4614,70,11181
MAF,2026-07-01,1,2026-08-01,20,4,28,0,68
MAF,2026-07-01,2,2026-09-01,71,14,98,1,237
MAF,2026-07-01,3,2026-10-01,177,35,245,3,593
MAF,2026-07-01,4,2026-11-01,353,70,486,7,1179
MAF,2026-07-01,5,2026-12-01,591,118,815,12,1976
MAF,2026-07-01,6,2027-01-01,872,174,1202,18,2912
MDV,2026-07-01,1,2026-08-01,649,130,894,13,2166
MDV,2026-07-01,2,2026-09-01,935,187,1288,19,3121
MDV,2026-07-01,3,2026-10-01,1231,246,1696,25,4110
MDV,2026-07-01,4,2026-11-01,1514,303,2086,31,5056
MDV,2026-07-01,5,2026-12-01,1770,354,2438,37,5910
MDV,2026-07-01,6,2027-01-01,1991,398,2743,41,6647
MEX,2026-07-01,1,2026-08-01,8470,1695,11670,178,28280
MEX,2026-07-01,2,2026-09-01,6478,1297,8925,136,21629
MEX,2026-07-01,3,2026-10-01,5292,1059,7292,111,17671
MEX,2026-07-01,4,2026-11-01,4545,910,6261,95,15174
MEX,2026-07-01,5,2026-12-01,4052,811,5582,85,13528
MEX,2026-07-01,6,2027-01-01,3716,744,5120,78,12407
MHL,2026-07-01,1,2026-08-01,7,1,10,0,24
MHL,2026-07-01,2,2026-09-01,34,7,47,0,115
MHL,2026-07-01,3,2026-10-01,104,21,143,2,348
MHL,2026-07-01,4,2026-11-01,236,47,326,5,790
MHL,2026-07-01,5,2026-12-01,438,87,603,9,1463
MHL,2026-07-01,6,2027-01-01,695,139,958,14,2323
MMR,2026-07-01,1,2026-08-01,2905,581,4003,61,9701
MMR,2026-07-01,2,2026-09-01,2892,579,3985,60,9656
MMR,2026-07-01,3,2026-10-01,2882,577,3971,60,9623
MMR,2026-07-01,4,2026-11-01,2875,575,3960,60,9598
MMR,2026-07-01,5,2026-12-01,2869,574,3953,60,9579
MMR,2026-07-01,6,2027-01-01,2865,573,3947,60,9565
MRT,2026-07-01,1,2026-08-01,448,89,618,9,1497
MRT,2026-07-01,2,2026-09-01,708,141,975,15,2364
MRT,2026-07-01,3,2026-10-01,998,200,1375,21,3334
MRT,2026-07-01,4,2026-11-01,1293,259,1782,27,4318
MRT,2026-07-01,5,2026-12-01,1572,314,2165,33,5248
MRT,2026-07-01,6,2027-01-01,1820,364,2508,38,6078
MTQ,2026-07-01,1,2026-08-01,169,33,232,3,564
MTQ,2026-07-01,2,2026-09-01,340,68,468,7,1135
MTQ,2026-07-01,3,2026-10-01,575,115,792,12,1919
MTQ,2026-07-01,4,2026-11-01,853,171,1176,18,2850
MTQ,2026-07-01,5,2026-12-01,1149,230,1583,24,3838
MTQ,2026-07-01,6,2027-01-01,1438,288,1981,30,4801
MYS,2026-07-01,1,2026-08-01,4428,886,6101,93,14785
MYS,2026-07-01,2,2026-09-01,3973,795,5474,83,13266
MYS,2026-07-01,3,2026-10-01,3661,733,5045,77,12225
MYS,2026-07-01,4,2026-11-01,3443,689,4743,72,11495
MYS,2026-07-01,5,2026-12-01,3287,658,4528,69,10974
MYS,2026-07-01,6,2027-01-01,3174,635,4373,66,10597
NCL,2026-07-01,1,2026-08-01,149,30,206,3,499
NCL,2026-07-01,2,2026-09-01,310,62,427,6,1036
NCL,2026-07-01,3,2026-10-01,537,107,739,11,1792
NCL,2026-07-01,4,2026-11-01,810,162,1117,17,2707
NCL,2026-07-01,5,2026-12-01,1105,221,1523,23,3691
NCL,2026-07-01,6,2027-01-01,1396,279,1924,29,4663
NIC,2026-07-01,1,2026-08-01,NA,NA,NA,NA,NA
NIC,2026-07-01,2,2026-09-01,NA,NA,NA,NA,NA
NIC,2026-07-01,3,2026-10-01,NA,NA,NA,NA,NA
NIC,2026-07-01,4,2026-11-01,NA,NA,NA,NA,NA
NIC,2026-07-01,5,2026-12-01,NA,NA,NA,NA,NA
NIC,2026-07-01,6,2027-01-01,NA,NA,NA,NA,NA
NPL,2026-07-01,1,2026-08-01,812,162,1119,17,2712
NPL,2026-07-01,2,2026-09-01,1107,221,1525,23,3697
NPL,2026-07-01,3,2026-10-01,1398,280,1926,29,4668
NPL,2026-07-01,4,2026-11-01,1667,333,2296,35,5565
NPL,2026-07-01,5,2026-12-01,1903,381,2621,40,6353
NPL,2026-07-01,6,2027-01-01,2102,421,2896,44,7019
OMN,2026-07-01,1,2026-08-01,NA,NA,NA,NA,NA
OMN,2026-07-01,2,2026-09-01,NA,NA,NA,NA,NA
OMN,2026-07-01,3,2026-10-01,NA,NA,NA,NA,NA
OMN,2026-07-01,4,2026-11-01,NA,NA,NA,NA,NA
OMN,2026-07-01,5,2026-12-01,NA,NA,NA,NA,NA
OMN,2026-07-01,6,2027-01-01,NA,NA,NA,NA,NA
PAK,2026-07-01,1,2026-08-01,1131,226,1558,23,3775
PAK,2026-07-01,2,2026-09-01,1420,284,1957,29,4743
PAK,2026-07-01,3,2026-10-01,1687,337,2324,35,5632
PAK,2026-07-01,4,2026-11-01,1920,384,2645,40,6410
PAK,2026-07-01,5,2026-12-01,2116,423,2916,44,7067
PAK,2026-07-01,6,2027-01-01,2278,456,3138,47,7606
PAN,2026-07-01,1,2026-08-01,2016,403,2778,42,6732
PAN,2026-07-01,2,2026-09-01,2196,439,3026,46,7333
PAN,2026-07-01,3,2026-10-01,2342,469,3227,49,7821
PAN,2026-07-01,4,2026-11-01,2459,492,3387,51,8209
PAN,2026-07-01,5,2026-12-01,2550,510,3514,53,8515
PAN,2026-07-01,6,2027-01-01,2621,524,3612,55,8753
PER,2026-07-01,1,2026-08-01,2418,484,3332,50,8074
PER,2026-07-01,2,2026-09-01,2518,504,3470,53,8409
PER,2026-07-01,3,2026-10-01,2597,520,3578,54,8671
PER,2026-07-01,4,2026-11-01,2657,532,3661,55,8873
PER,2026-07-01,5,2026-12-01,2704,541,3726,56,9029
PER,2026-07-01,6,2027-01-01,2740,548,3775,57,9148
PHL,2026-07-01,1,2026-08-01,NA,NA,NA,NA,NA
PHL,2026-07-01,2,2026-09-01,NA,NA,NA,NA,NA
PHL,2026-07-01,3,2026-10-01,NA,NA,NA,NA,NA
PHL,2026-07-01,4,2026-11-01,NA,NA,NA,NA,NA
PHL,2026-07-01,5,2026-12-01,NA,NA,NA,NA,NA
PHL,2026-07-01,6,2027-01-01,NA,NA,NA,NA,NA
PLW,2026-07-01,1,2026-08-01,24,4,33,0,80
PLW,2026-07-01,2,2026-09-01,80,16,110,1,267
PLW,2026-07-01,3,2026-10-01,194,39,268,4,649
PLW,2026-07-01,4,2026-11-01,378,75,521,8,1262
PLW,2026-07-01,5,2026-12-01,622,124,858,13,2079
PLW,2026-07-01,6,2027-01-01,906,181,1248,19,3026
PRI,2026-07-01,1,2026-08-01,345,69,475,7,1152
PRI,2026-07-01,2,2026-09-01,581,116,801,12,1941
PRI,2026-07-01,3,2026-10-01,860,172,1186,18,2874
PRI,2026-07-01,4,2026-11-01,1156,231,1593,24,3862
PRI,2026-07-01,5,2026-12-01,1445,289,1991,30,4824
PRI,2026-07-01,6,2027-01-01,1708,342,2354,36,5705
PRY,2026-07-01,1,2026-08-01,1014,203,1398,21,3387
PRY,2026-07-01,2,2026-09-01,1309,262,1803,27,4371
PRY,2026-07-01,3,2026-10-01,1586,317,2185,33,5296
PRY,2026-07-01,4,2026-11-01,1833,367,2525,38,6120
PRY,2026-07-01,5,2026-12-01,2044,409,2816,43,6824
PRY,2026-07-01,6,2027-01-01,2219,444,3057,46,7408
PYF,2026-07-01,1,2026-08-01,78,15,107,1,261
PYF,2026-07-01,2,2026-09-01,191,38,263,4,637
PYF,2026-07-01,3,2026-10-01,372,74,513,7,1244
PYF,2026-07-01,4,2026-11-01,616,123,848,13,2056
PYF,2026-07-01,5,2026-12-01,899,180,1238,19,3001
PYF,2026-07-01,6,2027-01-01,1195,239,1646,25,3990
REU,2026-07-01,1,2026-08-01,37,7,51,0,125
REU,2026-07-01,2,2026-09-01,110,22,152,2,369
REU,2026-07-01,3,2026-10-01,247,49,341,5,826
REU,2026-07-01,4,2026-11-01,453,90,624,9,1512
REU,2026-07-01,5,2026-12-01,713,142,982,15,2381
REU,2026-07-01,6,2027-01-01,1004,201,1383,21,3352
SAU,2026-07-01,1,2026-08-01,NA,NA,NA,NA,NA
SAU,2026-07-01,2,2026-09-01,NA,NA,NA,NA,NA
SAU,2026-07-01,3,2026-10-01,NA,NA,NA,NA,NA
SAU,2026-07-01,4,2026-11-01,NA,NA,NA,NA,NA
SAU,2026-07-01,5,2026-12-01,NA,NA,NA,NA,NA
SAU,2026-07-01,6,2027-01-01,NA,NA,NA,NA,NA
SDN,2026-07-01,1,2026-08-01,725,145,999,15,2422
SDN,2026-07-01,2,2026-09-01,1017,203,1401,21,3396
SDN,2026-07-01,3,2026-10-01,1311,262,1807,27,4379
SDN,2026-07-01,4,2026-11-01,1588,318,2188,33,5303
SDN,2026-07-01,5,2026-12-01,1835,367,2528,38,6126
SDN,2026-07-01,6,2027-01-01,2045,409,2818,43,6830
SEN,2026-07-01,1,2026-08-01,826,165,1138,17,2757
SEN,2026-07-01,2,2026-09-01,1121,224,1545,23,3743
SEN,2026-07-01,3,2026-10-01,1411,282,1944,29,4712
SEN,2026-07-01,4,2026-11-01,1678,336,2313,35,5605
SEN,2026-07-01,5,2026-12-01,1913,383,2635,40,6387
SEN,2026-07-01,6,2027-01-01,2111,422,2908,44,7048
SGP,2026-07-01,1,2026-08-01,692,138,954,14,2311
SGP,2026-07-01,2,2026-09-01,981,196,1352,20,3278
SGP,2026-07-01,3,2026-10-01,1277,255,1759,26,4264
SGP,2026-07-01,4,2026-11-01,1557,311,2145,32,5198
SGP,2026-07-01,5,2026-12-01,1807,361,2490,38,6034
SGP,2026-07-01,6,2027-01-01,2022,405,2786,42,6753
SLB,2026-07-01,1,2026-08-01,46,9,64,1,155
SLB,2026-07-01,2,2026-09-01,129,26,178,2,433
SLB,2026-07-01,3,2026-10-01,279,55,384,5,931
SLB,2026-07-01,4,2026-11-01,495,99,682,10,1653
SLB,2026-07-01,5,2026-12-01,763,152,1051,16,2547
SLB,2026-07-01,6,2027-01-01,1056,211,1455,22,3526
SLV,2026-07-01,1,2026-08-01,1007,201,1387,21,3363
SLV,2026-07-01,2,2026-09-01,1302,260,1794,27,4347
SLV,2026-07-01,3,2026-10-01,1579,316,2176,33,5274
SLV,2026-07-01,4,2026-11-01,1827,365,2517,38,6101
SLV,2026-07-01,5,2026-12-01,2039,408,2809,42,6808
SLV,2026-07-01,6,2027-01-01,2215,443,3051,46,7395
SUR,2026-07-01,1,2026-08-01,169,33,232,3,564
SUR,2026-07-01,2,2026-09-01,340,68,468,7,1135
SUR,2026-07-01,3,2026-10-01,575,115,792,12,1919
SUR,2026-07-01,4,2026-11-01,853,171,1176,18,2850
SUR,2026-07-01,5,2026-12-01,1149,230,1583,24,3838
SUR,2026-07-01,6,2027-01-01,1438,288,1981,30,4801
SXM,2026-07-01,1,2026-08-01,20,4,28,0,68
SXM,2026-07-01,2,2026-09-01,71,14,98,1,237
SXM,2026-07-01,3,2026-10-01,177,35,245,3,593
SXM,2026-07-01,4,2026-11-01,353,70,486,7,1179
SXM,2026-07-01,5,2026-12-01,591,118,815,12,1976
SXM,2026-07-01,6,2027-01-01,872,174,1202,18,2912
SYC,2026-07-01,1,2026-08-01,37,7,51,0,125
SYC,2026-07-01,2,2026-09-01,110,22,152,2,369
SYC,2026-07-01,3,2026-10-01,247,49,341,5,826
SYC,2026-07-01,4,2026-11-01,453,90,624,9,1512
SYC,2026-07-01,5,2026-12-01,713,142,982,15,2381
SYC,2026-07-01,6,2027-01-01,1004,201,1383,21,3352
TCA,2026-07-01,1,2026-08-01,7,1,10,0,24
TCA,2026-07-01,2,2026-09-01,34,7,47,0,115
TCA,2026-07-01,3,2026-10-01,104,21,143,2,348
TCA,2026-07-01,4,2026-11-01,236,47,326,5,790
TCA,2026-07-01,5,2026-12-01,438,87,603,9,1463
TCA,2026-07-01,6,2027-01-01,695,139,958,14,2323
THA,2026-07-01,1,2026-08-01,6826,1366,9404,143,22791
THA,2026-07-01,2,2026-09-01,5505,1102,7585,115,18382
THA,2026-07-01,3,2026-10-01,4682,937,6450,98,15632
THA,2026-07-01,4,2026-11-01,4143,829,5709,87,13835
THA,2026-07-01,5,2026-12-01,3779,756,5207,79,12618
THA,2026-07-01,6,2027-01-01,3526,706,4858,74,11773
TLS,2026-07-01,1,2026-08-01,311,62,429,6,1040
TLS,2026-07-01,2,2026-09-01,538,107,741,11,1797
TLS,2026-07-01,3,2026-10-01,812,162,1119,17,2712
TLS,2026-07-01,4,2026-11-01,1107,221,1525,23,3697
TLS,2026-07-01,5,2026-12-01,1398,280,1926,29,4668
TLS,2026-07-01,6,2027-01-01,1667,333,2296,35,5565
TON,2026-07-01,1,2026-08-01,147,29,203,3,493
TON,2026-07-01,2,2026-09-01,307,61,423,6,1026
TON,2026-07-01,3,2026-10-01,533,106,734,11,1779
TON,2026-07-01,4,2026-11-01,806,161,1110,17,2691
TON,2026-07-01,5,2026-12-01,1101,220,1517,23,3676
TON,2026-07-01,6,2027-01-01,1392,278,1918,29,4648
TTO,2026-07-01,1,2026-08-01,20,4,28,0,68
TTO,2026-07-01,2,2026-09-01,71,14,98,1,237
TTO,2026-07-01,3,2026-10-01,177,35,245,3,593
TTO,2026-07-01,4,2026-11-01,353,70,486,7,1179
TTO,2026-07-01,5,2026-12-01,591,118,815,12,1976
TTO,2026-07-01,6,2027-01-01,872,174,1202,18,2912
TUV,2026-07-01,1,2026-08-01,27,5,38,0,92
TUV,2026-07-01,2,2026-09-01,88,17,122,1,295
TUV,2026-07-01,3,2026-10-01,209,42,288,4,699
TUV,2026-07-01,4,2026-11-01,399,80,550,8,1334
TUV,2026-07-01,5,2026-12-01,649,130,894,13,2168
TUV,2026-07-01,6,2027-01-01,935,187,1288,19,3123
TWN,2026-07-01,1,2026-08-01,NA,NA,NA,NA,NA
TWN,2026-07-01,2,2026-09-01,NA,NA,NA,NA,NA
TWN,2026-07-01,3,2026-10-01,NA,NA,NA,NA,NA
TWN,2026-07-01,4,2026-11-01,NA,NA,NA,NA,NA
TWN,2026-07-01,5,2026-12-01,NA,NA,NA,NA,NA
TWN,2026-07-01,6,2027-01-01,NA,NA,NA,NA,NA
URY,2026-07-01,1,2026-08-01,7,1,10,0,24
URY,2026-07-01,2,2026-09-01,34,7,47,0,115
URY,2026-07-01,3,2026-10-01,104,21,143,2,348
URY,2026-07-01,4,2026-11-01,236,47,326,5,790
URY,2026-07-01,5,2026-12-01,438,87,603,9,1463
URY,2026-07-01,6,2027-01-01,695,139,958,14,2323
USA,2026-07-01,1,2026-08-01,238,47,328,5,797
USA,2026-07-01,2,2026-09-01,440,88,607,9,1471
USA,2026-07-01,3,2026-10-01,698,140,962,14,2333
USA,2026-07-01,4,2026-11-01,988,198,1362,20,3300
USA,2026-07-01,5,2026-12-01,1283,257,1768,27,4286
USA,2026-07-01,6,2027-01-01,1563,313,2153,32,5218
VCT,2026-07-01,1,2026-08-01,7,1,10,0,24
VCT,2026-07-01,2,2026-09-01,34,7,47,0,115
VCT,2026-07-01,3,2026-10-01,104,21,143,2,348
VCT,2026-07-01,4,2026-11-01,236,47,326,5,790
VCT,2026-07-01,5,2026-12-01,438,87,603,9,1463
VCT,2026-07-01,6,2027-01-01,695,139,958,14,2323
VEN,2026-07-01,1,2026-08-01,2462,493,3393,51,8222
VEN,2026-07-01,2,2026-09-01,2553,511,3518,53,8525
VEN,2026-07-01,3,2026-10-01,2624,525,3615,55,8761
VEN,2026-07-01,4,2026-11-01,2678,536,3690,56,8942
VEN,2026-07-01,5,2026-12-01,2720,544,3747,57,9082
VEN,2026-07-01,6,2027-01-01,2752,551,3791,57,9188
VGB,2026-07-01,1,2026-08-01,16,3,22,0,55
VGB,2026-07-01,2,2026-09-01,61,12,84,1,203
VGB,2026-07-01,3,2026-10-01,158,31,218,3,529
VGB,2026-07-01,4,2026-11-01,324,65,446,6,1082
VGB,2026-07-01,5,2026-12-01,554,111,764,11,1852
VGB,2026-07-01,6,2027-01-01,831,166,1144,17,2774
VNM,2026-07-01,1,2026-08-01,7489,1499,10319,157,25006
VNM,2026-07-01,2,2026-09-01,5904,1182,8134,124,19713
VNM,2026-07-01,3,2026-10-01,4935,988,6799,103,16478
VNM,2026-07-01,4,2026-11-01,4311,863,5940,90,14395
VNM,2026-07-01,5,2026-12-01,3894,779,5365,81,13002
VNM,2026-07-01,6,2027-01-01,3606,722,4969,75,12041
VUT,2026-07-01,1,2026-08-01,20,4,28,0,68
VUT,2026-07-01,2,2026-09-01,71,14,98,1,237
VUT,2026-07-01,3,2026-10-01,177,35,245,3,593
VUT,2026-07-01,4,2026-11-01,353,70,486,7,1179
VUT,2026-07-01,5,2026-12-01,591,118,815,12,1976
VUT,2026-07-01,6,2027-01-01,872,174,1202,18,2912
WLF,2026-07-01,1,2026-08-01,12,2,17,0,41
WLF,2026-07-01,2,2026-09-01,49,9,67,1,164
WLF,2026-07-01,3,2026-10-01,135,27,186,2,451
WLF,2026-07-01,4,2026-11-01,287,57,396,6,961
WLF,2026-07-01,5,2026-12-01,507,101,699,10,1693
WLF,2026-07-01,6,2027-01-01,776,155,1070,16,2593
WSM,2026-07-01,1,2026-08-01,746,149,1029,15,2493
WSM,2026-07-01,2,2026-09-01,1039,208,1432,21,3470
WSM,2026-07-01,3,2026-10-01,1333,267,1836,28,4451
WSM,2026-07-01,4,2026-11-01,1608,322,2215,33,5368
WSM,2026-07-01,5,2026-12-01,1852,370,2551,39,6183
WSM,2026-07-01,6,2027-01-01,2060,412,2838,43,6877
YEM,2026-07-01,1,2026-08-01,NA,NA,NA,NA,NA
YEM,2026-07-01,2,2026-09-01,NA,NA,NA,NA,NA
YEM,2026-07-01,3,2026-10-01,NA,NA,NA,NA,NA
YEM,2026-07-01,4,2026-11-01,NA,NA,NA,NA,NA
YEM,2026-07-01,5,2026-12-01,NA,NA,NA,NA,NA
YEM,2026-07-01,6,2027-01-01,NA,NA,NA,NA,NA
