iso3,country,region,first_date,last_date,n_months,n_observed,n_corrected,n_estimated,span_years,pct_estimated,n_complete_seasons,first_season,last_season,n_gap_months,total_cases,mean_monthly_cases,median_monthly_cases,max_monthly_cases,cv_monthly,zero_month_fraction,seasonal_concentration,top3_month_share,peak_month,peak_to_trough_ratio,seasonality_signal,endemicity,strata_provisional
DOM,Dominican Republic,Caribbean,2010-03-01,2026-07-01,197,185,11,1,16.334017796030118,0.005076142131979695,16,2010/2011,2025/2026,0,150067,761.7614213197969,380,9665,1.4672935720296534,0,0.08847114309477377,0.34479521755909603,10,4.302114803625377,weak,endemic,TRUE
CUB,Cuba,Caribbean,2014-04-01,2026-07-01,115,99,1,15,12.24914442162902,0.13043478260869565,9,2014/2015,2025/2026,33,82742,719.4956521739126,159,19476,2.8434812334145567,0,0.10020720493345057,0.40840123320856603,10,4.388571428571429,moderate,endemic,TRUE
GLP,Guadeloupe,Caribbean,2010-04-01,2026-07-01,196,183,8,5,16.249144421629023,0.025510204081632654,16,2010/2011,2025/2026,0,99523,507.77040816326513,79.5,7460,2.122371996060518,0.0663265306122449,0.13088924764442517,0.505770572484863,11,9.00184757505778,strong,endemic,TRUE
PRI,Puerto Rico,Caribbean,2010-04-01,2026-07-01,160,148,11,1,16.249144421629023,0.00625,13,2010/2011,2025/2026,36,77270,482.9375,214.5,3194,1.3539071964440528,0.0375,0.09297697119997607,0.36586654433384597,11,3.623158515026519,weak,endemic,TRUE
MTQ,Martinique,Caribbean,2010-05-01,2026-07-01,195,182,8,5,16.16700889801506,0.02564102564102564,16,2010/2011,2025/2026,0,84975,435.7692307692309,49,8100,2.402790076541943,0.16923076923076924,0.1181257061657192,0.49465199850793296,9,7.5090487238978945,moderate,emerging,TRUE
HTI,Haiti,Caribbean,2018-05-01,2023-04-01,60,60,0,0,4.917180013689254,0,5,2018/2019,2022/2023,0,11744,195.7333333333333,18.5,2171,1.9797044976247058,0.13333333333333333,0.11151067589794737,0.47609602129727696,12,9.016806722689074,moderate,emerging,TRUE
JAM,Jamaica,Caribbean,2010-05-01,2026-07-01,195,183,11,1,16.16700889801506,0.005128205128205128,16,2010/2011,2025/2026,0,32172,164.9846153846153,42,3401,2.250510810720235,0.046153846153846156,0.10026700434295527,0.405579516399879,11,8.703363914373089,moderate,endemic,TRUE
BHS,Bahamas,Caribbean,2010-04-01,2026-07-01,67,53,0,14,16.249144421629023,0.208955223880597,5,2010/2011,2025/2026,129,7203,107.5074626865672,1,1791,2.729470655229421,0.44776119402985076,0.12057411035033476,0.484533556011434,9,8.627906976744185,moderate,emerging,TRUE
BRB,Barbados,Caribbean,2010-04-01,2026-07-01,196,185,10,1,16.249144421629023,0.00510204081632653,16,2010/2011,2025/2026,0,16484,84.10204081632645,38.5,1002,1.495449605765493,0.04081632653061224,0.09196084160646346,0.371145099546218,9,3.9045383411580596,weak,endemic,TRUE
TTO,Trinidad And Tobago,Caribbean,2010-04-01,2026-07-01,148,138,9,1,16.249144421629023,0.006756756756756757,12,2010/2011,2025/2026,48,10906,73.68918918918922,13,1064,2.2070062874458145,0.11486486486486487,0.14940809048708667,0.5748314914768851,8,32.76190476190472,strong,emerging,TRUE
CUW,Curaçao,Caribbean,2010-05-01,2014-04-01,48,48,0,0,3.917864476386037,0,4,2010/2011,2013/2014,0,3465,72.1875,51,337,0.953017111923676,0,0.10841079893057654,0.437318968943586,3,6.587628865979381,moderate,emerging,TRUE
ABW,Aruba,Caribbean,2010-07-01,2026-07-01,115,103,3,9,16,0.0782608695652174,9,2010/2011,2025/2026,78,6829,59.38260869565215,23,515,1.5433318477325408,0.13043478260869565,0.10567702758410803,0.434046717782115,3,6.627906976744186,moderate,emerging,TRUE
MAF,Saint Martin,Caribbean,2010-06-01,2026-07-01,182,172,5,5,16.082135523613964,0.027472527472527472,15,2010/2011,2025/2026,12,10752,59.076923076923066,21.5,640,1.6996617081956722,0.03296703296703297,0.09666238539932868,0.379404700290158,11,4.860335195530709,weak,endemic,TRUE
BES,Caribbean Netherlands,Caribbean,2010-05-01,2013-04-01,36,36,0,0,2.91854893908282,0,3,2010/2011,2012/2013,0,1391,38.638888888888886,18.5,209,1.2761952232087155,0,0.13978559927769418,0.5836590009451881,1,11.2068965517241,strong,emerging,TRUE
BLM,Saint Barthelemy,Caribbean,2012-04-01,2026-07-01,136,123,7,6,14.247775496235455,0.04411764705882353,11,2012/2013,2025/2026,36,4278,31.45588235294117,6,349,1.828477001194659,0.16911764705882354,0.09928021020054649,0.423954941901956,11,4.167567567567567,moderate,emerging,TRUE
LCA,Saint Lucia,Caribbean,2010-03-01,2026-07-01,148,137,10,1,16.334017796030118,0.006756756756756757,12,2010/2011,2025/2026,49,3448,23.297297297297302,7,474,2.513146734287304,0.060810810810810814,0.13114196457284202,0.48592534416243904,9,22.360000000000056,strong,emerging,TRUE
GRD,Grenada,Caribbean,2010-03-01,2026-07-01,185,173,12,0,16.334017796030118,0,15,2010/2011,2025/2026,12,4278,23.124324324324316,15,244,1.4443985447708505,0.11891891891891893,0.09101271012234531,0.350042752188099,9,3.5492227979274547,weak,emerging,TRUE
VCT,Saint Vincent And The Grenadines,Caribbean,2010-04-01,2026-07-01,148,137,10,1,16.249144421629023,0.006756756756756757,12,2010/2011,2025/2026,48,3371,22.77702702702703,7,315,2.067611041491061,0.1554054054054054,0.10686061177003434,0.44392265095899774,1,4.235294117647061,moderate,emerging,TRUE
ATG,Antigua And Barbuda,Caribbean,2015-04-01,2026-07-01,112,103,6,3,11.249828884325805,0.026785714285714284,9,2015/2016,2025/2026,24,2260,20.178571428571416,4,304,2.317019433329049,0.13392857142857142,0.10927891631904905,0.439510096515274,1,11.394736842105264,moderate,emerging,TRUE
DMA,Dominica,Caribbean,2010-04-01,2023-03-01,132,132,0,0,12.914442162902121,0,11,2010/2011,2022/2023,24,2650,20.07575757575758,8.5,175,1.536220640087149,0.12121212121212122,0.10573739413648066,0.428258616452756,11,4.489795918367347,moderate,emerging,TRUE
TCA,Turks And Caicos Islands,Caribbean,2013-05-01,2026-07-01,103,90,8,5,13.166324435318275,0.04854368932038835,8,2013/2014,2025/2026,56,1719,16.689320388349508,9,169,1.5366586310182673,0.3592233009708738,0.1420963476344476,0.562511976703014,10,10.91304347826087,strong,emerging,TRUE
VGB,Virgin Islands (Uk),Caribbean,2010-04-01,2026-07-01,160,153,4,3,16.249144421629023,0.01875,13,2010/2011,2025/2026,36,2077,12.981249999999985,7,151,1.7207476417582626,0.10625,0.10321807012974461,0.426332703671778,10,4.472972972972966,moderate,emerging,TRUE
KNA,Saint Kitts And Nevis,Caribbean,2013-04-01,2026-07-01,88,75,10,3,13.248459958932239,0.03409090909090909,7,2013/2014,2025/2026,72,900,10.227272727272732,4,164,2.3076968591063167,0.25,0.1303850910686,0.523094057125027,11,22.099999999999934,strong,emerging,TRUE
SXM,Sint Maarten,Caribbean,2010-04-01,2026-07-01,64,52,0,12,16.249144421629023,0.1875,5,2010/2011,2025/2026,132,631,9.859375,4,63,1.3347115798078306,0.15625,0.12503777340136787,0.479914029554516,11,14.1,strong,emerging,TRUE
CYM,Cayman Islands,Caribbean,2012-04-01,2026-07-01,103,92,9,2,14.247775496235455,0.019417475728155338,8,2012/2013,2025/2026,69,618,6,3,55,1.4676986862265695,0.2815533980582524,0.1436466146866549,0.595453946262265,10,14.199999999999996,strong,emerging,TRUE
PHL,Philippines,East & Southeast Asia,2010-04-01,2024-03-01,168,168,0,0,13.91649555099247,0,14,2010/2011,2023/2024,0,2605679,15509.994047619046,12000.5,81400,0.798561332461554,0,0.10218037650042588,0.43199823009483795,8,5.404249613729528,moderate,endemic,TRUE
VNM,Viet Nam,East & Southeast Asia,2010-03-01,2026-07-01,197,184,0,13,16.334017796030118,0.06598984771573604,16,2010/2011,2025/2026,0,2158360,10956.142131979697,7416,51913,0.9529051975267586,0,0.1037926192807312,0.398134237139698,10,4.980087983329478,moderate,endemic,TRUE
IDN,Indonesia,East & Southeast Asia,2010-10-01,2024-09-01,168,168,0,0,13.919233401779604,0,14,2010/2011,2023/2024,0,1645694,9795.797619047618,8079,32117,0.6548259581010379,0,0.09092018830158971,0.361478379020225,1,2.7164813089201734,weak,endemic,TRUE
THA,Thailand,East & Southeast Asia,2010-02-01,2026-07-01,198,197,0,1,16.410677618069816,0.005050505050505051,16,2010/2011,2025/2026,0,1364700,6892.424242424244,4778,33513,0.9308087506466272,0,0.10636018734027641,0.445232306410982,7,5.2482020174168795,moderate,endemic,TRUE
MYS,Malaysia,East & Southeast Asia,2010-02-01,2026-07-01,198,186,11,1,16.410677618069816,0.005050505050505051,16,2010/2011,2025/2026,0,1298492,6558.040404040404,6096,18462,0.5642744339107573,0,0.08487414183008643,0.2958601471365058,1,1.6992109055685496,weak,endemic,TRUE
KHM,Cambodia,East & Southeast Asia,2010-02-01,2026-07-01,198,186,11,1,16.410677618069816,0.005050505050505051,16,2010/2011,2025/2026,0,395879,1999.3888888888878,988,17584,1.3697136250900315,0.015151515151515152,0.11848897899646685,0.48337860981174496,7,11.848494403279206,moderate,endemic,TRUE
MMR,Myanmar,East & Southeast Asia,2010-02-01,2026-07-01,198,197,0,1,16.410677618069816,0.005050505050505051,16,2010/2011,2025/2026,0,281337,1420.893939393939,670.5,12544,1.3814716748007645,0.13131313131313133,0.16911254741163678,0.6452702501237051,7,184.710027100271,strong,emerging,TRUE
LAO,Lao People's Democratic Republic,East & Southeast Asia,2010-02-01,2026-07-01,198,186,11,1,16.410677618069816,0.005050505050505051,16,2010/2011,2025/2026,0,253945,1282.5505050505049,554.5,9862,1.4790334749078073,0,0.12561676032097815,0.5149759467889921,7,14.55063455063455,strong,endemic,TRUE
SGP,Singapore,East & Southeast Asia,2010-02-01,2026-07-01,198,186,11,1,16.410677618069816,0.005050505050505051,16,2010/2011,2025/2026,0,203881,1029.70202020202,610,6567,1.0874080839435007,0,0.08775308605663928,0.334131298837425,6,2.5116104868913856,weak,endemic,TRUE
CHN,China,East & Southeast Asia,2010-03-01,2026-07-01,173,162,10,1,16.334017796030118,0.005780346820809248,14,2010/2011,2025/2026,24,148770,859.9421965317918,43,28757,3.2774279258314563,0.32947976878612717,0.25662673815917264,0.793811405460045,10,378.5361445783117,strong,emerging,TRUE
TWN,Taiwan,East & Southeast Asia,2010-03-01,2024-02-01,108,108,0,0,13.921971252566735,0,9,2010/2011,2023/2024,60,91057,843.1203703703707,17.5,13960,2.839347578726536,0.18518518518518517,0.17911795722724397,0.672581101751355,9,2384.000000000006,strong,emerging,TRUE
TLS,Timor-Leste,East & Southeast Asia,2010-09-01,2026-07-01,191,190,0,1,15.83025325119781,0.005235602094240838,15,2010/2011,2024/2025,0,23139,121.14659685863872,47,2105,2.06912216545283,0.14659685863874344,0.1569903126964234,0.6139090729291801,2,18.589622641509454,strong,emerging,TRUE
BRN,Brunei,East & Southeast Asia,2010-05-01,2024-04-01,168,168,0,0,13.919233401779604,0,14,2010/2011,2023/2024,0,4776,28.428571428571445,16,262,1.5354712532355184,0,0.08509377653900226,0.294670601051478,1,1.5895061728395097,weak,emerging,TRUE
YEM,Yemen,"Europe, Middle East & North Africa",2015-04-01,2024-03-01,84,84,0,0,8.917180013689254,0,7,2015/2016,2023/2024,24,248224,2955.0476190476197,1861,25962,1.4556258140461653,0,0.09062362242946313,0.359086992509509,11,3.6432694950975884,weak,emerging,TRUE
SDN,Sudan,"Europe, Middle East & North Africa",2010-05-01,2026-07-01,111,98,7,6,16.16700889801506,0.05405405405405406,9,2010/2011,2025/2026,84,96359,868.0990990991,81,25882,3.32329014363839,0.11711711711711711,0.22373614482078005,0.737209385180702,10,180.52542372881356,strong,emerging,TRUE
SAU,Saudi Arabia,"Europe, Middle East & North Africa",2010-10-01,2024-09-01,168,168,0,0,13.919233401779604,0,14,2010/2011,2023/2024,0,67483,401.684523809524,215.5,3608,1.3451385021235611,0.023809523809523808,0.10829648606324613,0.44324195888918294,5,7.191912268677156,moderate,endemic,TRUE
OMN,Oman,"Europe, Middle East & North Africa",2018-04-01,2023-03-01,60,60,0,0,4.914442162902122,0,5,2018/2019,2022/2023,0,2961,49.35000000000002,5,621,2.121164465301627,0.1,0.10628376551278489,0.42519521416081407,4,16.05128205128205,moderate,emerging,TRUE
MEX,Mexico,North & Central America,2010-02-01,2026-07-01,198,186,11,1,16.410677618069816,0.005050505050505051,16,2010/2011,2025/2026,0,2666837,13468.873737373737,7126.5,125935,1.27886703036739,0,0.12349683387349566,0.5095607150709209,10,7.645416021867724,moderate,endemic,TRUE
NIC,Nicaragua,North & Central America,2010-03-01,2024-02-01,168,168,0,0,13.921971252566735,0,14,2010/2011,2023/2024,0,1013298,6031.535714285718,4078,36953,1.0142920406124643,0,0.09406665624778032,0.369385812206878,10,3.417132616487455,weak,endemic,TRUE
HND,Honduras,North & Central America,2010-02-01,2026-07-01,198,186,11,1,16.410677618069816,0.005050505050505051,16,2010/2011,2025/2026,0,683250,3450.757575757578,1696.5,37433,1.6401317795180472,0,0.08901825305567561,0.34010535165816,7,3.9377434878924453,weak,endemic,TRUE
GTM,Guatemala,North & Central America,2010-02-01,2026-07-01,198,186,11,1,16.410677618069816,0.005050505050505051,16,2010/2011,2025/2026,0,510643,2579.0050505050535,844,35365,1.9231849341719862,0,0.0939027176894726,0.37031138555606696,9,4.96983380370022,weak,endemic,TRUE
CRI,Costa Rica,North & Central America,2010-03-01,2026-07-01,197,185,11,1,16.334017796030118,0.005076142131979695,16,2010/2011,2025/2026,0,333974,1695.2994923857866,920,10316,1.165584960458848,0,0.09816650505765608,0.380798503037368,8,4.1981938240435035,moderate,endemic,TRUE
SLV,El Salvador,North & Central America,2010-02-01,2026-07-01,198,186,11,1,16.410677618069816,0.005050505050505051,16,2010/2011,2025/2026,0,316652,1599.2525252525265,803,12774,1.1916259636637567,0,0.09146961047607502,0.35833854188038106,8,3.8581963435243507,weak,endemic,TRUE
PAN,Panama,North & Central America,2010-04-01,2026-07-01,196,184,11,1,16.249144421629023,0.00510204081632653,16,2010/2011,2025/2026,0,162599,829.586734693879,485.5,6687,1.2309201417565463,0,0.09570557960108492,0.347726324911999,7,4.476136363636364,weak,endemic,TRUE
BLZ,Belize,North & Central America,2010-03-01,2026-07-01,197,194,0,3,16.334017796030118,0.015228426395939087,16,2010/2011,2025/2026,0,58071,294.776649746193,200,2671,1.1994577004694933,0.005076142131979695,0.09293898846177796,0.377638194979679,9,3.4569798068481123,weak,endemic,TRUE
USA,United States Of America,North & Central America,2010-03-01,2026-07-01,185,184,0,1,16.334017796030118,0.005405405405405406,15,2010/2011,2025/2026,12,11553,62.44864864864864,31,653,1.3479294540304476,0.07027027027027027,0.10254422608246187,0.400476752927057,9,3.9322799097065393,moderate,endemic,TRUE
FJI,Fiji,Pacific Islands,2010-11-01,2026-07-01,189,176,9,4,15.663244353182751,0.021164021164021163,15,2010/2011,2024/2025,0,133472,706.2010582010577,362,4703,1.3456451989991836,0.005291005291005291,0.1033189200284532,0.424686915833555,3,5.386380832282478,moderate,endemic,TRUE
WSM,Samoa,Pacific Islands,2017-10-01,2026-07-01,106,93,10,3,8.747433264887064,0.02830188679245283,8,2017/2018,2024/2025,0,54440,513.5849056603777,31.5,5925,2.349014298706552,0.018867924528301886,0.09187559272700688,0.34640182863456104,8,7.223793677204659,weak,endemic,TRUE
SLB,Solomon Islands,Pacific Islands,2013-04-01,2026-07-01,136,123,8,5,13.248459958932239,0.03676470588235294,11,2013/2014,2025/2026,24,34395,252.9044117647056,34.5,4268,2.5464904383720093,0.08823529411764706,0.09633789028385052,0.381466609747961,10,11.742710120068612,weak,endemic,TRUE
NCL,New Caledonia,Pacific Islands,2011-09-01,2026-07-01,151,141,8,2,14.830937713894592,0.013245033112582781,11,2011/2012,2022/2023,28,24535,162.48344370860926,13,3247,2.620871637945998,0.18543046357615894,0.09556371433229581,0.392815322514991,3,20.12676056338031,weak,emerging,TRUE
AUS,Australia,Pacific Islands,2010-09-01,2026-07-01,179,167,11,1,15.83025325119781,0.00558659217877095,14,2010/2011,2024/2025,12,20870,116.59217877094976,104,349,0.6069103584707003,0.0111731843575419,0.08642765891647766,0.31173791680373253,1,2.3550239234449735,weak,endemic,TRUE
PYF,French Polynesia,Pacific Islands,2010-05-01,2026-07-01,147,134,10,3,16.16700889801506,0.02040816326530612,12,2010/2011,2025/2026,48,12940,88.02721088435374,44,432,1.0371448373423193,0.06802721088435375,0.08793282247414876,0.33346720773239247,1,1.7682352941176478,weak,endemic,TRUE
TON,Tonga,Pacific Islands,2014-05-01,2026-07-01,75,62,11,2,12.167008898015059,0.02666666666666667,6,2014/2015,2025/2026,72,5825,77.66666666666667,7,631,1.9405917990987145,0.17333333333333334,0.11965458520521788,0.473514155577067,3,20.415094339622613,moderate,emerging,TRUE
FSM,Micronesia (Federated States Of),Pacific Islands,2016-04-01,2026-07-01,112,99,10,3,10.247775496235455,0.026785714285714284,9,2016/2017,2025/2026,12,8294,74.05357142857143,6,2206,3.979594350794376,0.05357142857142857,0.10700088968844268,0.43638112903339,9,47.58490566037736,moderate,endemic,TRUE
MHL,Marshall Islands,Pacific Islands,2011-06-01,2026-07-01,79,76,0,3,15.082819986310746,0.0379746835443038,6,2011/2012,2025/2026,103,4890,61.898734177215204,6,775,2.0921889165732077,0.3670886075949367,0.13045973351999393,0.510939069832263,12,8.727272727272727,strong,emerging,TRUE
COK,Cook Islands,Pacific Islands,2014-01-01,2026-07-01,79,76,0,3,12.49555099247091,0.0379746835443038,6,2014/2015,2025/2026,72,3908,49.46835443037973,19,423,1.4694571570676755,0.05063291139240506,0.12355950646726237,0.492811722876619,3,11.509090909090906,strong,emerging,TRUE
KIR,Kiribati,Pacific Islands,2011-04-01,2026-07-01,100,97,0,3,15.249828884325805,0.03,8,2011/2012,2025/2026,84,4778,47.78000000000002,3.5,494,1.8419851868271742,0.36,0.11709103436675075,0.467908390787781,7,6.707865168539326,moderate,emerging,TRUE
PLW,Palau,Pacific Islands,2010-04-01,2026-07-01,103,94,6,3,16.249144421629023,0.02912621359223301,8,2010/2011,2025/2026,93,3989,38.7281553398058,8,316,1.6875014280912095,0.14563106796116504,0.08591779204605644,0.30339780984425313,8,3.8333333333333335,weak,emerging,TRUE
VUT,Vanuatu,Pacific Islands,2010-11-01,2026-07-01,117,104,10,3,15.663244353182751,0.02564102564102564,9,2010/2011,2024/2025,72,3663,31.3076923076923,4,1070,4.500685808017462,0.18803418803418803,0.09393441363740586,0.36499474318231995,10,27.350000000000126,weak,emerging,TRUE
WLF,Wallis And Futuna,Pacific Islands,2017-06-01,2026-07-01,110,97,10,3,9.08145106091718,0.02727272727272727,9,2017/2018,2025/2026,0,2776,25.236363636363627,7,528,3.040527630585771,0.045454545454545456,0.09295039672663656,0.361224008165923,8,10.649122807017545,weak,emerging,TRUE
TUV,Tuvalu,Pacific Islands,2018-04-01,2026-07-01,67,62,1,4,8.24914442162902,0.05970149253731343,5,2018/2019,2025/2026,33,1093,16.313432835820898,2,201,2.32991146598552,0.3283582089552239,0.18153569985135246,0.6652516209732979,8,39.18181818181818,strong,emerging,TRUE
BRA,Brazil,South America,2010-10-01,2026-07-01,190,178,12,0,15.748117727583846,0,15,2010/2011,2024/2025,0,33793605,177861.07894736828,73830,2899042,1.8567226201358327,0,0.14031504044510631,0.558739605345705,3,14.121401917168242,strong,endemic,TRUE
COL,Colombia,South America,2010-02-01,2026-07-01,198,186,11,1,16.410677618069816,0.005050505050505051,16,2010/2011,2025/2026,0,1704704,8609.616161616157,7401,42877,0.7778708666370799,0,0.08443793636876702,0.2867954315758851,5,1.4736528278378498,weak,endemic,TRUE
PER,Peru,South America,2010-09-01,2026-07-01,191,179,11,1,15.83025325119781,0.005235602094240838,15,2010/2011,2024/2025,0,1079204,5650.282722513098,2382,92101,2.058990794314298,0,0.10148439138386242,0.398732715372105,5,6.588067669444162,moderate,endemic,TRUE
PRY,Paraguay,South America,2010-07-01,2026-07-01,193,181,11,1,16,0.0051813471502590676,16,2010/2011,2025/2026,0,1074131,5565.445595854922,1547,108020,2.541564343403597,0,0.10227786729186215,0.432732958166517,2,13.97200295303538,moderate,endemic,TRUE
ARG,Argentina,South America,2010-08-01,2026-07-01,192,181,10,1,15.915126625598905,0.005208333333333333,16,2010/2011,2025/2026,0,918067,4781.598958333339,112,300928,5.326967379947095,0.03125,0.18404574985933478,0.695971922953522,3,478.28160200250346,strong,endemic,TRUE
BOL,Bolivia,South America,2010-08-01,2026-07-01,192,180,11,1,15.915126625598905,0.005208333333333333,16,2010/2011,2025/2026,0,765740,3988.229166666666,1548.5,43813,1.7223504041519386,0,0.12608526196171968,0.508150096679339,3,18.614430379746825,strong,endemic,TRUE
VEN,Venezuela,South America,2010-04-01,2026-07-01,187,186,0,1,16.249144421629023,0.0053475935828877,15,2010/2011,2025/2026,9,517058,2765.016042780752,1761,10715,0.9393187606910668,0.0374331550802139,0.08622826031773238,0.3142735779545077,1,2.1118757521058966,weak,endemic,TRUE
ECU,Ecuador,South America,2010-11-01,2026-07-01,189,177,11,1,15.663244353182751,0.005291005291005291,15,2010/2011,2024/2025,0,343134,1815.5238095238087,1253,14196,1.0512960781219507,0,0.09678304550614672,0.384224395267136,5,4.154286676772776,weak,endemic,TRUE
GUY,Guyana,South America,2010-01-01,2026-07-01,187,175,11,1,16.49555099247091,0.0053475935828877,15,2010/2011,2025/2026,12,226368,1210.5240641711202,125,12233,1.9404163973673643,0,0.08538930344881028,0.2995454366437848,6,2.241715399610136,weak,endemic,TRUE
GUF,French Guiana,South America,2010-10-01,2026-07-01,175,163,5,7,15.748117727583846,0.04,13,2010/2011,2023/2024,15,54162,309.497142857143,51,4876,2.0816539048670593,0.12,0.09184215312634456,0.3736674405575394,1,5.299287410926343,weak,emerging,TRUE
URY,Uruguay,South America,2015-04-01,2026-07-01,76,66,9,1,11.249828884325805,0.013157894736842105,6,2015/2016,2025/2026,60,2442,32.13157894736841,1,941,3.9053518655542363,0.3026315789473684,0.17702088076801878,0.688867431759799,2,104.45454545454545,strong,emerging,TRUE
SUR,Suriname,South America,2010-04-01,2026-07-01,136,124,10,2,16.249144421629023,0.014705882352941176,11,2010/2011,2025/2026,60,4245,31.213235294117645,11.5,289,1.5255006074621236,0.18382352941176472,0.12430670955552893,0.525044425441466,2,6.580645161290309,strong,emerging,TRUE
CHL,Chile,South America,2012-04-01,2026-07-01,55,44,10,1,14.247775496235455,0.01818181818181818,4,2012/2013,2025/2026,117,141,2.5636363636363644,1,15,1.4278222652001376,0.2545454545454545,0.19392107447788132,0.6981231231231231,4,13,strong,emerging,TRUE
IND,India,South Asia,2010-04-01,2026-07-01,196,195,0,1,16.249144421629023,0.00510204081632653,16,2010/2011,2025/2026,0,2033291,10373.933673469377,5963.5,58503,1.0498146531575205,0,0.11673252595713234,0.485282183368844,10,10.159618379099829,moderate,endemic,TRUE
LKA,Sri Lanka,South Asia,2010-02-01,2026-07-01,198,196,0,2,16.410677618069816,0.010101010101010102,16,2010/2011,2025/2026,0,989293,4996.429292929291,3765,49349,0.9417365731051204,0,0.09131260344034936,0.3599145861043772,7,2.927321668909825,weak,endemic,TRUE
PAK,Pakistan,South Asia,2010-03-01,2026-07-01,197,185,11,1,16.334017796030118,0.005076142131979695,16,2010/2011,2025/2026,0,791234,4016.4162436548186,917,86881,2.354034260712517,0.02030456852791878,0.16789292874997533,0.628507131958955,9,25.644739781103418,strong,endemic,TRUE
BGD,Bangladesh,South Asia,2010-03-01,2026-07-01,197,196,0,1,16.334017796030118,0.005076142131979695,16,2010/2011,2025/2026,0,767075,3893.7817258883306,183,81164,2.9634357798006095,0.1218274111675127,0.175449578942933,0.643148536036392,8,184.71661237785017,strong,emerging,TRUE
NPL,Nepal,South Asia,2010-03-01,2026-07-01,197,196,0,1,16.334017796030118,0.005076142131979695,16,2010/2011,2025/2026,0,194360,986.5989847715756,50,27529,3.272823049383047,0.04568527918781726,0.16837804933421946,0.6417436217249131,9,61.50274223034735,strong,endemic,TRUE
AFG,Afghanistan,South Asia,2021-03-01,2026-07-01,65,53,10,2,5.333333333333333,0.03076923076923077,5,2021/2022,2025/2026,0,14118,217.20000000000007,153,1766,1.371193642953538,0.06153846153846154,0.1459741117222678,0.59130702389488,10,10.477386934673367,strong,emerging,TRUE
MDV,Maldives,South Asia,2010-02-01,2026-07-01,198,195,0,3,16.410677618069816,0.015151515151515152,16,2010/2011,2025/2026,0,38068,192.2626262626262,152,700,0.8158463268827927,0,0.09190277763850505,0.371510632595435,7,2.861904761904762,weak,endemic,TRUE
BTN,Bhutan,South Asia,2010-03-01,2026-07-01,149,148,0,1,16.334017796030118,0.006711409395973154,12,2010/2011,2025/2026,48,10143,68.0738255033557,27,769,1.9657093901438347,0.04697986577181208,0.09882653280866077,0.391925868274538,8,4.897009966777402,moderate,endemic,TRUE
BFA,Burkina Faso,Sub-Saharan Africa,2015-05-01,2026-07-01,87,75,11,1,11.16769336071184,0.011494252873563218,7,2015/2016,2025/2026,48,404340,4647.586206896552,380,101090,2.9848150861672056,0.12643678160919541,0.20837481004739505,0.677246863316125,10,34.39603481624764,strong,emerging,TRUE
ETH,Ethiopia,Sub-Saharan Africa,2013-05-01,2026-07-01,43,30,11,2,13.166324435318275,0.046511627906976744,3,2013/2014,2025/2026,116,43784,1018.2325581395352,168,7264,1.7564415446808026,0.11627906976744186,0.20468383974067025,0.6819946486626172,10,59.95594713656389,strong,emerging,TRUE
ERI,Eritrea,Sub-Saharan Africa,2010-07-01,2026-07-01,79,63,7,9,16,0.11392405063291139,6,2010/2011,2025/2026,114,68392,865.7215189873415,850,3493,0.702785174422996,0.012658227848101266,0.08818170996161505,0.3237418780290874,11,2.2625516834022443,weak,emerging,TRUE
REU,Reunion,Sub-Saharan Africa,2010-11-01,2026-07-01,129,117,11,1,15.663244353182751,0.007751937984496124,10,2010/2011,2024/2025,60,74029,573.8682170542637,25,10944,2.808687748147844,0.13953488372093023,0.17142708088475642,0.651429997923729,5,90.52631578947368,strong,emerging,TRUE
KEN,Kenya,Sub-Saharan Africa,2013-03-01,2026-07-01,89,75,11,3,13.333333333333334,0.033707865168539325,7,2013/2014,2025/2026,72,24623,276.66292134831497,64,2825,1.6850197561251608,0.1348314606741573,0.11249426564718873,0.44351566948951104,1,20.3833333333333,moderate,emerging,TRUE
MRT,Mauritania,Sub-Saharan Africa,2017-05-01,2026-07-01,51,39,10,2,9.166324435318275,0.0392156862745098,4,2017/2018,2025/2026,60,12688,248.78431372549008,90,3135,2.0338170970337006,0,0.09900375931356314,0.402129132628661,10,4.185950413223143,moderate,emerging,TRUE
SYC,Seychelles,Sub-Saharan Africa,2016-07-01,2026-07-01,67,54,11,2,9.998631074606434,0.029850746268656716,5,2016/2017,2025/2026,54,15251,227.6268656716417,219,688,0.9270874123436855,0.05970149253731343,0.11195146401455824,0.47185836978031404,2,3.985401459854015,moderate,emerging,TRUE
SEN,Senegal,Sub-Saharan Africa,2017-05-01,2026-07-01,87,75,11,1,9.166324435318275,0.011494252873563218,7,2017/2018,2025/2026,24,19395,222.9310344827584,38,4923,2.9998431999088697,0.034482758620689655,0.12840298576903092,0.515796905830348,11,21.913357400722003,strong,emerging,TRUE
CIV,Cote D'ivoire,Sub-Saharan Africa,2022-02-01,2026-07-01,54,42,11,1,4.4106776180698155,0.018518518518518517,4,2022/2023,2025/2026,0,10824,200.4444444444445,40.5,2043,2.3524895350630657,0.07407407407407407,0.18121830199879313,0.684611055576609,8,42.9625,strong,emerging,TRUE
