"country","region","type_of_missingness","accompanying_text","data_status_message"
"Afghanistan","South Asia","Full data","Afghanistan is estimated to have experienced <span class=""scrolly-step-number"">602</span> cases this year to date. This is <span class=""scrolly-step-number"">3.4×</span> the number of cases reported in an average year. This year the dengue situation in Afghanistan is <span class=""scrolly-modifier above"">above</span> average.","Recent months contain estimated data"
"Antigua And Barbuda","Caribbean","Full data","Antigua And Barbuda is estimated to have experienced <span class=""scrolly-step-number"">4</span> cases this year to date. This is <span class=""scrolly-step-number"">0.0×</span> the number of cases reported in an average year. This year the dengue situation in Antigua And Barbuda is <span class=""scrolly-modifier below"">below</span> average.","Some recent months contain estimated data"
"Argentina","South America","Full data","Argentina is estimated to have experienced <span class=""scrolly-step-number"">9</span> cases this year to date. This is <span class=""scrolly-step-number"">0.0×</span> the number of cases reported in an average year. This year the dengue situation in Argentina is <span class=""scrolly-modifier below"">below</span> average.","Recent months contain observed data only"
"Aruba","Caribbean","Full data","Aruba is estimated to have experienced <span class=""scrolly-step-number"">4</span> cases this year to date. This is <span class=""scrolly-step-number"">0.0×</span> the number of cases reported in an average year. This year the dengue situation in Aruba is <span class=""scrolly-modifier below"">below</span> average.","Recent months contain estimated data"
"Australia","Pacific Islands","Full data","Australia is estimated to have experienced <span class=""scrolly-step-number"">330</span> cases this year to date. This is <span class=""scrolly-step-number"">1.0×</span> the number of cases reported in an average year. This year the dengue situation in Australia is <span class=""scrolly-modifier near"">near</span> average.","Some recent months contain estimated data"
"Bahamas","Caribbean","No current year data reported","Current year data for Bahamas has not been reported yet. We do not have enough data to estimate current cases.","Recent months contain observed data only"
"Bangladesh","South Asia","Full data","Bangladesh is estimated to have experienced <span class=""scrolly-step-number"">1,490</span> cases this year to date. This is <span class=""scrolly-step-number"">5.2×</span> the number of cases reported in an average year. This year the dengue situation in Bangladesh is <span class=""scrolly-modifier above"">above</span> average.","Recent months contain observed data only"
"Barbados","Caribbean","Full data","Barbados is estimated to have experienced <span class=""scrolly-step-number"">13</span> cases this year to date. This is <span class=""scrolly-step-number"">0.1×</span> the number of cases reported in an average year. This year the dengue situation in Barbados is <span class=""scrolly-modifier below"">below</span> average.","Recent months contain observed data only"
"Belize","North & Central America","Full data","Belize is estimated to have experienced <span class=""scrolly-step-number"">232</span> cases this year to date. This is <span class=""scrolly-step-number"">0.5×</span> the number of cases reported in an average year. This year the dengue situation in Belize is <span class=""scrolly-modifier below"">below</span> average.","Recent months contain observed data only"
"Bhutan","South Asia","Full data","Bhutan is estimated to have experienced <span class=""scrolly-step-number"">0</span> cases this year to date. This is <span class=""scrolly-step-number"">0.0×</span> the number of cases reported in an average year. This year the dengue situation in Bhutan is <span class=""scrolly-modifier below"">below</span> average.","Recent months contain observed data only"
"Bolivia","South America","Full data","Bolivia is estimated to have experienced <span class=""scrolly-step-number"">14,880</span> cases this year to date. This is <span class=""scrolly-step-number"">0.9×</span> the number of cases reported in an average year. This year the dengue situation in Bolivia is <span class=""scrolly-modifier below"">below</span> average.","Recent months contain observed data only"
"Bonaire, Saint Eustatius And Saba","Caribbean","No current year data reported","Current year data for Bonaire, Saint Eustatius And Saba has not been reported yet. We do not have enough data to estimate current cases.","Recent months contain observed data only"
"Brazil","South America","Full data","Brazil is estimated to have experienced <span class=""scrolly-step-number"">300,454</span> cases this year to date. This is <span class=""scrolly-step-number"">0.6×</span> the number of cases reported in an average year. This year the dengue situation in Brazil is <span class=""scrolly-modifier below"">below</span> average.","Recent months contain observed data only"
"Burkina Faso","Sub-Saharan Africa","Full data","Burkina Faso is estimated to have experienced <span class=""scrolly-step-number"">5,318</span> cases this year to date. This is <span class=""scrolly-step-number"">1.6×</span> the number of cases reported in an average year. This year the dengue situation in Burkina Faso is <span class=""scrolly-modifier above"">above</span> average.","Some recent months contain estimated data"
"Cambodia","East & Southeast Asia","Full data","Cambodia is estimated to have experienced <span class=""scrolly-step-number"">3,790</span> cases this year to date. This is <span class=""scrolly-step-number"">3.3×</span> the number of cases reported in an average year. This year the dengue situation in Cambodia is <span class=""scrolly-modifier above"">above</span> average.","Some recent months contain estimated data"
"Cayman Islands","Caribbean","Full data","Cayman Islands is estimated to have experienced <span class=""scrolly-step-number"">0</span> cases this year to date. This is <span class=""scrolly-step-number"">0.0×</span> the number of cases reported in an average year. This year the dengue situation in Cayman Islands is <span class=""scrolly-modifier below"">below</span> average.","Some recent months contain estimated data"
"Chile","South America","Full data","Chile is estimated to have experienced <span class=""scrolly-step-number"">6</span> cases this year to date. This is <span class=""scrolly-step-number"">1.6×</span> the number of cases reported in an average year. This year the dengue situation in Chile is <span class=""scrolly-modifier above"">above</span> average.","Recent months contain observed data only"
"China","East & Southeast Asia","Full data","China is estimated to have experienced <span class=""scrolly-step-number"">104</span> cases this year to date. This is <span class=""scrolly-step-number"">2.6×</span> the number of cases reported in an average year. This year the dengue situation in China is <span class=""scrolly-modifier above"">above</span> average.","Some recent months contain estimated data"
"Colombia","South America","Full data","Colombia is estimated to have experienced <span class=""scrolly-step-number"">18,272</span> cases this year to date. This is <span class=""scrolly-step-number"">1.0×</span> the number of cases reported in an average year. This year the dengue situation in Colombia is <span class=""scrolly-modifier near"">near</span> average.","Recent months contain observed data only"
"Cook Islands","Pacific Islands","Full data","Cook Islands is estimated to have experienced <span class=""scrolly-step-number"">306</span> cases this year to date. This is <span class=""scrolly-step-number"">5.1×</span> the number of cases reported in an average year. This year the dengue situation in Cook Islands is <span class=""scrolly-modifier above"">above</span> average.","Some recent months contain estimated data"
"Costa Rica","North & Central America","Full data","Costa Rica is estimated to have experienced <span class=""scrolly-step-number"">634</span> cases this year to date. This is <span class=""scrolly-step-number"">0.3×</span> the number of cases reported in an average year. This year the dengue situation in Costa Rica is <span class=""scrolly-modifier below"">below</span> average.","Recent months contain observed data only"
"Cote D'ivoire","Sub-Saharan Africa","Full data","Cote D'ivoire is estimated to have experienced <span class=""scrolly-step-number"">97</span> cases this year to date. This is <span class=""scrolly-step-number"">0.5×</span> the number of cases reported in an average year. This year the dengue situation in Cote D'ivoire is <span class=""scrolly-modifier below"">below</span> average.","Some recent months contain estimated data"
"Cuba","Caribbean","Full data","Cuba is estimated to have experienced <span class=""scrolly-step-number"">5,127</span> cases this year to date. This is <span class=""scrolly-step-number"">21.3×</span> the number of cases reported in an average year. This year the dengue situation in Cuba is <span class=""scrolly-modifier above"">above</span> average.","Recent months contain estimated data"
"Curacao","Caribbean","No current year data reported","Current year data for Curacao has not been reported yet. We do not have enough data to estimate current cases.","Recent months contain observed data only"
"Dominican Republic","Caribbean","Full data","Dominican Republic is estimated to have experienced <span class=""scrolly-step-number"">181</span> cases this year to date. This is <span class=""scrolly-step-number"">0.1×</span> the number of cases reported in an average year. This year the dengue situation in Dominican Republic is <span class=""scrolly-modifier below"">below</span> average.","Recent months contain observed data only"
"Ecuador","South America","Full data","Ecuador is estimated to have experienced <span class=""scrolly-step-number"">4,010</span> cases this year to date. This is <span class=""scrolly-step-number"">1.2×</span> the number of cases reported in an average year. This year the dengue situation in Ecuador is <span class=""scrolly-modifier above"">above</span> average.","Recent months contain observed data only"
"El Salvador","North & Central America","Full data","El Salvador is estimated to have experienced <span class=""scrolly-step-number"">1,013</span> cases this year to date. This is <span class=""scrolly-step-number"">0.5×</span> the number of cases reported in an average year. This year the dengue situation in El Salvador is <span class=""scrolly-modifier below"">below</span> average.","Recent months contain observed data only"
"Eritrea","Sub-Saharan Africa","Full data","Eritrea is estimated to have experienced <span class=""scrolly-step-number"">1,492</span> cases this year to date. This is <span class=""scrolly-step-number"">0.6×</span> the number of cases reported in an average year. This year the dengue situation in Eritrea is <span class=""scrolly-modifier below"">below</span> average.","Recent months contain estimated data"
"Fiji","Pacific Islands","Full data","Fiji is estimated to have experienced <span class=""scrolly-step-number"">1,728</span> cases this year to date. This is <span class=""scrolly-step-number"">0.8×</span> the number of cases reported in an average year. This year the dengue situation in Fiji is <span class=""scrolly-modifier below"">below</span> average.","Some recent months contain estimated data"
"French Guiana","South America","Full data","French Guiana is estimated to have experienced <span class=""scrolly-step-number"">3</span> cases this year to date. This is <span class=""scrolly-step-number"">0.0×</span> the number of cases reported in an average year. This year the dengue situation in French Guiana is <span class=""scrolly-modifier below"">below</span> average.","Recent months contain observed data only"
"French Polynesia","Pacific Islands","Full data","French Polynesia is estimated to have experienced <span class=""scrolly-step-number"">40</span> cases this year to date. This is <span class=""scrolly-step-number"">0.2×</span> the number of cases reported in an average year. This year the dengue situation in French Polynesia is <span class=""scrolly-modifier below"">below</span> average.","Recent months contain estimated data"
"Grenada","Caribbean","Full data","Grenada is estimated to have experienced <span class=""scrolly-step-number"">41</span> cases this year to date. This is <span class=""scrolly-step-number"">1.3×</span> the number of cases reported in an average year. This year the dengue situation in Grenada is <span class=""scrolly-modifier above"">above</span> average.","Recent months contain observed data only"
"Guadeloupe","Caribbean","Full data","Guadeloupe is estimated to have experienced <span class=""scrolly-step-number"">137</span> cases this year to date. This is <span class=""scrolly-step-number"">0.1×</span> the number of cases reported in an average year. This year the dengue situation in Guadeloupe is <span class=""scrolly-modifier below"">below</span> average.","Recent months contain observed data only"
"Guatemala","North & Central America","Full data","Guatemala is estimated to have experienced <span class=""scrolly-step-number"">2,182</span> cases this year to date. This is <span class=""scrolly-step-number"">0.9×</span> the number of cases reported in an average year. This year the dengue situation in Guatemala is <span class=""scrolly-modifier near"">near</span> average.","Recent months contain observed data only"
"Guyana","South America","Full data","Guyana is estimated to have experienced <span class=""scrolly-step-number"">22,697</span> cases this year to date. This is <span class=""scrolly-step-number"">15.2×</span> the number of cases reported in an average year. This year the dengue situation in Guyana is <span class=""scrolly-modifier above"">above</span> average.","Some recent months contain estimated data"
"Haiti","Caribbean","No current year data reported","Current year data for Haiti has not been reported yet. We do not have enough data to estimate current cases.","Recent months contain observed data only"
"Honduras","North & Central America","Full data","Honduras is estimated to have experienced <span class=""scrolly-step-number"">1,453</span> cases this year to date. This is <span class=""scrolly-step-number"">0.4×</span> the number of cases reported in an average year. This year the dengue situation in Honduras is <span class=""scrolly-modifier below"">below</span> average.","Recent months contain observed data only"
"India","South Asia","Full data","India is estimated to have experienced <span class=""scrolly-step-number"">6,563</span> cases this year to date. This is <span class=""scrolly-step-number"">0.5×</span> the number of cases reported in an average year. This year the dengue situation in India is <span class=""scrolly-modifier below"">below</span> average.","Recent months contain observed data only"
"Indonesia","East & Southeast Asia","Full data","Indonesia is estimated to have experienced <span class=""scrolly-step-number"">0</span> cases this year to date. This is <span class=""scrolly-step-number"">0.0×</span> the number of cases reported in an average year. This year the dengue situation in Indonesia is <span class=""scrolly-modifier below"">below</span> average.","Recent months contain estimated data"
"Jamaica","Caribbean","Full data","Jamaica is estimated to have experienced <span class=""scrolly-step-number"">59</span> cases this year to date. This is <span class=""scrolly-step-number"">0.2×</span> the number of cases reported in an average year. This year the dengue situation in Jamaica is <span class=""scrolly-modifier below"">below</span> average.","Recent months contain observed data only"
"Kenya","Sub-Saharan Africa","Full data","Kenya is estimated to have experienced <span class=""scrolly-step-number"">2,115</span> cases this year to date. This is <span class=""scrolly-step-number"">5.8×</span> the number of cases reported in an average year. This year the dengue situation in Kenya is <span class=""scrolly-modifier above"">above</span> average.","Some recent months contain estimated data"
"Kiribati","Pacific Islands","Full data","Kiribati is estimated to have experienced <span class=""scrolly-step-number"">306</span> cases this year to date. This is <span class=""scrolly-step-number"">2.3×</span> the number of cases reported in an average year. This year the dengue situation in Kiribati is <span class=""scrolly-modifier above"">above</span> average.","Some recent months contain estimated data"
"Lao People's Democratic Republic","East & Southeast Asia","Full data","Lao People's Democratic Republic is estimated to have experienced <span class=""scrolly-step-number"">605</span> cases this year to date. This is <span class=""scrolly-step-number"">1.1×</span> the number of cases reported in an average year. This year the dengue situation in Lao People's Democratic Republic is <span class=""scrolly-modifier near"">near</span> average.","Some recent months contain estimated data"
"Malaysia","East & Southeast Asia","No current year data reported","Current year data for Malaysia has not been reported yet. We do not have enough data to estimate current cases.","Recent months contain observed data only"
"Maldives","South Asia","Full data","Maldives is estimated to have experienced <span class=""scrolly-step-number"">631</span> cases this year to date. This is <span class=""scrolly-step-number"">2.1×</span> the number of cases reported in an average year. This year the dengue situation in Maldives is <span class=""scrolly-modifier above"">above</span> average.","Recent months contain observed data only"
"Marshall Islands","Pacific Islands","Full data","Marshall Islands is estimated to have experienced <span class=""scrolly-step-number"">0</span> cases this year to date. This is <span class=""scrolly-step-number"">0.0×</span> the number of cases reported in an average year. This year the dengue situation in Marshall Islands is <span class=""scrolly-modifier below"">below</span> average.","Some recent months contain estimated data"
"Martinique","Caribbean","Full data","Martinique is estimated to have experienced <span class=""scrolly-step-number"">673</span> cases this year to date. This is <span class=""scrolly-step-number"">0.9×</span> the number of cases reported in an average year. This year the dengue situation in Martinique is <span class=""scrolly-modifier near"">near</span> average.","Recent months contain observed data only"
"Mauritania","Sub-Saharan Africa","Full data","Mauritania is estimated to have experienced <span class=""scrolly-step-number"">1,049</span> cases this year to date. This is <span class=""scrolly-step-number"">2.7×</span> the number of cases reported in an average year. This year the dengue situation in Mauritania is <span class=""scrolly-modifier above"">above</span> average.","Some recent months contain estimated data"
"Mexico","North & Central America","Full data","Mexico is estimated to have experienced <span class=""scrolly-step-number"">9,589</span> cases this year to date. This is <span class=""scrolly-step-number"">1.0×</span> the number of cases reported in an average year. This year the dengue situation in Mexico is <span class=""scrolly-modifier near"">near</span> average.","Recent months contain observed data only"
"Micronesia (Federated States Of)","Pacific Islands","Full data","Micronesia (Federated States Of) is estimated to have experienced <span class=""scrolly-step-number"">5</span> cases this year to date. This is <span class=""scrolly-step-number"">0.2×</span> the number of cases reported in an average year. This year the dengue situation in Micronesia (Federated States Of) is <span class=""scrolly-modifier below"">below</span> average.","Some recent months contain estimated data"
"Myanmar","East & Southeast Asia","Full data","Myanmar is estimated to have experienced <span class=""scrolly-step-number"">130</span> cases this year to date. This is <span class=""scrolly-step-number"">2.1×</span> the number of cases reported in an average year. This year the dengue situation in Myanmar is <span class=""scrolly-modifier above"">above</span> average.","Recent months contain observed data only"
"Nepal","South Asia","Full data","Nepal is estimated to have experienced <span class=""scrolly-step-number"">297</span> cases this year to date. This is <span class=""scrolly-step-number"">1.7×</span> the number of cases reported in an average year. This year the dengue situation in Nepal is <span class=""scrolly-modifier above"">above</span> average.","Recent months contain observed data only"
"New Caledonia","Pacific Islands","Full data","New Caledonia is estimated to have experienced <span class=""scrolly-step-number"">1</span> cases this year to date. This is <span class=""scrolly-step-number"">0.0×</span> the number of cases reported in an average year. This year the dengue situation in New Caledonia is <span class=""scrolly-modifier below"">below</span> average.","Recent months contain estimated data"
"Nicaragua","North & Central America","No current year data reported","Current year data for Nicaragua has not been reported yet. We do not have enough data to estimate current cases.","Recent months contain observed data only"
"Pakistan","South Asia","Full data","Pakistan is estimated to have experienced <span class=""scrolly-step-number"">1,195</span> cases this year to date. This is <span class=""scrolly-step-number"">0.6×</span> the number of cases reported in an average year. This year the dengue situation in Pakistan is <span class=""scrolly-modifier below"">below</span> average.","Recent months contain estimated data"
"Palau","Pacific Islands","Full data","Palau is estimated to have experienced <span class=""scrolly-step-number"">4</span> cases this year to date. This is <span class=""scrolly-step-number"">0.1×</span> the number of cases reported in an average year. This year the dengue situation in Palau is <span class=""scrolly-modifier below"">below</span> average.","Some recent months contain estimated data"
"Panama","North & Central America","Full data","Panama is estimated to have experienced <span class=""scrolly-step-number"">1,844</span> cases this year to date. This is <span class=""scrolly-step-number"">1.3×</span> the number of cases reported in an average year. This year the dengue situation in Panama is <span class=""scrolly-modifier above"">above</span> average.","Recent months contain observed data only"
"Paraguay","South America","Full data","Paraguay is estimated to have experienced <span class=""scrolly-step-number"">4,733</span> cases this year to date. This is <span class=""scrolly-step-number"">0.1×</span> the number of cases reported in an average year. This year the dengue situation in Paraguay is <span class=""scrolly-modifier below"">below</span> average.","Recent months contain observed data only"
"Peru","South America","Full data","Peru is estimated to have experienced <span class=""scrolly-step-number"">7,457</span> cases this year to date. This is <span class=""scrolly-step-number"">0.7×</span> the number of cases reported in an average year. This year the dengue situation in Peru is <span class=""scrolly-modifier below"">below</span> average.","Recent months contain observed data only"
"Puerto Rico","Caribbean","Full data","Puerto Rico is estimated to have experienced <span class=""scrolly-step-number"">261</span> cases this year to date. This is <span class=""scrolly-step-number"">0.4×</span> the number of cases reported in an average year. This year the dengue situation in Puerto Rico is <span class=""scrolly-modifier below"">below</span> average.","Recent months contain observed data only"
"Reunion","Sub-Saharan Africa","Full data","Reunion is estimated to have experienced <span class=""scrolly-step-number"">13</span> cases this year to date. This is <span class=""scrolly-step-number"">0.0×</span> the number of cases reported in an average year. This year the dengue situation in Reunion is <span class=""scrolly-modifier below"">below</span> average.","Some recent months contain estimated data"
"Saint Barthelemy","Caribbean","Full data","Saint Barthelemy is estimated to have experienced <span class=""scrolly-step-number"">0</span> cases this year to date. This is <span class=""scrolly-step-number"">0.0×</span> the number of cases reported in an average year. This year the dengue situation in Saint Barthelemy is <span class=""scrolly-modifier below"">below</span> average.","Some recent months contain estimated data"
"Saint Kitts And Nevis","Caribbean","Full data","Saint Kitts And Nevis is estimated to have experienced <span class=""scrolly-step-number"">5</span> cases this year to date. This is <span class=""scrolly-step-number"">0.2×</span> the number of cases reported in an average year. This year the dengue situation in Saint Kitts And Nevis is <span class=""scrolly-modifier below"">below</span> average.","Some recent months contain estimated data"
"Saint Lucia","Caribbean","Full data","Saint Lucia is estimated to have experienced <span class=""scrolly-step-number"">1</span> cases this year to date. This is <span class=""scrolly-step-number"">0.1×</span> the number of cases reported in an average year. This year the dengue situation in Saint Lucia is <span class=""scrolly-modifier below"">below</span> average.","Some recent months contain estimated data"
"Saint Martin","Caribbean","Full data","Saint Martin is estimated to have experienced <span class=""scrolly-step-number"">4</span> cases this year to date. This is <span class=""scrolly-step-number"">0.0×</span> the number of cases reported in an average year. This year the dengue situation in Saint Martin is <span class=""scrolly-modifier below"">below</span> average.","Recent months contain observed data only"
"Saint Vincent And The Grenadines","Caribbean","Full data","Saint Vincent And The Grenadines is estimated to have experienced <span class=""scrolly-step-number"">2</span> cases this year to date. This is <span class=""scrolly-step-number"">0.0×</span> the number of cases reported in an average year. This year the dengue situation in Saint Vincent And The Grenadines is <span class=""scrolly-modifier below"">below</span> average.","Recent months contain observed data only"
"Samoa","Pacific Islands","Full data","Samoa is estimated to have experienced <span class=""scrolly-step-number"">433</span> cases this year to date. This is <span class=""scrolly-step-number"">1.4×</span> the number of cases reported in an average year. This year the dengue situation in Samoa is <span class=""scrolly-modifier above"">above</span> average.","Some recent months contain estimated data"
"Senegal","Sub-Saharan Africa","Full data","Senegal is estimated to have experienced <span class=""scrolly-step-number"">2,445</span> cases this year to date. This is <span class=""scrolly-step-number"">12.9×</span> the number of cases reported in an average year. This year the dengue situation in Senegal is <span class=""scrolly-modifier above"">above</span> average.","Some recent months contain estimated data"
"Seychelles","Sub-Saharan Africa","Full data","Seychelles is estimated to have experienced <span class=""scrolly-step-number"">247</span> cases this year to date. This is <span class=""scrolly-step-number"">0.2×</span> the number of cases reported in an average year. This year the dengue situation in Seychelles is <span class=""scrolly-modifier below"">below</span> average.","Some recent months contain estimated data"
"Singapore","East & Southeast Asia","Full data","Singapore is estimated to have experienced <span class=""scrolly-step-number"">424</span> cases this year to date. This is <span class=""scrolly-step-number"">0.2×</span> the number of cases reported in an average year. This year the dengue situation in Singapore is <span class=""scrolly-modifier below"">below</span> average.","Some recent months contain estimated data"
"Sint Maarten","Caribbean","Full data","Sint Maarten is estimated to have experienced <span class=""scrolly-step-number"">10</span> cases this year to date. This is <span class=""scrolly-step-number"">0.7×</span> the number of cases reported in an average year. This year the dengue situation in Sint Maarten is <span class=""scrolly-modifier below"">below</span> average.","Recent months contain estimated data"
"Solomon Islands","Pacific Islands","Full data","Solomon Islands is estimated to have experienced <span class=""scrolly-step-number"">26</span> cases this year to date. This is <span class=""scrolly-step-number"">0.1×</span> the number of cases reported in an average year. This year the dengue situation in Solomon Islands is <span class=""scrolly-modifier below"">below</span> average.","Some recent months contain estimated data"
"Sri Lanka","South Asia","Full data","Sri Lanka is estimated to have experienced <span class=""scrolly-step-number"">13,592</span> cases this year to date. This is <span class=""scrolly-step-number"">1.2×</span> the number of cases reported in an average year. This year the dengue situation in Sri Lanka is <span class=""scrolly-modifier above"">above</span> average.","Recent months contain observed data only"
"Sudan","Europe, Middle East & North Africa","Full data","Sudan is estimated to have experienced <span class=""scrolly-step-number"">2,847</span> cases this year to date. This is <span class=""scrolly-step-number"">7.9×</span> the number of cases reported in an average year. This year the dengue situation in Sudan is <span class=""scrolly-modifier above"">above</span> average.","Recent months contain estimated data"
"Suriname","South America","Full data","Suriname is estimated to have experienced <span class=""scrolly-step-number"">765</span> cases this year to date. This is <span class=""scrolly-step-number"">6.6×</span> the number of cases reported in an average year. This year the dengue situation in Suriname is <span class=""scrolly-modifier above"">above</span> average.","Recent months contain estimated data"
"Thailand","East & Southeast Asia","Full data","Thailand is estimated to have experienced <span class=""scrolly-step-number"">3,191</span> cases this year to date. This is <span class=""scrolly-step-number"">0.5×</span> the number of cases reported in an average year. This year the dengue situation in Thailand is <span class=""scrolly-modifier below"">below</span> average.","Recent months contain observed data only"
"Timor-Leste","East & Southeast Asia","Full data","Timor-Leste is estimated to have experienced <span class=""scrolly-step-number"">3,386</span> cases this year to date. This is <span class=""scrolly-step-number"">7.2×</span> the number of cases reported in an average year. This year the dengue situation in Timor-Leste is <span class=""scrolly-modifier above"">above</span> average.","Recent months contain observed data only"
"Tonga","Pacific Islands","Full data","Tonga is estimated to have experienced <span class=""scrolly-step-number"">261</span> cases this year to date. This is <span class=""scrolly-step-number"">1.4×</span> the number of cases reported in an average year. This year the dengue situation in Tonga is <span class=""scrolly-modifier above"">above</span> average.","Some recent months contain estimated data"
"Trinidad And Tobago","Caribbean","Full data","Trinidad And Tobago is estimated to have experienced <span class=""scrolly-step-number"">4</span> cases this year to date. This is <span class=""scrolly-step-number"">0.0×</span> the number of cases reported in an average year. This year the dengue situation in Trinidad And Tobago is <span class=""scrolly-modifier below"">below</span> average.","Some recent months contain estimated data"
"Turks And Caicos Islands","Caribbean","Full data","Turks And Caicos Islands is estimated to have experienced <span class=""scrolly-step-number"">10</span> cases this year to date. This is <span class=""scrolly-step-number"">0.2×</span> the number of cases reported in an average year. This year the dengue situation in Turks And Caicos Islands is <span class=""scrolly-modifier below"">below</span> average.","Some recent months contain estimated data"
"Tuvalu","Pacific Islands","Full data","Tuvalu is estimated to have experienced <span class=""scrolly-step-number"">8</span> cases this year to date. This is <span class=""scrolly-step-number"">0.4×</span> the number of cases reported in an average year. This year the dengue situation in Tuvalu is <span class=""scrolly-modifier below"">below</span> average.","Some recent months contain estimated data"
"United States Of America","North & Central America","Full data","United States Of America is estimated to have experienced <span class=""scrolly-step-number"">100</span> cases this year to date. This is <span class=""scrolly-step-number"">1.6×</span> the number of cases reported in an average year. This year the dengue situation in United States Of America is <span class=""scrolly-modifier above"">above</span> average.","Some recent months contain estimated data"
"Uruguay","South America","Full data","Uruguay is estimated to have experienced <span class=""scrolly-step-number"">3</span> cases this year to date. This is <span class=""scrolly-step-number"">0.0×</span> the number of cases reported in an average year. This year the dengue situation in Uruguay is <span class=""scrolly-modifier below"">below</span> average.","Some recent months contain estimated data"
"Vanuatu","Pacific Islands","Full data","Vanuatu is estimated to have experienced <span class=""scrolly-step-number"">44</span> cases this year to date. This is <span class=""scrolly-step-number"">1.8×</span> the number of cases reported in an average year. This year the dengue situation in Vanuatu is <span class=""scrolly-modifier above"">above</span> average.","Some recent months contain estimated data"
"Venezuela","South America","No current year data reported","Current year data for Venezuela has not been reported yet. We do not have enough data to estimate current cases.","Recent months contain observed data only"
"Viet Nam","East & Southeast Asia","Full data","Viet Nam is estimated to have experienced <span class=""scrolly-step-number"">10,952</span> cases this year to date. This is <span class=""scrolly-step-number"">0.8×</span> the number of cases reported in an average year. This year the dengue situation in Viet Nam is <span class=""scrolly-modifier below"">below</span> average.","Recent months contain estimated data"
"Virgin Islands (Uk)","Caribbean","Full data","Virgin Islands (Uk) is estimated to have experienced <span class=""scrolly-step-number"">13</span> cases this year to date. This is <span class=""scrolly-step-number"">0.5×</span> the number of cases reported in an average year. This year the dengue situation in Virgin Islands (Uk) is <span class=""scrolly-modifier below"">below</span> average.","Recent months contain estimated data"
"Wallis And Futuna","Pacific Islands","Full data","Wallis And Futuna is estimated to have experienced <span class=""scrolly-step-number"">5</span> cases this year to date. This is <span class=""scrolly-step-number"">0.2×</span> the number of cases reported in an average year. This year the dengue situation in Wallis And Futuna is <span class=""scrolly-modifier below"">below</span> average.","Some recent months contain estimated data"
