Region,cutoff_month,prediction_month,n_obs,q025,q25,q75,q975
Caribbean,1,2,229,-1,-0.25,0.2,3
Caribbean,1,3,224,-1,-0.2681818181818182,0.24937707641196014,3.7630993150684926
Caribbean,1,4,225,-1,-0.28846153846153844,0.22427440633245385,2.090476190476191
Caribbean,1,5,230,-1,-0.34961154273029965,0.3333333333333333,3.637500000000003
Caribbean,1,6,234,-1,-0.37087517934002867,0.32866287218404955,3.0534210526315593
Caribbean,1,7,237,-1,-0.467065868263473,0.30303030303030304,5.550033046926634
Caribbean,1,8,232,-1,-0.5106530612244898,0.40294117647058825,5.847619047619039
Caribbean,1,9,235,-1,-0.5,0.6794871794871795,16.163122476446866
Caribbean,1,10,236,-1,-0.8139204545454546,2.486111111111111,41.839007092198585
Caribbean,1,11,227,-1,-0.8164983164983165,2.625,55.58749999999983
Caribbean,1,12,221,-1,-0.8,2.6454545454545455,32.75
Caribbean,2,3,224,-0.8620389344262295,-0.20098039215686275,0.2222222222222222,2.223749999999977
Caribbean,2,4,225,-0.9596638655462185,-0.2222222222222222,0.15483870967741936,2.4571428571428573
Caribbean,2,5,230,-1,-0.26436708860759495,0.16512345679012347,4.275000000000006
Caribbean,2,6,234,-1,-0.330608793686584,0.21199633699633696,3.399508196721305
Caribbean,2,7,237,-1,-0.37662337662337664,0.20454545454545456,4.668390804597691
Caribbean,2,8,232,-1,-0.4281081081081081,0.24067679558011051,5.710391770505922
Caribbean,2,9,235,-1,-0.46789087488240827,0.5539772727272727,15.342328398384938
Caribbean,2,10,236,-1,-0.7826961770623742,2.2055555555555557,45.076367781155014
Caribbean,2,11,227,-1,-0.7569290263805762,2.291666666666667,45.1249999999999
Caribbean,2,12,221,-1,-0.7692307692307693,2.5,32.5
Caribbean,3,4,225,-0.8464527027027027,-0.2,0.14285714285714285,2.5285714285714294
Caribbean,3,5,230,-0.9168320587378687,-0.2781818181818182,0.17364465915190552,3.0916666666666686
Caribbean,3,6,234,-1,-0.2656708004509583,0.22301136363636365,3.058333333333328
Caribbean,3,7,237,-1,-0.35260115606936415,0.18518518518518515,5.302906403940884
Caribbean,3,8,232,-1,-0.419811320754717,0.25916815742397137,5.380452292441138
Caribbean,3,9,235,-1,-0.49660194174757283,0.5669642857142857,16.09394347240916
Caribbean,3,10,236,-1,-0.7254173152273093,2.186705989110708,51.49118541033435
Caribbean,3,11,227,-1,-0.7518115942028986,2.358974358974359,59.24184210526284
Caribbean,3,12,221,-1,-0.7692307692307693,2.3333333333333335,36.875
Caribbean,4,5,230,-0.8022762345679012,-0.2596146616541353,0.14285714285714285,3.0366666666666675
Caribbean,4,6,234,-0.9389964157706093,-0.2536764705882353,0.22863247863247865,2.724023605150211
Caribbean,4,7,237,-0.9893491124260355,-0.3265983112183353,0.20512820512820512,4.137453416149068
Caribbean,4,8,232,-1,-0.4013513513513514,0.25,5.771210317460312
Caribbean,4,9,235,-1,-0.44910742248668956,0.5075757575757576,14.400000000000052
Caribbean,4,10,236,-1,-0.697887323943662,2.409090909090909,63.3125
Caribbean,4,11,227,-1,-0.7568115942028986,2.4662162162162162,50.54999999999981
Caribbean,4,12,221,-1,-0.75,2.6666666666666665,35.25
Caribbean,5,6,234,-0.8427734375,-0.21464617281097115,0.2222222222222222,2.338841201716738
Caribbean,5,7,237,-0.9602264150943396,-0.2513812154696133,0.2,3.264761904761904
Caribbean,5,8,232,-0.9802295918367347,-0.3033381712626996,0.2512254901960784,6.160688492063478
Caribbean,5,9,235,-1,-0.4032967032967033,0.6636904761904762,14.553333333333342
Caribbean,5,10,236,-1,-0.6617491973471444,2.675150992234685,36.308035714285715
Caribbean,5,11,227,-1,-0.7455462184873949,2.6794871794871797,46.17499999999988
Caribbean,5,12,221,-1,-0.7297297297297297,2.7857142857142856,34.75
Caribbean,6,7,237,-0.8870020964360588,-0.21176470588235297,0.17417783191230207,2.679999999999999
Caribbean,6,8,232,-0.9328014539148994,-0.2735483870967742,0.2300699300699301,6.185176587301584
Caribbean,6,9,235,-1,-0.3333333333333333,0.5242574045540147,14.753333333333387
Caribbean,6,10,236,-1,-0.6002057613168724,2.562272313296903,35.247767857142854
Caribbean,6,11,227,-1,-0.7055154508611956,2.853846153846154,45.437499999999936
Caribbean,6,12,221,-1,-0.6923076923076923,3,34.875
Caribbean,7,8,232,-0.9008776663120027,-0.24081081081081082,0.20460875331564987,5.832845238095237
Caribbean,7,9,235,-1,-0.29814814814814816,0.5277777777777778,13.930192911619608
Caribbean,7,10,236,-1,-0.5869740045209528,2.7778206364513016,34.348214285714285
Caribbean,7,11,227,-1,-0.670513622797728,2.891891891891892,42.94999999999996
Caribbean,7,12,221,-1,-0.6589147286821705,3,34.625
Caribbean,8,9,235,-0.968259196520066,-0.2430293587010005,0.5193355119825709,13.120833333333362
Caribbean,8,10,236,-1,-0.5720476706392199,2.857638888888889,32.887499999999996
Caribbean,8,11,227,-1,-0.6459219858156029,3,38.24999999999997
Caribbean,8,12,221,-1,-0.5825242718446602,2.7720588235294117,34.875
Caribbean,9,10,236,-0.9895457033388068,-0.5058780922665478,2.7808136004857316,31.45625
Caribbean,9,11,227,-0.9918750000000001,-0.5744239631336405,2.686991869918699,37.27499999999996
Caribbean,9,12,221,-0.9927536231884058,-0.5333333333333333,3,31.875
Caribbean,10,11,227,-0.8654411764705883,-0.4465709728867624,2.301801801801802,29.22499999999998
Caribbean,10,12,221,-0.8480769230769231,-0.480072463768116,2.5,24.625
Caribbean,11,12,221,-0.8297101449275363,-0.4380952380952381,2.235294117647059,21.875
East & Southeast Asia,1,2,168,-0.8014097744360903,-0.20563578724903134,0.12489672228520836,1.0471428571428565
East & Southeast Asia,1,3,173,-1,-0.35454545454545455,0.16955247735748535,2.6028723404255265
East & Southeast Asia,1,4,179,-1,-0.4441927398920348,0.2737377870356594,7.806074561403487
East & Southeast Asia,1,5,187,-1,-0.58875319868761955,0.2943602693602694,5.182581528343148
East & Southeast Asia,1,6,189,-1,-0.6546368204659662,0.3204301075268817,5.157348277747392
East & Southeast Asia,1,7,190,-1,-0.6360192186310607,0.2835714844154168,4.559568961131463
East & Southeast Asia,1,8,191,-1,-0.6426147784731433,0.45243404250377617,5.859537221907335
East & Southeast Asia,1,9,187,-1,-0.6305690171840614,0.4053952415228921,9.932989690721648
East & Southeast Asia,1,10,184,-1,-0.6154870355849625,0.5931652081902326,6.323675496688729
East & Southeast Asia,1,11,175,-1,-0.5490601611040269,0.8827464357204134,6.46465629053178
East & Southeast Asia,1,12,170,-1,-0.5552376162398741,1.25,9.823756906077366
East & Southeast Asia,2,3,173,-0.9230769230769231,-0.2857142857142857,0.14075067024128687,2.1536830948595584
East & Southeast Asia,2,4,179,-1,-0.34043373907080404,0.2800949050949051,7.574671052631574
East & Southeast Asia,2,5,187,-1,-0.5142622299661391,0.327914068473,4.139641970198671
East & Southeast Asia,2,6,189,-1,-0.5346131471785922,0.40883136657784547,4.644141468624715
East & Southeast Asia,2,7,190,-1,-0.5110632576504611,0.3101792558579911,4.062845094361121
East & Southeast Asia,2,8,191,-1,-0.5742048374391611,0.4266806081965403,6.746152962792834
East & Southeast Asia,2,9,187,-1,-0.5346660416571603,0.42016916836408247,10.975365904500542
East & Southeast Asia,2,10,184,-1,-0.5371733053808525,0.5851466765831217,6.3169132290184695
East & Southeast Asia,2,11,175,-1,-0.4888354300998922,0.9159734500800699,6.275261551874457
East & Southeast Asia,2,12,170,-1,-0.5092298119469026,1.2728082008885586,11
East & Southeast Asia,3,4,179,-1,-0.28163096056355297,0.2414901519765821,2.9066158536585185
East & Southeast Asia,3,5,187,-1,-0.3968928354863406,0.3007978416230387,3.4731298614755794
East & Southeast Asia,3,6,189,-1,-0.433391506689936,0.3862706188763487,5.0385679169540305
East & Southeast Asia,3,7,190,-1,-0.42340767889589026,0.4184702407343393,3.974673961096376
East & Southeast Asia,3,8,191,-1,-0.48336349537630907,0.4132065258840001,5.200830570355322
East & Southeast Asia,3,9,187,-1,-0.46906489292147213,0.4525310039610524,10.920675830469637
East & Southeast Asia,3,10,184,-1,-0.5073902027027027,0.6045850066934405,5.10825502107612
East & Southeast Asia,3,11,175,-1,-0.45060337290578223,0.7791528979032141,5.726989247311829
East & Southeast Asia,3,12,170,-1,-0.5044117647058823,1.3663757246400419,10.943750000000001
East & Southeast Asia,4,5,187,-1,-0.26328163133495147,0.26532447511378654,2.0872662511130886
East & Southeast Asia,4,6,189,-1,-0.3572156320500691,0.31741761936785473,3.604420216810774
East & Southeast Asia,4,7,190,-1,-0.3245354843515975,0.3088803545554949,3.2173331876456923
East & Southeast Asia,4,8,191,-1,-0.35375110152047723,0.30990890380772673,3.369092737041154
East & Southeast Asia,4,9,187,-1,-0.4339275089921132,0.42656843707751957,9.843103448275862
East & Southeast Asia,4,10,184,-1,-0.4374908612370229,0.4801805337519623,4.2926949541284385
East & Southeast Asia,4,11,175,-1,-0.4794428541942232,0.9502999999999999,4.950000000000001
East & Southeast Asia,4,12,170,-1,-0.4862209519010199,1.36090761591032,11.155000000000001
East & Southeast Asia,5,6,189,-0.8639730639730638,-0.2384105960264901,0.23481781376518215,1.6518052111421389
East & Southeast Asia,5,7,190,-0.8987557717226653,-0.26001622662866103,0.25722561783796477,1.5695064165159682
East & Southeast Asia,5,8,191,-0.9651350069379548,-0.2800540368722187,0.3266914969738255,2.024904537286613
East & Southeast Asia,5,9,187,-0.9544529262086514,-0.3896234833937267,0.40730431848852905,6.6916551196273275
East & Southeast Asia,5,10,184,-0.9863095238095237,-0.3645700127877238,0.48447465714313365,3.4344868988045536
East & Southeast Asia,5,11,175,-0.9072998193859121,-0.40131152849740936,0.8660155230889642,6.078888888888895
East & Southeast Asia,5,12,170,-0.9895348837209301,-0.42269965891981437,1.3630958815263214,12.73125
East & Southeast Asia,6,7,190,-0.6384442408156387,-0.1814021675608294,0.23825139683358837,1.148687409849578
East & Southeast Asia,6,8,191,-0.7255677587490692,-0.22884800615143003,0.2518068434451849,2.1672757370376816
East & Southeast Asia,6,9,187,-0.7831511826524999,-0.33924242424242423,0.344672981921379,6.079123612705697
East & Southeast Asia,6,10,184,-0.8205735930735931,-0.34667933649939736,0.4983755627194336,3.1288739099662077
East & Southeast Asia,6,11,175,-0.8540425932906144,-0.37865745567781267,0.9620642515379357,5.720000000000004
East & Southeast Asia,6,12,170,-0.9882267441860465,-0.4051097754746232,1.2802089686201858,13.072916666666668
East & Southeast Asia,7,8,191,-0.6424208677794547,-0.1834832805076091,0.26525535872203027,1.4639176724107277
East & Southeast Asia,7,9,187,-0.7244966127211141,-0.2553060753239731,0.37613456985003946,5.2443934175277445
East & Southeast Asia,7,10,184,-0.7772667971298108,-0.2979419122108562,0.5069316469899916,2.6324559977889397
East & Southeast Asia,7,11,175,-0.8508275365795155,-0.33314924523881245,0.9454867464517086,5.483450292397666
East & Southeast Asia,7,12,170,-0.9100218145300805,-0.39092972652533026,1.2311515114354037,12.910000000000002
East & Southeast Asia,8,9,187,-0.673147233201581,-0.23192147394873908,0.36096914036965466,4.5250478377344
East & Southeast Asia,8,10,184,-0.6998497620574132,-0.27723905395959614,0.4507592320228962,2.323722129329827
East & Southeast Asia,8,11,175,-0.8236839997168289,-0.31497476708074534,0.9212144451596117,5.433333333333337
East & Southeast Asia,8,12,170,-0.8746711400478342,-0.36932961043577367,1.2406914893617023,12.85625000000001
East & Southeast Asia,9,10,184,-0.6531652685094048,-0.2374299990743679,0.47424747618967633,2.0563835613526673
East & Southeast Asia,9,11,175,-0.8069154580827733,-0.2898673267527286,0.9075641585878367,5.488813813813815
East & Southeast Asia,9,12,170,-0.8451809600976854,-0.35050156796809573,1.2386968085106385,12.563750000000017
East & Southeast Asia,10,11,175,-0.8068181818181819,-0.27023958511409407,0.845385616477112,5.3290915915915935
East & Southeast Asia,10,12,170,-0.8399480233951554,-0.3326507208387942,1.1765794218369512,12.518750000000018
East & Southeast Asia,11,12,170,-0.818172738353196,-0.322214321333641,1.0743632400877303,12.685000000000008
"Europe, Middle East & North Africa",1,2,33,-1,-0.2804878048780488,0.5,7.6866735271417745
"Europe, Middle East & North Africa",1,3,34,-1,-0.5468241290126274,0.5164072060295917,46.258499999999906
"Europe, Middle East & North Africa",1,4,32,-1,-0.6875,0.7991567789578493,91.01667074663328
"Europe, Middle East & North Africa",1,5,32,-1,-0.7188653136531364,0.6659247461857646,13.219788961038866
"Europe, Middle East & North Africa",1,6,33,-1,-0.8,0.8321167883211679,5.751013513513571
"Europe, Middle East & North Africa",1,7,33,-1,-0.7466249266288397,0.7534665099882492,4.318866047745392
"Europe, Middle East & North Africa",1,8,33,-1,-0.7787958115183246,1.5029778018408229,19.388014981273418
"Europe, Middle East & North Africa",1,9,33,-1,-0.7377450980392157,2.237326155226559,19.542417582417684
"Europe, Middle East & North Africa",1,10,30,-1,-0.680310100858046,1.776679104477612,21.063596491228054
"Europe, Middle East & North Africa",1,11,30,-1,-0.738467261904762,1.6887690054318178,25.162499999999984
"Europe, Middle East & North Africa",1,12,29,-1,-0.7027027027027027,2.6956521739130435,55.678048780487806
"Europe, Middle East & North Africa",2,3,34,-1,-0.3387513728140576,0.3944410597681757,11.799
"Europe, Middle East & North Africa",2,4,32,-0.9857418397626113,-0.5188053097345133,0.6958907235313642,16.899024500907313
"Europe, Middle East & North Africa",2,5,32,-1,-0.6243136662597474,0.8317699067335166,3.8282037815125944
"Europe, Middle East & North Africa",2,6,33,-1,-0.7033660589060309,0.9218241042345277,2.3903964878584194
"Europe, Middle East & North Africa",2,7,33,-1,-0.6499013806706114,0.6162046908315565,3.0723444976076606
"Europe, Middle East & North Africa",2,8,33,-0.9838056680161944,-0.7275985663082437,2.4719101123595504,16.870588235294118
"Europe, Middle East & North Africa",2,9,33,-0.9928251121076234,-0.6954773869346733,1.710344827586207,37.457142857143126
"Europe, Middle East & North Africa",2,10,30,-0.9970286885245901,-0.5937490591600181,2.362630952380952,15.018714011516291
"Europe, Middle East & North Africa",2,11,30,-1,-0.6050527597402597,1.8332562442183165,23.174999999999947
"Europe, Middle East & North Africa",2,12,29,-0.9885869565217392,-0.6148648648648649,3.4201596806387227,40.96666666666671
"Europe, Middle East & North Africa",3,4,32,-0.845346770629459,-0.5037974683544304,0.3548460144927536,9.857469298245547
"Europe, Middle East & North Africa",3,5,32,-0.9092581275971645,-0.5969542309401384,0.5911731038283801,4.116071428571425
"Europe, Middle East & North Africa",3,6,33,-0.9017676767676768,-0.6079545454545454,0.6811594202898551,2.6609862218999276
"Europe, Middle East & North Africa",3,7,33,-0.92,-0.6982343499197432,0.4859154929577465,5.476555023923447
"Europe, Middle East & North Africa",3,8,33,-0.9464433948761986,-0.7057340894770007,1.7196969696969695,17.27058823529417
"Europe, Middle East & North Africa",3,9,33,-0.9741013071895425,-0.7008547008547008,2.406896551724138,54.05714285714342
"Europe, Middle East & North Africa",3,10,30,-0.968215412722139,-0.6470822851846949,1.7763980263157895,14.744133877159296
"Europe, Middle East & North Africa",3,11,30,-1,-0.5795010157440326,1.1297031772575252,22.98035714285711
"Europe, Middle East & North Africa",3,12,29,-0.996717467760844,-0.5204081632653061,3.094810379241517,44.43333333333336
"Europe, Middle East & North Africa",4,5,32,-0.9028171596186751,-0.349951634253131,0.42726022966197635,3.098214285714274
"Europe, Middle East & North Africa",4,6,33,-0.8949494949494949,-0.4666666666666667,0.3973941368078176,2.833260817017164
"Europe, Middle East & North Africa",4,7,33,-0.8651685393258427,-0.5889212827988338,0.3074866310160428,7.651100478468901
"Europe, Middle East & North Africa",4,8,33,-0.8953769602625287,-0.6387434554973822,1.7515423443634324,17.07941176470596
"Europe, Middle East & North Africa",4,9,33,-0.9516339869281045,-0.6654456654456654,1.75,62.028571428572135
"Europe, Middle East & North Africa",4,10,30,-0.9859118086696561,-0.6446370647424865,2.1519625829187397,13.655002399232238
"Europe, Middle East & North Africa",4,11,30,-0.9930787589498807,-0.6683203214493417,1.3752563226247436,17.512416387959835
"Europe, Middle East & North Africa",4,12,29,-0.996717467760844,-0.44565217391304346,2.317073170731707,28.366666666666696
"Europe, Middle East & North Africa",5,6,33,-0.8400000000000001,-0.4292682926829268,0.31596091205211724,2.414624123761182
"Europe, Middle East & North Africa",5,7,33,-0.8400000000000001,-0.5315581854043393,0.5572093023255814,6.794449760765552
"Europe, Middle East & North Africa",5,8,33,-0.9089438409983822,-0.6045494313210849,1.5634765625,14.914705882353015
"Europe, Middle East & North Africa",5,9,33,-0.8970588235294119,-0.6284916201117319,1.8153846153846152,55.74285714285779
"Europe, Middle East & North Africa",5,10,30,-0.973148148148148,-0.6510311654782395,1.9846123548922057,11.848692418426095
"Europe, Middle East & North Africa",5,11,30,-0.9627983293556086,-0.7166688573431477,1.3274395882755017,15.075376254180576
"Europe, Middle East & North Africa",5,12,29,-0.9803048065650645,-0.5380434782608695,2.1609756097560977,28.766666666666687
"Europe, Middle East & North Africa",6,7,33,-0.7763034346429454,-0.4556213017751479,0.4918032786885246,5.758660287081341
"Europe, Middle East & North Africa",6,8,33,-0.8659837681317039,-0.5774358974358974,1.6640625,14.25000000000006
"Europe, Middle East & North Africa",6,9,33,-0.884313725490196,-0.5702075702075702,1.7777777777777777,49.17142857142913
"Europe, Middle East & North Africa",6,10,30,-0.9092592592592592,-0.6697335259404967,1.691788453565506,10.18352927063339
"Europe, Middle East & North Africa",6,11,30,-0.9567422434367542,-0.6993569599627559,1.1853162317558603,16.332142857142834
"Europe, Middle East & North Africa",6,12,29,-0.9778429073856975,-0.5675675675675675,2.078048780487805,31.833333333333346
"Europe, Middle East & North Africa",7,8,33,-0.8619258010576544,-0.4553846153846154,1.419921875,13.900000000000041
"Europe, Middle East & North Africa",7,9,33,-0.8852941176470588,-0.4713375796178344,1.8153846153846152,42.20000000000046
"Europe, Middle East & North Africa",7,10,30,-0.9031182527819299,-0.6432981510991392,1.599670916252073,9.425695777351237
"Europe, Middle East & North Africa",7,11,30,-0.9576073985680191,-0.5978962988826815,1.1484677603098656,15.744642857142834
"Europe, Middle East & North Africa",7,12,29,-0.9752342117335235,-0.44324324324324327,2.1447105788423153,30.966666666666686
"Europe, Middle East & North Africa",8,9,33,-0.8794117647058823,-0.3310344827586207,1.75,33.14285714285748
"Europe, Middle East & North Africa",8,10,30,-0.8976997176548744,-0.4839679692761083,1.3997032568545604,11.099999999999994
"Europe, Middle East & North Africa",8,11,30,-0.8923105608591886,-0.4316660847299814,1.1896625070901872,15.262499999999978
"Europe, Middle East & North Africa",8,12,29,-0.9735929456139457,-0.2755102040816326,2.0526315789473686,29.900000000000016
"Europe, Middle East & North Africa",9,10,30,-0.8708271051320379,-0.3122083658374505,1.1428079305250398,11.756249999999996
"Europe, Middle East & North Africa",9,11,30,-0.8909979116945108,-0.3462409420289855,1.1513045944412932,15.021428571428551
"Europe, Middle East & North Africa",9,12,29,-0.9719516794943676,-0.24675324675324675,2,30.300000000000015
"Europe, Middle East & North Africa",10,11,30,-0.8900134248210024,-0.25398936170212766,1.121242200794101,14.78035714285712
"Europe, Middle East & North Africa",10,12,29,-0.9703104133747897,-0.2597402597402597,1.868421052631579,28.83333333333335
"Europe, Middle East & North Africa",11,12,29,-0.966060451603038,-0.2597402597402597,1.7894736842105263,28.300000000000015
North & Central America,1,2,140,-0.49930758017492716,-0.24076842891923492,0.15107129926554255,0.9229848618087988
North & Central America,1,3,140,-0.6424190512517275,-0.3189386209029066,0.1685403838106056,2.250142045454551
North & Central America,1,4,140,-0.6798570724757251,-0.3429001061445925,0.17195900537634412,2.285418153699739
North & Central America,1,5,140,-0.7696710674250933,-0.40122427891095336,0.27653744805918723,2.730053362479106
North & Central America,1,6,140,-0.8114892264364122,-0.4905474521481715,0.27505235443990933,4.150576498280726
North & Central America,1,7,140,-0.8395355358977508,-0.4527023429179979,0.261237184296074,3.423629393642347
North & Central America,1,8,140,-0.8784440925137917,-0.48680271666754354,0.45956519645608623,5.0323523698523704
North & Central America,1,9,140,-0.886235926628716,-0.4838443754492305,0.3953294909685708,4.795075901328278
North & Central America,1,10,140,-0.8947687301010923,-0.44660173240814044,0.3946316238404947,5.933984375000003
North & Central America,1,11,140,-0.8972266105571448,-0.4797219028955768,0.9848105512877763,7.085625000000011
North & Central America,1,12,138,-0.8616219938771958,-0.48881027253668763,1.0028625954198471,6.265893158221659
North & Central America,2,3,140,-0.5809693603862295,-0.2831495167365639,0.19935180089280252,1.648788984737891
North & Central America,2,4,140,-0.6481003441964227,-0.30981816919743643,0.20097628317177818,2.0606908326766487
North & Central America,2,5,140,-0.7411386532343585,-0.371618717128649,0.2922332866093893,2.255070040474209
North & Central America,2,6,140,-0.7814741075441565,-0.4360840620031796,0.3192807566407079,4.334594719777682
North & Central America,2,7,140,-0.8084636039171957,-0.4446117804551539,0.23942123923838102,3.6287943412162176
North & Central America,2,8,140,-0.8716160634697192,-0.42886282508924023,0.563298329648735,4.845506993006993
North & Central America,2,9,140,-0.8624862796744013,-0.4453539260550592,0.5249682690782167,4.621575682382135
North & Central America,2,10,140,-0.8812482698871085,-0.423470261294894,0.5624812600744713,5.448046875000001
North & Central America,2,11,140,-0.8849222650976913,-0.4690579912619386,0.7549582687322083,7.325000000000017
North & Central America,2,12,138,-0.8481269353479548,-0.4479634919476885,1.025294587957587,5.809084477147301
North & Central America,3,4,140,-0.6131860510117413,-0.2502348944781729,0.1709664416021427,1.800925925925927
North & Central America,3,5,140,-0.6674298909001423,-0.3067424524284218,0.236536862420827,1.8443886370899798
North & Central America,3,6,140,-0.759211131995177,-0.35770089285714285,0.33358439232674203,3.155749821045104
North & Central America,3,7,140,-0.7884974651815513,-0.3658910533910533,0.21613424793700187,3.3959783295516557
North & Central America,3,8,140,-0.8532805554108238,-0.42842193463608375,0.6105987762237761,4.206118881118884
North & Central America,3,9,140,-0.8609821362216366,-0.43915387479237067,0.5506806922771669,4.171892789373816
North & Central America,3,10,140,-0.857363421338509,-0.3547750613568632,0.7045975130890052,5.131944444444448
North & Central America,3,11,140,-0.8565019713629047,-0.4249789365987281,0.8473533262118993,8.44250000000002
North & Central America,3,12,138,-0.8064594931865725,-0.41400526353225686,1.0748868948876489,6.136450332821283
North & Central America,4,5,140,-0.6591008869867732,-0.25233161613510086,0.2000899036364684,1.3156948548828333
North & Central America,4,6,140,-0.7215,-0.2395475584772882,0.2818733115178265,2.395976883237192
North & Central America,4,7,140,-0.7647250928936368,-0.3419561468341956,0.3132618168394074,2.6939098243464055
North & Central America,4,8,140,-0.8365795361224857,-0.38732132841687916,0.6209794496241572,3.5404545454545464
North & Central America,4,9,140,-0.8266011806690625,-0.33250627113457387,0.4512131061426836,3.830082919423523
North & Central America,4,10,140,-0.8550353237288604,-0.32837418858912615,0.6273211969430671,5.194471633133953
North & Central America,4,11,140,-0.8502551772597302,-0.3747084105973329,0.7884638291114112,6.917350746268684
North & Central America,4,12,138,-0.8059913169319826,-0.3790469364624308,1.006427852752685,6.0767985151049535
North & Central America,5,6,140,-0.619836040113596,-0.19319997025330887,0.19361702127659575,2.0691596638655465
North & Central America,5,7,140,-0.6922876145497793,-0.281373610550359,0.321734774766968,2.1808217758648185
North & Central America,5,8,140,-0.767125131632557,-0.31250872792554063,0.5482574496375852,3.3462325174825196
North & Central America,5,9,140,-0.7855083344396083,-0.28749798598272447,0.46793957740593334,3.753234805318142
North & Central America,5,10,140,-0.8397354003268747,-0.2788557649887735,0.5807824838035592,4.710696517412936
North & Central America,5,11,140,-0.825021651787492,-0.34192784256559766,1.0145451639718188,6.5846793862717705
North & Central America,5,12,138,-0.8072911196619137,-0.37210269806598556,1.127537883103566,7.5566470798063925
North & Central America,6,7,140,-0.5948670071571572,-0.2572569275644142,0.2971398305084746,1.8070073527299895
North & Central America,6,8,140,-0.6800104905930673,-0.2920122872251452,0.5275409322624115,2.869155011655014
North & Central America,6,9,140,-0.7349209908654026,-0.2504547439711663,0.4572666764703403,2.9553003323836675
North & Central America,6,10,140,-0.8210608775182129,-0.2406374725811415,0.5053927290209133,4.1726160862354895
North & Central America,6,11,140,-0.7939431449254821,-0.31533513957006243,0.9075764704691942,6.738623046875008
North & Central America,6,12,138,-0.7885310568270331,-0.36026116286854853,1.084096109839817,7.504877112135155
North & Central America,7,8,140,-0.6323901758860888,-0.23822489981827805,0.5037496320109108,2.2684833333333354
North & Central America,7,9,140,-0.679140826283311,-0.20308687937644562,0.4078700052771075,2.3054665242165253
North & Central America,7,10,140,-0.7859429583545944,-0.23006049325267566,0.6147140949775001,3.8309158027889816
North & Central America,7,11,140,-0.7849482787360935,-0.30241435951459156,0.8921044166014964,6.860576923076935
North & Central America,7,12,138,-0.7653590280728526,-0.3307383012339884,1.153953246051578,6.738863287250377
North & Central America,8,9,140,-0.6371726752758953,-0.1985472656823773,0.3656037382358419,1.8447827635327645
North & Central America,8,10,140,-0.765180604074263,-0.1990228013029316,0.5263431004536043,3.797202208210927
North & Central America,8,11,140,-0.7723800282286521,-0.2788998461038616,0.885936585936586,6.709134615384626
North & Central America,8,12,138,-0.7497688428131128,-0.312737843551797,1.112081410921843,6.14362519201228
North & Central America,9,10,140,-0.7157964074548071,-0.17469707769066287,0.4724279984271741,3.4166407085884445
North & Central America,9,11,140,-0.7479980276134122,-0.2678626688181075,0.8177430677430677,6.390865384615397
North & Central America,9,12,138,-0.7482908377696833,-0.2935950187023138,1.059986695343595,6.204569892473108
North & Central America,10,11,140,-0.7182549807285163,-0.2589351948310527,0.7779513773184659,6.164013671875015
North & Central America,10,12,138,-0.6997163070888204,-0.28949393578865434,0.9938229986268335,6.095583717357895
North & Central America,11,12,138,-0.6682530096505664,-0.27047048251704126,0.9247932946329646,6.088242989924221
Pacific Islands,1,2,117,-1,-0.4,0.2833333333333333,4.299999999999983
Pacific Islands,1,3,119,-1,-0.6142156862745098,0.32093933463796476,3.65819176319176
Pacific Islands,1,4,119,-1,-0.675479441832699,0.4647239263803681,11.422150259067305
Pacific Islands,1,5,118,-1,-0.7435509554140127,0.6052238805970149,8.082564766839443
Pacific Islands,1,6,121,-1,-0.8571428571428571,0.5353535353535354,27.93491124260355
Pacific Islands,1,7,122,-1,-0.8634021365374956,0.7879464285714286,21.787499999999987
Pacific Islands,1,8,121,-1,-0.8901795142555439,1.052710843373494,69.33333333333333
Pacific Islands,1,9,120,-1,-0.8912037037037037,1.6875,120.84999999999937
Pacific Islands,1,10,122,-1,-0.9185735150925025,2.416666666666667,130.6499999999997
Pacific Islands,1,11,116,-1,-0.9113700564971751,2,124.575
Pacific Islands,1,12,115,-1,-0.9321839080459771,1.5833333333333335,46.78571428571427
Pacific Islands,2,3,119,-1,-0.5,0.1602874026322858,4.195833333333303
Pacific Islands,2,4,119,-1,-0.6333333333333333,0.48333333333333334,28.483738541251448
Pacific Islands,2,5,118,-1,-0.6963247474393972,0.4552284638060924,12.244689119171031
Pacific Islands,2,6,121,-1,-0.8240740740740741,0.6142131979695431,26.733727810650887
Pacific Islands,2,7,122,-1,-0.8344098297831573,0.6858974358974358,23.17499999999996
Pacific Islands,2,8,121,-1,-0.88,1,112.5
Pacific Islands,2,9,120,-1,-0.8763986013986014,1.8858695652173911,121.69999999999942
Pacific Islands,2,10,122,-1,-0.8874343874023812,2.2771516393442623,127.73749999999978
Pacific Islands,2,11,116,-1,-0.8872019793072424,1.7569444444444444,74.27499999999999
Pacific Islands,2,12,115,-1,-0.8935969868173258,1.354463615903976,32.48571428571416
Pacific Islands,3,4,119,-1,-0.5018656716417911,0.3333333333333333,12.463332004782774
Pacific Islands,3,5,118,-1,-0.5714285714285714,0.45442097026604067,12.348186528497411
Pacific Islands,3,6,121,-1,-0.64,0.54216867469879515,42
Pacific Islands,3,7,122,-1,-0.693170964660936,0.6742187500000001,17.934999999999985
Pacific Islands,3,8,121,-1,-0.7948717948717948,1,97
Pacific Islands,3,9,120,-1,-0.7777777777777778,2.026315789473684,109.36249999999953
Pacific Islands,3,10,122,-1,-0.7896897810218978,2.019736842105263,125.62499999999991
Pacific Islands,3,11,116,-1,-0.7732047364400305,1.691701680672269,74.40625
Pacific Islands,3,12,115,-1,-0.8273491214667685,1.4596774193548387,30.7499999999999
Pacific Islands,4,5,118,-0.9908973758200562,-0.41868279569892475,0.43333333333333335,7.100615284974098
Pacific Islands,4,6,121,-1,-0.4056603773584906,0.5,29
Pacific Islands,4,7,122,-1,-0.6491803278688525,0.840497737556561,15.499999999999961
Pacific Islands,4,8,121,-1,-0.717948717948718,1.0588235294117647,78
Pacific Islands,4,9,120,-1,-0.7118055555555556,2.1466165413533833,130.61249999999995
Pacific Islands,4,10,122,-1,-0.7358576642335767,2.4719387755102042,98.75833333333328
Pacific Islands,4,11,116,-1,-0.5714285714285714,1.75,81.0625
Pacific Islands,4,12,115,-1,-0.7021363673569616,1.7967741935483872,25.8833333333333
Pacific Islands,5,6,121,-1,-0.34177215189873417,0.5,21
Pacific Islands,5,7,122,-1,-0.5438311688311688,0.7023809523809523,11.69999999999997
Pacific Islands,5,8,121,-1,-0.636986301369863,1.027027027027027,56.5
Pacific Islands,5,9,120,-1,-0.6332586786114222,2.128947368421053,96.1624999999996
Pacific Islands,5,10,122,-1,-0.682777198470629,2.6519886363636362,88.39166666666652
Pacific Islands,5,11,116,-1,-0.5731679035250464,2,64.34375
Pacific Islands,5,12,115,-1,-0.6568627450980392,1.8917888563049852,27.299999999999983
Pacific Islands,6,7,122,-0.916592056932966,-0.4954918032786885,0.65125,10.378846153846126
Pacific Islands,6,8,121,-1,-0.6,0.9230769230769232,45
Pacific Islands,6,9,120,-1,-0.594921875,2,76.96249999999932
Pacific Islands,6,10,122,-1,-0.5757871389500367,2.6292613636363638,87.02499999999978
Pacific Islands,6,11,116,-1,-0.5143633540372671,2.517857142857143,52.36458333333333
Pacific Islands,6,12,115,-1,-0.6406103286384977,2,30.98571428571423
Pacific Islands,7,8,121,-1,-0.4373744139316812,0.7692307692307693,69.66666666666667
Pacific Islands,7,9,120,-1,-0.4938672438672439,1.918918918918919,65.98124999999932
Pacific Islands,7,10,122,-1,-0.5032894736842105,2.4953271028037385,75
Pacific Islands,7,11,116,-1,-0.49819578090303474,3,55.17613636363637
Pacific Islands,7,12,115,-1,-0.5861912332500567,1.9117647058823528,33.3285714285714
Pacific Islands,8,9,120,-0.953702886220624,-0.43902557958091837,1.7364864864864866,56.65624999999943
Pacific Islands,8,10,122,-0.9936425339366516,-0.47170802481488894,2.465909090909091,65.975
Pacific Islands,8,11,116,-0.9981884057971014,-0.4373376623376623,3,59.04261363636363
Pacific Islands,8,12,115,-0.9984112149532709,-0.49805598755832037,2,30.314285714285607
Pacific Islands,9,10,122,-0.9856264269707948,-0.3990857169903602,2.1860795454545454,70.67499999999993
Pacific Islands,9,11,116,-0.9972826086956522,-0.4142346587719774,3,57.09090909090909
Pacific Islands,9,12,115,-0.9976168224299065,-0.4404689092762487,2,28.457142857142703
Pacific Islands,10,11,116,-0.9544752109704641,-0.3694226020029393,3.006756756756757,49.59659090909091
Pacific Islands,10,12,115,-0.9467792272642159,-0.3833333333333333,2,24.171428571428514
Pacific Islands,11,12,115,-0.9352252252252251,-0.3277777777777778,2,21.84285714285711
South America,1,2,160,-0.7914609644087255,-0.1610149873105151,0.26357557536802817,1.1739473684210562
South America,1,3,158,-0.7122590615220606,-0.2664324696025737,0.16661374532387013,2.5963815030193604
South America,1,4,160,-0.9711236933797909,-0.40557544456183026,0.15458976680246106,4.5812500000000185
South America,1,5,159,-0.9771186440677966,-0.4198751371387341,0.2946306070699479,3.6170181818181266
South America,1,6,159,-0.9844823928722952,-0.5558183082833323,0.21018694480045963,6.11568814404632
South America,1,7,161,-1,-0.6047366872609591,0.25,10.496525096525096
South America,1,8,160,-1,-0.5816491228070175,0.3475415070242657,22.050568181818193
South America,1,9,160,-1,-0.6459637360273458,0.44541894484377625,9.036913370366875
South America,1,10,163,-1,-0.6437191850999225,0.47421955154148004,29.41566916043207
South America,1,11,163,-1,-0.6076214544642256,0.4680367720393127,17.546292775665375
South America,1,12,161,-1,-0.5843307943416758,0.578125,12.3993993993994
South America,2,3,158,-0.6452259553815505,-0.21580067633874692,0.15250166173182667,2.1804349106038816
South America,2,4,160,-0.931473486721566,-0.4341717973644415,0.12754631991221238,3.5468750000000107
South America,2,5,159,-0.9527908754938195,-0.4655633142783553,0.2701492537313433,2.389282710822355
South America,2,6,159,-0.9849177105143792,-0.5492953103796774,0.21622299767364572,4.901620372603627
South America,2,7,161,-0.9935613682092556,-0.5996775197758603,0.3,8.393050193050193
South America,2,8,160,-0.9962558989543813,-0.5893353318165817,0.4151487075912244,12.500000000000021
South America,2,9,160,-1,-0.6898916685439974,0.36757669575007035,8.907982233502564
South America,2,10,163,-1,-0.6196465238338491,0.6042455724593216,22.325883784170554
South America,2,11,163,-1,-0.6235251844858881,0.6076923076923078,18.66666666666663
South America,2,12,161,-1,-0.5472194135490395,0.5794481446241675,16.541666666666668
South America,3,4,160,-0.9376134455051401,-0.33074055146221665,0.11395230559191992,3.521875000000005
South America,3,5,159,-0.9597943873298137,-0.36265703313154984,0.24806014367548396,4.478869499599102
South America,3,6,159,-0.9818293833954325,-0.5076502390509559,0.254723468944549,5.190271493212637
South America,3,7,161,-0.9925553319919516,-0.5710620505285949,0.35490004875670406,11.177606177606178
South America,3,8,160,-0.9962964561660983,-0.627403142647216,0.5895125894593756,12.230000000000004
South America,3,9,160,-1,-0.6793594247773245,0.5735830887711333,9.098438840051461
South America,3,10,163,-1,-0.6064248164560537,0.6650199048865553,30.803046133294973
South America,3,11,163,-1,-0.5674915776509142,0.602930402930403,25.237499999999883
South America,3,12,161,-1,-0.5046554934823091,0.6391437308868502,17.041666666666668
South America,4,5,159,-0.7637634416417428,-0.2817771989581246,0.23907930534719926,3.150763636363616
South America,4,6,159,-0.9503527678418504,-0.4365766026697594,0.3347427766032417,4.7692164179104415
South America,4,7,161,-0.971938775510204,-0.5,0.3963243098615369,13.864864864864863
South America,4,8,160,-0.9778066630833983,-0.5773214305861116,0.492077050725957,14.662510211027918
South America,4,9,160,-0.9792356544144543,-0.612367171270926,0.4744837296620776,7.084973227540493
South America,4,10,163,-0.9896601724555968,-0.5937640605559533,0.6992560359348681,25.818847042976344
South America,4,11,163,-0.9856462585034014,-0.5583964945525192,0.6410526991473904,15.431653992395432
South America,4,12,161,-0.99163179916318,-0.4921600357122928,0.8047945205479452,16.324324324324323
South America,5,6,159,-0.8951297364085667,-0.3653066823998504,0.2932540262071482,3.6171641791044706
South America,5,7,161,-0.9716312056737588,-0.43900413318389314,0.33651766610767364,14.995366795366795
South America,5,8,160,-0.9788770620417422,-0.5287872807439783,0.4556899856252995,13.550464601769924
South America,5,9,160,-0.9793161461457582,-0.5612202382744736,0.4894795877747879,6.596842600684836
South America,5,10,163,-0.9933803252731708,-0.5353429324610268,0.8112020631650544,17.8046935536402
South America,5,11,163,-0.9858553177368509,-0.5567185649882738,0.6687652965529862,16.40649350649349
South America,5,12,161,-0.99163179916318,-0.4971557368251583,0.732175210487051,17.64264264264264
South America,6,7,161,-0.879476861167002,-0.30516572111077933,0.27291510142749814,16.38069498069498
South America,6,8,160,-0.9299048657898703,-0.43626318747489506,0.4594279939596206,11.301876843657851
South America,6,9,160,-0.9451793752744838,-0.40373926487086575,0.518253496038316,7.730047913479552
South America,6,10,163,-0.9690228245580662,-0.4789025088925555,0.8381713034540949,13.375713494042655
South America,6,11,163,-0.9748425296044344,-0.4507536496608754,0.7625885423139058,18.88636363636359
South America,6,12,161,-0.99163179916318,-0.4375,0.9696969696969696,19.255255255255257
South America,7,8,160,-0.8003788544020283,-0.3416303400174368,0.3854090887045929,7.7919948377581365
South America,7,9,160,-0.8947914563629492,-0.34529698887917293,0.4914608243256997,6.6377766622755
South America,7,10,163,-0.9452333932120716,-0.4535339534230014,0.8934691546077685,9.670731343581597
South America,7,11,163,-0.9648361976369495,-0.3753044186698437,0.7772081567189828,21.40580702929355
South America,7,12,161,-0.9684918935454268,-0.3917720834684831,1.0168453292496171,22.229357798165136
South America,8,9,160,-0.7903810794888451,-0.2799770735675532,0.5299821915521176,5.3062099835684835
South America,8,10,163,-0.9292134174848059,-0.4015964930166174,0.7764187634880357,8.226363104121729
South America,8,11,163,-0.9316460794844255,-0.35088312404140243,0.793143050048652,29.05202410202398
South America,8,12,161,-0.9280645161290324,-0.32603841000446626,1.0327272727272727,40.59633027522936
South America,9,10,163,-0.8719907407407408,-0.36747495170455824,0.7410528223249071,7.938513025606829
South America,9,11,163,-0.9078125,-0.3396305625524769,0.6859861407249467,26.355972855972762
South America,9,12,161,-0.9230769230769232,-0.282103134479272,0.8571428571428571,36.782874617737
South America,10,11,163,-0.7570396799917009,-0.2873603591432936,0.5842122040072859,23.5734643734643
South America,10,12,161,-0.7948717948717948,-0.25925925925925924,0.8571428571428571,33.46153846153846
South America,11,12,161,-0.7279651795429815,-0.24203821656050956,0.7937758916843488,31.692307692307693
South Asia,1,2,100,-0.5452586206896551,-0.14241946778711484,0.11002798086469899,1.1945216102571146
South Asia,1,3,105,-0.9159999999999999,-0.31488698363211226,0.1794871794871795,3.228571428571416
South Asia,1,4,109,-1,-0.46062992125984253,0.2379807692307692,3.3395294407489526
South Asia,1,5,110,-1,-0.40721540128193556,0.2052155794600521,3.2346858998376415
South Asia,1,6,111,-1,-0.416866329885334,0.28402387158732334,3.514737497653944
South Asia,1,7,111,-1,-0.42424017424017424,0.21967636209230118,4.00458435207824
South Asia,1,8,111,-1,-0.43576868941167274,0.25517201301720127,3.793471418911142
South Asia,1,9,110,-1,-0.4671552508351229,0.3129797453892995,3.407015223493845
South Asia,1,10,109,-1,-0.5416975262924011,0.6150911403136923,4.732327102207476
South Asia,1,11,106,-1,-0.5394280151787618,1.481158388316125,31.75
South Asia,1,12,100,-1,-0.5745044429254955,2.3716269841269844,20.489583333333265
South Asia,2,3,105,-0.9039999999999999,-0.26804123711340205,0.13485881207400194,3.72298136645962
South Asia,2,4,109,-1,-0.42513863216266173,0.17391304347826086,2.7005809979494186
South Asia,2,5,110,-1,-0.40329302356350005,0.19761904761904764,2.906337891844627
South Asia,2,6,111,-1,-0.3918965112403675,0.21974706297746677,3.7239811912225704
South Asia,2,7,111,-1,-0.38751306519100587,0.2107036690149448,3.3637990200797026
South Asia,2,8,111,-1,-0.39147898315757207,0.2101018675721562,4.968376494023905
South Asia,2,9,110,-1,-0.40550239234449764,0.2876840248556046,3.3996101364522144
South Asia,2,10,109,-1,-0.4982750123213406,0.5252225519287834,4.323756760665216
South Asia,2,11,106,-1,-0.5335727974783742,1.5405306806948673,35.375
South Asia,2,12,100,-1,-0.5501612988523983,2.5743705035971223,18.624999999999957
South Asia,3,4,109,-1,-0.22668459082507145,0.2,1.744224196855774
South Asia,3,5,110,-1,-0.2728070175438596,0.20360730369010147,2.7484419882602698
South Asia,3,6,111,-1,-0.2768452380952381,0.21714020740241124,2.4794653226349395
South Asia,3,7,111,-1,-0.3878888090706102,0.26051199904410915,2.992167420730027
South Asia,3,8,111,-1,-0.4459439441780688,0.25512300621789674,3.6550016151609777
South Asia,3,9,110,-1,-0.37209510448916405,0.28009379322268324,4.419286785848226
South Asia,3,10,109,-1,-0.4270576638738295,0.5714285714285714,5.46347869082557
South Asia,3,11,106,-0.9966755319148936,-0.5096056622851366,1.8017685993037347,34.166666666666664
South Asia,3,12,100,-0.9974462365591397,-0.5244156081829693,2.4609939759036146,18.04583333333329
South Asia,4,5,110,-0.7823299530371058,-0.17374186922286888,0.14519614361702127,2.7863636363636157
South Asia,4,6,111,-0.8676719632555427,-0.261578947368421,0.21467710621774894,2.33103845026056
South Asia,4,7,111,-0.957037941031271,-0.32738807554002064,0.21135183931392465,2.628471852448776
South Asia,4,8,111,-0.9592188689224578,-0.316251837823158,0.22625007516988394,2.530194904849601
South Asia,4,9,110,-0.9375774771676411,-0.2597906157418528,0.2574537875793372,3.9948485628385226
South Asia,4,10,109,-0.8790091185410335,-0.3333333333333333,0.8260869565217391,5.531372716021451
South Asia,4,11,106,-0.8970079787234043,-0.4521168041684759,2.0046686463280423,36.75
South Asia,4,12,100,-0.9496774193548386,-0.5016526442307692,2.687140287769784,18.774999999999956
South Asia,5,6,111,-0.7195734665849289,-0.20487455860779796,0.1649659863945578,1.5526515151515152
South Asia,5,7,111,-0.884738215813544,-0.24456521739130435,0.2185510250004778,1.8917463790060673
South Asia,5,8,111,-0.8669809539225208,-0.23326709062003181,0.22175088334269,2.029807205411375
South Asia,5,9,110,-0.8766074974014342,-0.17310411042289126,0.2529518899606236,3.501076555023922
South Asia,5,10,109,-0.9033298737242692,-0.3258866881621373,0.8548123980424144,5.291533742331286
South Asia,5,11,106,-0.9054127265563436,-0.42657889966031826,2.3542249080399373,35.541666666666664
South Asia,5,12,100,-0.9443996415770608,-0.43154046474358976,2.533455882352941,18.399999999999963
South Asia,6,7,111,-0.7733267168380109,-0.1539566278902772,0.18361165001454,1.4524692175294585
South Asia,6,8,111,-0.8421353695690624,-0.1695446528779862,0.1928981464637277,2.015987614917861
South Asia,6,9,110,-0.8814997563352827,-0.14194100684849212,0.2251652622257081,2.9441836124401894
South Asia,6,10,109,-0.9037919201003478,-0.22641509433962265,0.8391167192429022,5.907302964569775
South Asia,6,11,106,-0.9416069295101553,-0.39041406693136693,2.5058673758520746,38.333333333333336
South Asia,6,12,100,-0.9495413162029761,-0.43250629578754574,2.8526656434611377,20.049999999999997
South Asia,7,8,111,-0.7327840236940011,-0.11625371243431848,0.14778342331036498,1.7293492695883135
South Asia,7,9,110,-0.8160767822329943,-0.1182987788513151,0.2923060354431884,2.4383522727272675
South Asia,7,10,109,-0.8352708683407095,-0.22641509433962265,0.7952691680261011,5.8888568005957165
South Asia,7,11,106,-0.9416069295101553,-0.33,2.3909248554913294,38.541666666666664
South Asia,7,12,100,-0.9522633792402253,-0.4141269695498734,3.018099154407506,19.226562499999993
South Asia,8,9,110,-0.7100992063492064,-0.11138149954999181,0.31280474804405056,2.1832923228346406
South Asia,8,10,109,-0.7912546228897468,-0.2252581755593804,0.8054607508532423,5.8910772225827355
South Asia,8,11,106,-0.9184587813620072,-0.29971535413294637,2.263533893851813,39.708333333333336
South Asia,8,12,100,-0.9549854422774746,-0.40308375834691623,3.005952380952381,17.692187499999967
South Asia,9,10,109,-0.7890260509444711,-0.1935483870967742,0.7372013651877133,5.69946903227895
South Asia,9,11,106,-0.8721624850657108,-0.2753318067450101,2.169172359432475,39.708333333333336
South Asia,9,12,100,-0.9590685368333486,-0.34880504865456446,3.0148809523809526,17.076562499999962
South Asia,10,11,106,-0.8490143369175627,-0.24204057864410938,1.9897803906113156,39.916666666666664
South Asia,10,12,100,-0.9590685368333486,-0.33658210256575327,2.941969203411702,17.099999999999966
South Asia,11,12,100,-0.8979070660522274,-0.3146126831513936,2.763543895095476,16.15468749999996
Sub-Saharan Africa,1,2,43,-0.8850153768801167,-0.30865264872114184,0.25,3.3858333333333306
Sub-Saharan Africa,1,3,45,-1,-0.7692307692307693,0.3181818181818182,1.9337386018237073
Sub-Saharan Africa,1,4,47,-1,-0.8597842835130971,0.48157894736842105,11.640635888501757
Sub-Saharan Africa,1,5,47,-1,-0.8222818060341797,0.45696748954539324,24.415625000000034
Sub-Saharan Africa,1,6,50,-1,-0.8886538831643719,0.3929078014184397,22.36763319831747
Sub-Saharan Africa,1,7,48,-1,-0.9115318252328928,0.4676748057713651,21.473937170805083
Sub-Saharan Africa,1,8,48,-1,-0.9275901629425536,0.9615384615384616,23.827599611273033
Sub-Saharan Africa,1,9,47,-1,-0.889566210045662,0.6484582668793195,16.67682696841115
Sub-Saharan Africa,1,10,43,-1,-0.9631307183621705,0.35285714285714287,39.630208333333215
Sub-Saharan Africa,1,11,45,-1,-0.959119496855346,0.5806451612903226,98.30173913043463
Sub-Saharan Africa,1,12,45,-1,-0.9532710280373832,1.0714285714285714,565.7789473684202
Sub-Saharan Africa,2,3,45,-1,-0.6396396396396397,0.21621621621621623,1.9623100303951362
Sub-Saharan Africa,2,4,47,-1,-0.7422254974207811,0.44680851063829785,4.391644955854686
Sub-Saharan Africa,2,5,47,-1,-0.7220065204505038,0.3838509316770186,9.606473214285726
Sub-Saharan Africa,2,6,50,-1,-0.797413427261925,0.4445352030308424,9.491314846549303
Sub-Saharan Africa,2,7,48,-1,-0.8746067100159627,0.5303030303030303,18.13257618510154
Sub-Saharan Africa,2,8,48,-1,-0.8951537051765275,0.9493405275779375,10.767857142857139
Sub-Saharan Africa,2,9,47,-1,-0.8920370370370371,0.41799574694311536,6.874509803921572
Sub-Saharan Africa,2,10,43,-1,-0.9360982391102872,0.3568840579710145,29.595346320346213
Sub-Saharan Africa,2,11,45,-1,-0.945054945054945,0.6710526315789473,82.67571428571416
Sub-Saharan Africa,2,12,45,-1,-0.92,0.8679245283018868,473.1473684210519
Sub-Saharan Africa,3,4,47,-0.9884210526315789,-0.5307684029272492,0.5281954887218046,1.9434222919937212
Sub-Saharan Africa,3,5,47,-0.9078779206551683,-0.5407801418439716,0.4121212121212121,4.658977272727277
Sub-Saharan Africa,3,6,50,-1,-0.7049418604651163,0.364461936890888,5.196177761919838
Sub-Saharan Africa,3,7,48,-1,-0.7518631436314362,0.6174242424242424,9.63193493150682
Sub-Saharan Africa,3,8,48,-1,-0.7615856596455955,0.7792933810375671,4.505272108843535
Sub-Saharan Africa,3,9,47,-1,-0.6641093174738034,0.6592364349692797,4.116666666666667
Sub-Saharan Africa,3,10,43,-1,-0.8325284090909091,0.7436557610241821,11.63560606060603
Sub-Saharan Africa,3,11,45,-1,-0.8141592920353983,0.41944444444444445,83.73999999999988
Sub-Saharan Africa,3,12,45,-1,-0.725,0.5306122448979592,438.87368421052565
Sub-Saharan Africa,4,5,47,-0.8098009869751639,-0.6018361581920904,0.157323194672233,4.1957954545454585
Sub-Saharan Africa,4,6,50,-0.9758928571428571,-0.5366669274092615,0.24276732774483747,4.421652746299209
Sub-Saharan Africa,4,7,48,-0.9818181818181818,-0.5390160450573686,0.4485497179949272,8.529168058803844
Sub-Saharan Africa,4,8,48,-0.9907894736842106,-0.6957512216076894,0.7096774193548387,3.9082529715182717
Sub-Saharan Africa,4,9,47,-1,-0.5564967553375935,0.6908232875432203,5.060714285714287
Sub-Saharan Africa,4,10,43,-1,-0.7001163843269107,0.38934911242603554,5.6917748917748785
Sub-Saharan Africa,4,11,45,-1,-0.697986577181208,0.4243458475540387,396.5199999999995
Sub-Saharan Africa,4,12,45,-1,-0.6063348416289592,0.6928571428571428,412.84999999999945
Sub-Saharan Africa,5,6,50,-0.9672901459854014,-0.26359395428073373,0.2619325248756219,5.539112903225804
Sub-Saharan Africa,5,7,48,-0.9727272727272728,-0.4624324552791805,0.5286062024429315,7.779907825432629
Sub-Saharan Africa,5,8,48,-0.9899761336515513,-0.5109218787600359,0.8206959706959708,3.6645856694326038
Sub-Saharan Africa,5,9,47,-0.9940819423368741,-0.4383116883116883,0.8076636904761905,6.287815126050422
Sub-Saharan Africa,5,10,43,-1,-0.580387811634349,0.4858828155721589,6.115909090909081
Sub-Saharan Africa,5,11,45,-1,-0.6581196581196581,0.6516666666666666,254.70999999999975
Sub-Saharan Africa,5,12,45,-1,-0.46551724137931033,0.6728110599078341,396.99999999999943
Sub-Saharan Africa,6,7,48,-0.7852206736353079,-0.4020870263682695,0.4459811595342983,3.2932229008985034
Sub-Saharan Africa,6,8,48,-0.9282593696796312,-0.3648573082557293,0.7219815782922578,3.2982507288629725
Sub-Saharan Africa,6,9,47,-0.9447659817351598,-0.38948505934092414,0.7891604010025063,7.617647058823533
Sub-Saharan Africa,6,10,43,-0.9622095897182402,-0.6268191268191268,0.5152423678739468,6.158441558441557
Sub-Saharan Africa,6,11,45,-0.9538705091754975,-0.527756059421423,0.6928571428571428,215.67999999999984
Sub-Saharan Africa,6,12,45,-0.947052836124734,-0.4777887462981244,0.7142857142857143,375.39999999999947
Sub-Saharan Africa,7,8,48,-0.7960976341505228,-0.3079891504790611,0.5923179761415055,3.014652014652011
Sub-Saharan Africa,7,9,47,-0.8536590909090909,-0.41281652137816516,0.6610914511814534,7.472058823529417
Sub-Saharan Africa,7,10,43,-0.9667984840995222,-0.48971589648150815,0.6571014334172229,5.086363636363636
Sub-Saharan Africa,7,11,45,-0.9591884207805634,-0.4745895230648944,0.7283333333333334,243.2099999999998
Sub-Saharan Africa,7,12,45,-0.9502683445914685,-0.3888888888888889,0.7511520737327189,313.0249999999996
Sub-Saharan Africa,8,9,47,-0.8312960907917688,-0.37415824915824913,0.5041612972508591,6.563235294117651
Sub-Saharan Africa,8,10,43,-0.966802603394299,-0.5002399493924918,0.5705241550677926,5.039706959706957
Sub-Saharan Africa,8,11,45,-0.959610201119635,-0.4407894736842105,1.3770491803278688,239.87999999999977
Sub-Saharan Africa,8,12,45,-0.9546668284986041,-0.3535714285714286,0.8502304147465438,275.1999999999996
Sub-Saharan Africa,9,10,43,-0.7969377162629758,-0.4419322470169928,0.47496083691953117,4.920146103896101
Sub-Saharan Africa,9,11,45,-0.9607091022185361,-0.4323690383111806,1.5573770491803278,244.08999999999972
Sub-Saharan Africa,9,12,45,-0.9559655297973054,-0.41836734693877553,0.836405529953917,271.74999999999966
Sub-Saharan Africa,10,11,45,-0.8671677379224549,-0.41360437842064113,1.4,220.47999999999973
Sub-Saharan Africa,10,12,45,-0.8676963223692196,-0.39862542955326463,0.7741935483870968,219.94999999999973
Sub-Saharan Africa,11,12,45,-0.7979220779220779,-0.3608247422680412,0.7004608294930875,188.39999999999978
