model,window_type,stratum_axis,lead_time,stratum_value,n_obs,n_seasons,thin_evidence,crps,crps_log,dispersion,dispersion_log,overprediction,overprediction_log,underprediction,underprediction_log,bias,coverage_50,coverage_90,uMAE,uRMSE
glm_ar1,expanding,seasonality_signal,1,moderate,496,260,FALSE,1143.0404032258064,0.5848312116070515,357.7158064516128,0.2308670499815828,114.77258064516136,0.3009615616337772,670.552016129032,0.05300259999169153,0.321975806451613,0.5241935483870968,0.8346774193548387,1.282317067403091,3.043323271290858
glm_ar1,expanding,seasonality_signal,1,strong,444,237,FALSE,7232.991081081082,0.7404999032627544,547.6343243243242,0.23808282895194285,93.70360360360353,0.378311943128181,6591.65315315316,0.12410513118263049,0.34256756756756745,0.42567567567567566,0.8130630630630631,2.454785381044704,6.868575458192876
glm_ar1,expanding,seasonality_signal,1,weak,593,311,FALSE,659.9431028667792,0.5057224255364348,289.16569983136594,0.2373393945313503,206.3919055649238,0.23423577788467886,164.38549747048916,0.03414725312040558,0.39207419898819534,0.657672849915683,0.8397976391231029,0.9434657977142169,1.9095585911886108
glm_ar1,expanding,seasonality_signal,2,moderate,493,261,FALSE,1935.5477890466532,0.8768514551384534,282.9161460446247,0.2357031945338092,189.60446247464512,0.5485063824086439,1463.0271805273844,0.09264187819600045,0.4016227180527384,0.3630831643002028,0.7403651115618661,2.8237728017483805,6.678316550693957
glm_ar1,expanding,seasonality_signal,2,strong,438,237,FALSE,15979.910958904107,1.1240386343263562,315.51232876712334,0.24402058721296294,120.59406392694066,0.6467713169700116,15543.804566210021,0.233246730143382,0.37328767123287676,0.2922374429223744,0.6940639269406392,6.459036332179078,17.92896672952974
glm_ar1,expanding,seasonality_signal,2,weak,590,311,FALSE,889.2262711864406,0.7552125666672074,254.35033898305085,0.23997865058382087,297.88305084745684,0.4639899577542201,336.9928813559325,0.05124395832916644,0.43932203389830476,0.42542372881355933,0.8067796610169492,2.1204177891720275,4.279255100177718
glm_ar1,expanding,seasonality_signal,3,moderate,477,261,FALSE,2332.5797484276727,1.126256687781689,260.04851153039834,0.2374050241334883,295.9056603773584,0.7743929512386903,1776.625576519915,0.1144587124095104,0.4532494758909854,0.29350104821802936,0.6289308176100629,6.356167496516432,16.789755155967544
glm_ar1,expanding,seasonality_signal,3,strong,428,238,FALSE,15218.362897196259,1.473472200109122,251.85168224299062,0.24496187242162445,129.6523364485981,0.9344673101177349,14836.858878504654,0.2940430175697627,0.3735981308411215,0.24299065420560748,0.5350467289719626,13.32981182975726,41.67993459597292
glm_ar1,expanding,seasonality_signal,3,weak,582,310,FALSE,950.7953264604811,0.9390910548232425,246.21972508591065,0.24009725213928373,326.8058419243984,0.6413584833465628,377.7697594501712,0.057635319337396095,0.4778350515463916,0.3470790378006873,0.7474226804123711,3.7989318343908463,7.786725267443021
glm_ar1,expanding,seasonality_signal,4,moderate,473,263,FALSE,2071.346131078224,1.3413295055426313,257.17446088794924,0.237768510685412,380.16532769556017,0.9771122855911601,1434.0063424947143,0.12644870926605942,0.42642706131078234,0.2346723044397463,0.5644820295983086,7.201046062503707,15.801620650437334
glm_ar1,expanding,seasonality_signal,4,strong,420,238,FALSE,11300.296714285714,1.5994416444626243,239.38433333333336,0.2446841688798144,198.09380952380968,1.1107922442598077,10862.818571428586,0.24396523132300185,0.41928571428571415,0.24285714285714285,0.5095238095238095,19.188329228270344,57.889717472349375
glm_ar1,expanding,seasonality_signal,4,weak,580,309,FALSE,1134.3865172413794,1.159373013122494,252.94272413793098,0.2399096920121034,401.04551724137974,0.8483314679497557,480.3982758620686,0.07113185316063506,0.4999999999999998,0.28448275862068967,0.6896551724137931,5.951009232168465,13.609560811786903
glm_ar1,expanding,seasonality_signal,5,moderate,473,263,FALSE,1930.1646088794928,1.4969355393732569,264.3967441860465,0.23764849106519811,477.30274841437614,1.129245679910996,1188.4651162790708,0.1300413683970628,0.44038054968287554,0.21775898520084566,0.5348837209302325,11.286772556660695,26.99621125635793
glm_ar1,expanding,seasonality_signal,5,strong,417,238,FALSE,5901.585275779377,1.8602543411976695,247.59630695443644,0.244212753074374,382.0700239808155,1.4197599294255723,5271.918944844131,0.19628165869772307,0.5505995203836931,0.18225419664268586,0.4892086330935252,31.435484061363393,89.24043097497348
glm_ar1,expanding,seasonality_signal,5,weak,579,310,FALSE,1383.261658031088,1.3780024579906636,266.08065630397243,0.23978088282767002,471.01485319516337,1.0507866670477723,646.1661485319526,0.08743490811522134,0.5196891191709846,0.25215889464594127,0.5958549222797928,10.705143292909902,28.15922382076509
glm_ar1,expanding,seasonality_signal,6,moderate,469,262,FALSE,2872.5855437100213,1.7090216159383564,278.135223880597,0.237664317878953,511.85756929637427,1.275909682588096,2082.5927505330496,0.19544761547130748,0.4076759061833689,0.19189765458422176,0.4904051172707889,14.614752454708206,31.003471004461858
glm_ar1,expanding,seasonality_signal,6,strong,417,238,FALSE,7810.102494004795,2.0082972069454503,263.7893045563549,0.24389702888999681,439.6249400479613,1.5312854809111005,7106.688249400486,0.2331146971443528,0.5285371702637889,0.17026378896882494,0.4724220623501199,34.591831769145905,112.56784092525332
glm_ar1,expanding,seasonality_signal,6,weak,579,310,FALSE,1674.275025906736,1.4199557860434284,282.38590673575135,0.24011729395773165,457.29568221070843,1.062091859985133,934.5934369602759,0.11774663210056352,0.4576856649395512,0.24179620034542315,0.5561312607944733,13.15377162817102,32.04873481722453
nowcast,expanding,seasonality_signal,1,moderate,453,237,FALSE,1056.430110375276,0.6912158789317401,340.8053863134658,0.15918426512651218,296.4935982339955,0.3353166771038488,419.13112582781457,0.196714936701379,0.032671081677704286,0.4105960264900662,0.7218543046357616,0.9711708262933021,2.357073835072081
nowcast,expanding,seasonality_signal,1,strong,393,208,FALSE,4242.401679389315,0.760073695161442,1346.0225445292622,0.18774878647920673,890.3175572519078,0.3526578502004076,2006.0615776081404,0.2196670584818278,2.3699766992270208e-17,0.3816793893129771,0.7506361323155216,1.010519340304293,1.858697178170129
nowcast,expanding,seasonality_signal,1,weak,564,296,FALSE,685.312730496454,0.5666529603729913,198.66875886524824,0.13488592806238117,236.6897163120567,0.26607337715003515,249.95425531914887,0.16569365516057483,0.10460992907801428,0.38120567375886527,0.7429078014184397,0.7921217132234021,2.2304856962572766
nowcast,expanding,seasonality_signal,2,moderate,454,239,FALSE,1246.2423788546257,0.7756393855008417,347.15955947136564,0.14935952235710306,322.0074889867841,0.3846412177321836,577.0753303964758,0.24163864541155494,0.036343612334801774,0.3568281938325991,0.6541850220264317,1.0771600161933306,2.870078000979195
nowcast,expanding,seasonality_signal,2,strong,392,208,FALSE,8347.834387755101,0.8235705181004537,3333.6894897959182,0.1649938293874731,1963.860714285716,0.37647649294271746,3050.2841836734765,0.282100195770263,-0.014030612244897812,0.3520408163265306,0.6683673469387755,1.0298273039432013,2.0226845091768295
nowcast,expanding,seasonality_signal,2,weak,564,296,FALSE,845.4048581560285,0.6615644116730878,175.20982269503548,0.1414946721430401,270.277304964539,0.3105038871088274,399.9177304964537,0.20956585242122047,0.03794326241134757,0.3617021276595745,0.6400709219858156,0.9029187449438872,2.525655654744127
nowcast,expanding,seasonality_signal,3,moderate,451,241,FALSE,1198.4408425720621,0.7994373239813005,372.03507760532153,0.13871079641365766,322.7787139689578,0.3869338236239018,503.62705099778276,0.2737927039437411,0.045232815964523436,0.3259423503325942,0.6319290465631929,1.0584380157116358,3.4323834925932317
nowcast,expanding,seasonality_signal,3,strong,394,212,FALSE,10336.785380710662,0.9309243027266942,4786.974213197968,0.1530566680826483,3009.7299492385773,0.4670642522476288,2540.0812182741133,0.310803382396417,0.03350253807106614,0.30710659898477155,0.5964467005076142,1.2347598485847564,2.399267323151192
nowcast,expanding,seasonality_signal,3,weak,559,296,FALSE,942.9119499105547,0.7568801656202369,266.4869051878354,0.15037678142207286,335.8490161001789,0.3979384352563919,340.57602862254004,0.2085649489417719,0.10966010733452597,0.3184257602862254,0.6207513416815742,1.1999423954311805,3.531198256143276
nowcast,expanding,seasonality_signal,4,moderate,451,243,FALSE,1396.7725942350332,0.858492982856387,435.18767184035477,0.15177417050593067,385.6270509977825,0.4443690882588843,575.9578713968958,0.2623497240915721,0.10354767184035477,0.3170731707317073,0.614190687361419,0.9287579448424448,1.6374747475145461
nowcast,expanding,seasonality_signal,4,strong,393,214,FALSE,7627.691857506363,0.9809698004225835,2818.3890585241725,0.15826780142818536,2284.898727735368,0.48762963546600563,2524.404071246819,0.33507236352839237,0.04427480916030541,0.2748091603053435,0.6132315521628499,1.62755973508226,4.84532225598301
nowcast,expanding,seasonality_signal,4,weak,558,295,FALSE,1009.9926164874553,0.8225692027878215,281.5134050179211,0.13993452415460536,412.5630824372761,0.4835463793554739,315.91612903225797,0.19908829927774246,0.14372759856630848,0.2992831541218638,0.5913978494623656,1.1720976912467154,3.154368769440473
nowcast,expanding,seasonality_signal,5,moderate,451,243,FALSE,1488.3730820399114,0.844587910328407,371.0316186252772,0.14117702472915042,440.10864745011094,0.4518367148895403,677.2328159645233,0.2515741707097162,0.10066518847006642,0.28824833702882485,0.5920177383592018,0.958913474127294,1.759757833521261
nowcast,expanding,seasonality_signal,5,strong,391,214,FALSE,3728.7215856777498,1.0705096203573135,1284.6453708439897,0.17891492491264835,909.3401534526857,0.5331236076493481,1534.7360613810743,0.35847108779531706,0.057289002557544905,0.27365728900255754,0.5856777493606138,1.435821681369125,3.108395212579852
nowcast,expanding,seasonality_signal,5,weak,558,296,FALSE,1163.9620788530465,0.8492917655189107,285.9663799283154,0.14148585697585736,421.86630824372776,0.5007832732024041,456.1293906810038,0.20702263534064907,0.1985663082437278,0.2831541218637993,0.5806451612903226,1.2810867828994121,3.71939341545266
nowcast,expanding,seasonality_signal,6,moderate,453,246,FALSE,2869.792759381899,1.0233321556203443,1044.0656070640177,0.19360393353757344,557.8768211920528,0.5315832413508021,1267.8503311258285,0.2981449807319689,0.13995584988962484,0.3333333333333333,0.6203090507726269,1.3077960342838117,3.262612075101616
nowcast,expanding,seasonality_signal,6,strong,397,219,FALSE,4698.814559193954,1.087198434627936,1219.7611586901764,0.21549631536468714,809.0483627204031,0.5156753732917616,2670.0050377833763,0.3560267459714873,0.08136020151133495,0.3022670025188917,0.6246851385390428,1.5384461861828356,2.9381677878888453
nowcast,expanding,seasonality_signal,6,weak,563,299,FALSE,1407.6161278863233,0.8921443964160028,396.73655417406746,0.16879643686863618,509.1211367673181,0.48066879415142566,501.7584369449372,0.24267916539594098,0.16287744227353462,0.31261101243339257,0.5932504440497336,1.2263327078996655,2.7689990449817308
glm_ar1,expanding,endemicity,1,emerging,614,327,FALSE,265.44078175895766,0.7147196402215588,68.59355048859935,0.23594150342318862,26.769381107491856,0.4190496563512413,170.07785016286638,0.05972848044712871,0.5089576547231272,0.44788273615635177,0.8615635179153095,2.4969473285221064,6.37183127845046
glm_ar1,expanding,endemicity,1,endemic,919,481,FALSE,4359.914798694234,0.5222130329192919,598.4064200217626,0.23513929347201373,222.5088139281821,0.2163795044670492,3538.999564744281,0.0706942349802289,0.2522306855277467,0.6137105549510338,0.809575625680087,0.8186110260584757,1.737500027109728
glm_ar1,expanding,endemicity,2,emerging,605,328,FALSE,432.0094545454547,1.1520345867130963,80.5449917355372,0.2449413588612295,57.540826446280995,0.832063401820805,293.92363636363643,0.07502982603106172,0.6320661157024793,0.24297520661157024,0.7553719008264462,6.701616664516653,16.386592305483788
glm_ar1,expanding,endemicity,2,endemic,916,481,FALSE,8970.200698689958,0.7349467015179374,413.765327510917,0.2363325041897993,313.5742358078602,0.3537720527660797,8242.861135371186,0.1448421445620582,0.2601528384279471,0.44868995633187775,0.7510917030567685,1.5477579894490279,3.4859608994737967
glm_ar1,expanding,endemicity,3,emerging,578,329,FALSE,737.7526643598617,1.5637883515156834,102.8298269896194,0.24713830591577132,101.07854671280278,1.2144728019680398,533.844290657441,0.10217724363187229,0.6717993079584774,0.18339100346020762,0.5657439446366782,14.856602183871923,38.92801676645787
glm_ar1,expanding,endemicity,3,endemic,909,480,FALSE,8529.198789878987,0.891696224917087,347.3046204620463,0.23649784140140417,361.2935093509351,0.4847555602215827,7820.600660065965,0.17044282329410046,0.2925192519251928,0.37403740374037403,0.7007700770077008,2.597264713214462,6.413162290552887
glm_ar1,expanding,endemicity,4,emerging,565,330,FALSE,686.3703362831859,1.9063674901785652,131.78626548672565,0.24743546136360925,152.1221238938053,1.5810963899946855,402.46194690265435,0.07783563882027054,0.7385840707964603,0.16460176991150444,0.4690265486725664,21.724421403800953,53.14873360457515
glm_ar1,expanding,endemicity,4,endemic,908,480,FALSE,6603.542158590307,0.9928998485199604,324.26484581497806,0.23631987024262416,451.1839207048457,0.5808586395788536,5828.093392070509,0.17572133869848267,0.27588105726872336,0.31387665198237885,0.6784140969162996,2.910220622189392,6.3868168726297565
glm_ar1,expanding,endemicity,5,emerging,562,331,FALSE,547.8611032028471,2.259527527436507,165.25362989323844,0.24708205324478955,229.13523131672596,1.953571622728218,153.47224199288266,0.05887385146349948,0.7980427046263346,0.12277580071174377,0.3932384341637011,38.179628735045384,85.18674489456079
glm_ar1,expanding,endemicity,5,endemic,907,480,FALSE,4263.4393384785,1.1155297940024873,319.17914002205083,0.23618243830154564,583.2756339581026,0.701952949741749,3360.984564498358,0.17739440595919254,0.3200661521499441,0.2822491730981257,0.6405733186328556,3.515509250703825,7.156289257233164
glm_ar1,expanding,endemicity,6,emerging,559,330,FALSE,686.4080500894455,2.3783578407513057,200.34364937388193,0.24707849988923078,287.7474060822898,2.06302691927415,198.31699463327345,0.06825242158792517,0.7744186046511627,0.11806797853309481,0.39177101967799643,43.03580379796213,105.05508410342381
glm_ar1,expanding,endemicity,6,endemic,906,480,FALSE,5728.210264900662,1.2490545698791469,322.24602649006624,0.2362921168827862,582.0178807947005,0.7711554367890601,4823.946357615903,0.24160701620730093,0.2689845474613681,0.25938189845474613,0.5849889624724062,5.340101764505713,13.292994430235956
nowcast,expanding,endemicity,1,emerging,510,270,FALSE,338.8408627450981,0.8610445290058389,150.79145098039214,0.19695659367826499,72.89529411764715,0.40268726943289856,115.15411764705897,0.26140066589467537,0.019607843137254954,0.40588235294117647,0.7215686274509804,1.2656172851378278,3.0687822847676824
nowcast,expanding,endemicity,1,endemic,900,471,FALSE,2621.70471111111,0.546988128013238,798.3524888888887,0.13502616204434012,645.0253333333333,0.26131985239849487,1178.326888888886,0.150642113570403,0.07088888888888897,0.38222222222222224,0.7477777777777778,0.7092959065423993,1.444355193970314
nowcast,expanding,endemicity,2,emerging,510,272,FALSE,543.9078431372551,0.943825147684623,268.5094117647058,0.20981694647415364,127.51725490196073,0.4173075893425623,147.88117647058803,0.3167006118679072,0.01509803921568614,0.4,0.6980392156862745,1.4317554170350162,3.7191765495095486
nowcast,expanding,endemicity,2,endemic,900,471,FALSE,4486.178288888889,0.6297238077524708,1584.7725111111113,0.11698128517430055,1114.9193333333349,0.3161146887206983,1786.4864444444486,0.19662783385747196,0.02744444444444443,0.3333333333333333,0.6266666666666667,0.7464153999533343,1.447905472548162
nowcast,expanding,endemicity,3,emerging,509,278,FALSE,1307.2187426326132,1.0221464154485762,648.6643222003929,0.19668917355898144,372.19842829076663,0.47755141551835734,286.35599214145356,0.34790582637123757,0.052652259332023485,0.3693516699410609,0.6345776031434185,1.459000156026438,3.980105097429586
nowcast,expanding,endemicity,3,endemic,895,471,FALSE,4999.892402234637,0.7040825648137108,2092.3482681564237,0.11933936076038011,1485.6954189944156,0.3775467984909774,1421.8487150838005,0.20719640556235336,0.07608938547486065,0.288268156424581,0.6078212290502794,0.9966342402870552,2.6925481012579375
nowcast,expanding,endemicity,4,emerging,507,281,FALSE,966.9221301775153,1.1220367283567516,446.41562130177533,0.19363318653533557,275.09546351084765,0.5754295713612795,245.41104536489195,0.35297397046013657,0.11143984220907294,0.28205128205128205,0.6094674556213018,1.5834434535225896,4.210165904380299
nowcast,expanding,endemicity,4,endemic,895,471,FALSE,4135.166145251396,0.7405837549866338,1379.4953072625694,0.12353166007185054,1299.0165363128451,0.4135474777017683,1456.6543016759779,0.2035046172130147,0.09810055865921778,0.30726256983240224,0.6022346368715084,1.0164530612189777,2.796864298489023
nowcast,expanding,endemicity,5,emerging,505,282,FALSE,492.2630495049505,1.119637921848536,233.10384158415843,0.20090111539871833,138.76554455445554,0.5767613175172368,120.39366336633663,0.3419754889325809,0.1257425742574257,0.297029702970297,0.5861386138613861,1.3748900808595328,2.6123911771978308
nowcast,expanding,endemicity,5,endemic,895,471,FALSE,2826.909944134078,0.7910235349093436,794.9535195530729,0.12415711587694749,803.7606703910625,0.4473768604545415,1228.195754189943,0.2194895585778544,0.12860335195530764,0.2737430167597765,0.5854748603351956,1.1334113835425088,3.248964562507941
nowcast,expanding,endemicity,6,emerging,516,291,FALSE,459.7844186046512,1.222083458074659,175.65108527131784,0.22949163983223714,111.2038759689922,0.6220077388401528,172.92945736434086,0.3705840794022689,0.15290697674418607,0.3023255813953488,0.6085271317829457,1.576100460223097,3.4323466262109688
nowcast,expanding,endemicity,6,endemic,897,473,FALSE,4147.920423634338,0.8549269519052309,1215.087647714604,0.16707840233657678,895.3895206243034,0.44056953109752106,2037.4432552954256,0.24727901847113323,0.12095875139353403,0.32441471571906355,0.6120401337792643,1.2044060384810993,2.689211658491503
glm_ar1,expanding,size_class,1,continental,78,41,FALSE,37261.52051282051,0.6340935103858947,2353.1384615384613,0.22812421980946296,320.0487179487181,0.23053184506310687,34588.33333333333,0.17543744551332482,0.16410256410256407,0.4230769230769231,0.7435897435897436,1.3537215201962554,2.5284150143495
glm_ar1,expanding,size_class,1,large,186,97,FALSE,2401.6121505376345,0.5501921704762022,672.251935483871,0.23617141854182314,193.28064516129047,0.17471866407485684,1536.0795698924733,0.13930208785952206,-0.0016129032258063159,0.5,0.7795698924731183,0.9365966225018139,2.3428122191858227
glm_ar1,expanding,size_class,1,medium,473,251,FALSE,1378.0828329809726,0.5078058214509548,464.9344186046512,0.2390830483231297,162.94630021141649,0.20284203741599968,750.2021141649054,0.06588073571182526,0.24038054968287528,0.6131078224101479,0.8266384778012685,1.0019163749972513,2.493181557047556
glm_ar1,expanding,size_class,1,small,158,82,FALSE,672.2787341772151,0.5625969527136795,209.49772151898736,0.2372160787745177,415.5367088607594,0.28082532541468036,47.24430379746831,0.04455554852448142,0.4696202531645571,0.6582278481012658,0.8481012658227848,1.764286906434039,8.075094466423423
glm_ar1,expanding,size_class,1,very_small,638,337,FALSE,91.83489028213167,0.6863230826882915,47.733009404388696,0.23302993496157842,27.084012539184958,0.4159175753271902,17.017868338558024,0.03737557239952276,0.5390282131661442,0.5,0.85423197492163,1.963899946252961,4.503653419287713
glm_ar1,expanding,size_class,2,continental,76,41,FALSE,81129.69157894736,1.0557021646501943,1064.6968421052632,0.23149058673517106,304.4421052631578,0.4154240074820368,79760.55263157898,0.40878757043298625,0.17368421052631575,0.2236842105263158,0.5789473684210527,2.928993856311102,5.5402816338962895
glm_ar1,expanding,size_class,2,large,186,97,FALSE,5951.809677419354,0.7907115340493928,514.9505376344085,0.23735393742757982,255.09032258064485,0.2784869528229651,5181.768817204301,0.27487064379884796,-0.10591397849462374,0.3548387096774194,0.6935483870967742,1.3973533332188646,2.8217323816108615
glm_ar1,expanding,size_class,2,medium,470,251,FALSE,2064.1299574468085,0.7381662532992689,375.20782978723406,0.2416531313948895,274.4476595744679,0.35181697624935004,1414.4744680851074,0.14469614565502945,0.25510638297872323,0.4595744680851064,0.7680851063829788,1.9324364228925284,5.368839728979089
glm_ar1,expanding,size_class,2,small,154,82,FALSE,855.6684415584417,0.8056235995161873,209.20350649350647,0.23871601530873748,556.4584415584419,0.5186483245389502,90.00649350649341,0.048259259668499685,0.5383116883116882,0.5324675324675324,0.7857142857142857,1.9776895046646128,5.236246178249604
glm_ar1,expanding,size_class,2,very_small,635,338,FALSE,162.61792125984252,1.0580822367387446,66.89130708661418,0.24029880453913938,57.91622047244095,0.785601480040027,37.81039370078749,0.032181952159578295,0.6683464566929135,0.27874015748031494,0.7716535433070866,5.947880070601092,15.47170871045609
glm_ar1,expanding,size_class,3,continental,76,41,FALSE,75250.70105263157,1.3551360708840114,619.53,0.23165890565865582,159.3368421052632,0.5965834205455196,74471.83421052634,0.5268937446798361,0.1789473684210526,0.11842105263157894,0.47368421052631576,4.5228994753299725,7.3823750548031315
glm_ar1,expanding,size_class,3,large,184,97,FALSE,6211.40347826087,0.9289144884475963,435.3480434782609,0.23706024863414366,303.3152173913046,0.3070263776575921,5472.740217391303,0.38482786215586035,-0.12663043478260877,0.31521739130434784,0.6032608695652174,1.6886485102119855,3.5409626820819726
glm_ar1,expanding,size_class,3,medium,461,247,FALSE,2220.966203904555,0.8686764242488659,340.0455965292842,0.24118204204297433,360.14793926247256,0.4609987977474414,1520.7726681127995,0.16649558445845025,0.24446854663774395,0.42516268980477223,0.7180043383947939,3.137666091122806,10.47596851838815
glm_ar1,expanding,size_class,3,small,152,83,FALSE,952.8494736842107,0.9688789266472185,219.02052631578948,0.23869686775221605,575.1368421052631,0.6655648550479168,158.6921052631579,0.06461720384708565,0.5999999999999999,0.375,0.7368421052631579,2.9737558014727323,6.333939007901757
glm_ar1,expanding,size_class,3,very_small,614,341,FALSE,242.36592833876225,1.4540415308388437,94.29166123778502,0.24288350292231922,106.62964169381107,1.1841833657974514,41.444625407165994,0.02697466211907329,0.7491856677524429,0.20521172638436483,0.6091205211726385,13.672806271586916,37.210154474274425
glm_ar1,expanding,size_class,4,continental,76,41,FALSE,56594.6294736842,1.5227431880861642,446.23210526315785,0.23142895523449122,303.2578947368421,0.7656184275303276,55845.13947368421,0.5256958053213454,0.3671052631578949,0.11842105263157894,0.4868421052631579,6.143024925311782,9.336580096919775
glm_ar1,expanding,size_class,4,large,181,98,FALSE,4113.251933701657,0.889697741196892,400.49060773480664,0.23763885337722984,358.3999999999994,0.3149547001472546,3354.361325966851,0.3371041876724077,-0.18508287292817652,0.2541436464088398,0.6022099447513812,1.469104893985215,2.7942243072022626
glm_ar1,expanding,size_class,4,medium,459,248,FALSE,2145.680392156863,0.9661847146077888,328.26993464052293,0.2410061131348643,463.28235294117525,0.5436384500810159,1354.1281045751625,0.18154015139190846,0.19368191721132894,0.3790849673202614,0.673202614379085,5.37658212613676,21.165421274626038
glm_ar1,expanding,size_class,4,small,151,83,FALSE,1023.746225165563,1.1863564576273304,234.9051655629139,0.23821530099247704,633.7801324503312,0.8899396556735253,155.06092715231784,0.05820150096132806,0.5834437086092716,0.33774834437086093,0.7086092715231788,4.059319034100002,8.881577249370189
glm_ar1,expanding,size_class,4,very_small,606,340,FALSE,327.84174917491754,1.7809708116322205,125.97805280528053,0.24288106998824305,163.95808580858085,1.5208487908774746,37.90561056105605,0.017240950766502675,0.819141914191419,0.1617161716171617,0.5264026402640264,18.322099286987815,48.192986174719294
glm_ar1,expanding,size_class,5,continental,76,41,FALSE,28508.858157894738,1.735461859444579,373.9344736842105,0.23104539700908866,882.1973684210526,0.9878553288025783,27252.72631578947,0.5165611336329118,0.43026315789473685,0.05263157894736842,0.4868421052631579,8.16382583888819,11.178379875780042
glm_ar1,expanding,size_class,5,large,181,98,FALSE,3168.7965745856354,0.921268216793755,380.226408839779,0.23758881281765237,578.4530386740339,0.42345536109492776,2210.117127071824,0.26022404288117496,-0.05082872928176768,0.2265193370165746,0.6408839779005525,2.3185729044348222,6.253673197261695
glm_ar1,expanding,size_class,5,medium,459,248,FALSE,2192.004008714597,1.1389801721292263,327.02013071895425,0.24094604450982499,537.2993464052289,0.6983590223200757,1327.6845315904147,0.19967510529932556,0.23224400871459652,0.3137254901960784,0.6405228758169934,11.486812223106249,56.496509354816546
glm_ar1,expanding,size_class,5,small,151,83,FALSE,1239.859867549669,1.3532478614619847,253.5260927152318,0.23810300972995385,669.9165562913904,1.0370834784084686,316.4172185430464,0.0780613733235621,0.5602649006622517,0.304635761589404,0.6357615894039735,4.655447038517725,9.94347067808838
glm_ar1,expanding,size_class,5,very_small,602,341,FALSE,400.76966777408643,2.0861511942425923,160.70322259136213,0.2424697197195267,229.70132890365448,1.8367271686997566,10.365116279069778,0.006954305823308928,0.8705980066445181,0.14950166112956811,0.43023255813953487,29.2856918053218,66.07398144744565
glm_ar1,expanding,size_class,6,continental,76,41,FALSE,37391.84289473684,2.0875120231016364,344.55078947368423,0.2307504182961766,888.8631578947368,1.1994778638213843,36158.428947368426,0.6572837409840756,0.36315789473684207,0.05263157894736842,0.39473684210526316,14.65728805152911,24.95326851861949
glm_ar1,expanding,size_class,6,large,181,98,FALSE,4129.9572375690605,1.1062678917141462,370.4865193370166,0.2374982290185223,633.9116022099441,0.5385487122510723,3125.5591160221006,0.3302209504445517,-0.001104972375690664,0.23756906077348067,0.5469613259668509,2.2085175074903516,4.001813075234618
glm_ar1,expanding,size_class,6,medium,458,248,FALSE,3187.552270742358,1.230361443160668,331.9924454148472,0.24133229793922287,530.9205240174679,0.7238641941338028,2324.6393013100433,0.26516495108764215,0.16353711790392975,0.28820960698689957,0.6004366812227074,16.196008531542976,88.04075422697174
glm_ar1,expanding,size_class,6,small,152,83,FALSE,1492.1248684210527,1.463847906965519,273.24065789473684,0.23816882689032576,616.1210526315792,1.1217654770716532,602.763157894737,0.10391360300354004,0.4947368421052631,0.23026315789473684,0.5921052631578947,5.710657316979534,11.214843112788841
glm_ar1,expanding,size_class,6,very_small,598,340,FALSE,497.4186622073579,2.2010863684082898,195.84943143812706,0.24237704673499794,282.70133779264216,1.9418446247643741,18.867892976588625,0.016864696908917714,0.8346153846153845,0.1454849498327759,0.42642140468227424,31.932540370072704,67.3204291856825
nowcast,expanding,size_class,1,continental,78,41,FALSE,17838.36487179487,0.7240828781631462,5064.505897435898,0.14239224838665426,3917.37435897436,0.31313329851915794,8856.48461538462,0.26855733125733405,0.025641025641025713,0.4230769230769231,0.717948717948718,0.7062477916660169,1.2459094275849298
nowcast,expanding,size_class,1,large,175,91,FALSE,2212.0730285714285,0.5599530483248788,796.5713142857145,0.13873680643276942,666.0365714285715,0.30168236903083134,749.4651428571431,0.11953387286127803,0.1445714285714286,0.36,0.7142857142857143,0.7640256186008964,1.3670581271270472
nowcast,expanding,size_class,1,medium,430,226,FALSE,1402.8602790697676,0.48163292949073205,485.77330232558137,0.13958129928673044,351.4381395348837,0.1767174561191005,565.648837209302,0.16533417408490106,-0.024418604651162645,0.3883720930232558,0.7697674418604651,0.726412546751323,1.422750696193403
nowcast,expanding,size_class,1,small,148,77,FALSE,369.285,0.5880009076706116,133.63635135135135,0.1552962114111993,93.28513513513515,0.25810587262358076,142.3635135135135,0.17459882363583154,0.09932432432432435,0.39864864864864863,0.777027027027027,0.7231860759021428,1.7643274601198544
nowcast,expanding,size_class,1,very_small,579,306,FALSE,165.72321243523317,0.8338954801987005,55.83547495682211,0.17889822821032117,52.95889464594129,0.4303132770725916,56.928842832469755,0.2246839749157874,0.07305699481865291,0.3955094991364421,0.7150259067357513,1.1669264006334361,2.9094536215003
nowcast,expanding,size_class,2,continental,78,41,FALSE,32863.490512820514,0.7375539572391121,10900.149487179488,0.16084540490321655,8801.600000000002,0.3277694912335066,13161.741025641024,0.24893906110238884,-0.01025641025641028,0.4358974358974359,0.7307692307692307,0.7238412772215163,1.2353787029019074
nowcast,expanding,size_class,2,large,175,91,FALSE,4533.754285714286,0.7201474239868344,2093.2240000000006,0.12204283286137312,740.7074285714286,0.39644634883997976,1699.8228571428572,0.2016582422854816,0.06457142857142857,0.3142857142857143,0.6,0.7999993042014233,1.5205112859867218
nowcast,expanding,size_class,2,medium,429,227,FALSE,1804.784102564103,0.5861361064671728,682.2708158508159,0.11834815444809949,445.9496503496505,0.2053905210616357,676.5636363636362,0.26239743095743767,-0.07972027972027987,0.3333333333333333,0.6410256410256411,0.7749589403073609,1.5710874518867046
nowcast,expanding,size_class,2,small,148,77,FALSE,509.1733783783784,0.7462568150661321,127.65851351351351,0.1537733174258808,152.91486486486485,0.41702991805461764,228.59999999999994,0.17545357958563357,0.16486486486486493,0.3310810810810811,0.6756756756756757,0.8474712346119758,1.6201124884825
nowcast,expanding,size_class,2,very_small,580,307,FALSE,187.21406896551727,0.866635941603155,60.55441379310345,0.18078715997971143,66.15310344827584,0.43543620283206913,60.50655172413794,0.2504125787913744,0.05465517241379334,0.38448275862068965,0.6603448275862069,1.2890112011601753,3.4666494537441093
nowcast,expanding,size_class,3,continental,78,41,FALSE,32522.95564102564,0.7794864282213643,10861.240256410256,0.13956858618136345,11942.235897435898,0.310513271885705,9719.479487179487,0.329404570154296,-0.09871794871794873,0.3076923076923077,0.6282051282051282,0.8363027285390213,1.3772509756252265
nowcast,expanding,size_class,3,large,173,91,FALSE,7579.309132947979,0.7404636404880769,4865.6825433526,0.1299359653538232,1140.4612716763008,0.38690448975116515,1573.165317919075,0.22362318538308854,0.09768786127167627,0.28901734104046245,0.5953757225433526,1.1110796453956855,2.1635895030740433
nowcast,expanding,size_class,3,medium,425,227,FALSE,2485.191058823529,0.6382359529836376,993.2150588235291,0.11552589151050122,766.4367058823524,0.24673933222582373,725.5392941176475,0.2759707292473127,-0.060941176470588075,0.2847058823529412,0.6164705882352941,0.8452454514329668,1.5491171050026138
nowcast,expanding,size_class,3,small,147,78,FALSE,745.428843537415,0.9257808335659187,250.56489795918367,0.18505327208196698,171.2421768707483,0.5520967590206376,323.62176870748294,0.188630802463314,0.21224489795918372,0.3333333333333333,0.6326530612244898,2.0825130970420833,5.953964049956958
nowcast,expanding,size_class,3,very_small,581,312,FALSE,217.6984165232358,0.9538488936551751,94.54833046471599,0.16739571532821312,67.88984509466437,0.5228934654771482,55.26024096385541,0.26355971284981344,0.13838209982788308,0.3476764199655766,0.6196213425129088,1.2251490376431617,3.5599088872407454
nowcast,expanding,size_class,4,continental,78,41,FALSE,27041.963589743595,0.788954974203662,7835.950769230769,0.13260349674464456,8829.98461538462,0.34352394273613146,10376.028205128203,0.3128275347228861,-0.07435897435897443,0.3333333333333333,0.6410256410256411,0.8411120324414363,1.3424759280320324
nowcast,expanding,size_class,4,large,173,92,FALSE,4879.84265895954,0.7416025155759373,2392.4784971098265,0.13108693933306148,1206.2670520231218,0.36153842554968424,1281.0971098265895,0.24897715069319157,0.09710982658959552,0.31213872832369943,0.5780346820809249,1.4033379858566102,4.896625050419386
nowcast,expanding,size_class,4,medium,425,229,FALSE,2306.0840941176475,0.6794651417996231,789.3904470588236,0.12130104077973819,757.9237647058823,0.26818489744243973,758.7698823529413,0.2899792035774452,-0.04447058823529424,0.32941176470588235,0.6258823529411764,0.8693827043673784,1.5790311658901395
nowcast,expanding,size_class,4,small,146,78,FALSE,772.8290410958904,0.9690096712228029,242.85780821917808,0.16322308426220372,270.5986301369862,0.6277667011802658,259.37260273972606,0.17801988578033337,0.21575342465753425,0.3082191780821918,0.5821917808219178,1.5724105006707465,4.160704105547196
nowcast,expanding,size_class,4,very_small,580,312,FALSE,249.65258620689661,1.0545021750758938,111.94810344827587,0.17297971629887757,74.21586206896552,0.6325762935937623,63.48862068965512,0.24894616518325405,0.20810344827586166,0.2637931034482759,0.5982758620689655,1.3880819451538753,3.7398581175115906
nowcast,expanding,size_class,5,continental,78,41,FALSE,13215.518461538462,0.812013681821806,3565.646666666666,0.14973076795444376,3489.4820512820534,0.3465819005291225,6160.389743589743,0.31570101333823963,-0.09871794871794876,0.3076923076923077,0.6025641025641025,0.8655567913140545,1.328412157280302
nowcast,expanding,size_class,5,large,173,92,FALSE,3238.3579190751448,0.7474717669521752,1206.4561849710985,0.1393029321262926,812.7826589595376,0.3813222221585923,1219.1190751445083,0.2268466126672902,0.062427745664739756,0.2947976878612717,0.6127167630057804,1.2005404637085888,3.351693409852435
nowcast,expanding,size_class,5,medium,425,229,FALSE,2157.5675764705884,0.7709553031002474,586.3704,0.14347807904834808,654.2127058823528,0.31600442707957865,916.9844705882355,0.3114727969723205,1.7241110500061256e-17,0.2964705882352941,0.6164705882352941,0.9998549165879193,1.791642028749852
nowcast,expanding,size_class,5,small,146,78,FALSE,972.1401369863014,0.9740297832480652,228.2264383561644,0.1620358544052322,400.8260273972602,0.629782801667028,343.0876712328768,0.18221112717580484,0.24178082191780828,0.273972602739726,0.541095890410959,2.087107871570884,6.652202904203109
nowcast,expanding,size_class,5,very_small,578,313,FALSE,222.72006920415228,1.0568670921119783,103.52076124567475,0.15944957870106172,69.360553633218,0.6443156612908376,49.838754325259515,0.253101852120079,0.24256055363321782,0.2664359861591695,0.5640138408304498,1.2177502774417173,2.273560038055308
nowcast,expanding,size_class,6,continental,78,41,FALSE,19134.673076923078,0.8360217654354125,4227.014102564102,0.1680694603074911,3442.371794871794,0.36350010950935696,11465.28717948718,0.3044521956185645,-0.07179487179487185,0.32051282051282054,0.7051282051282052,1.0747539382087736,2.101455612728021
nowcast,expanding,size_class,6,large,173,92,FALSE,3587.006936416185,0.7800693118977521,1120.906358381503,0.16463377189442177,935.0531791907515,0.378250822455536,1531.04739884393,0.23718471754779422,0.0867052023121387,0.36416184971098264,0.6589595375722543,1.2276744066913479,2.8394490727105173
nowcast,expanding,size_class,6,medium,429,233,FALSE,3390.3799533799543,0.8372696465863309,1201.0550116550114,0.1773702381849671,683.0223776223775,0.3077822388689502,1506.302564102564,0.35211716953241373,-0.009557109557109658,0.34498834498834496,0.5990675990675991,1.1112883526987196,2.029768015060505
nowcast,expanding,size_class,6,small,147,78,FALSE,1442.4434013605444,0.9936048315175596,401.918231292517,0.2110727725901771,556.3183673469385,0.5778079536311257,484.2068027210882,0.2047241052962569,0.22176870748299327,0.3333333333333333,0.6462585034013606,1.82850934544684,4.625906607677614
nowcast,expanding,size_class,6,very_small,586,320,FALSE,304.3762798634813,1.1809799708952657,140.97457337883958,0.20405532910497873,94.67747440273037,0.6917749354110967,68.72423208191121,0.2851497063791903,0.2551194539249147,0.2764505119453925,0.5836177474402731,1.4536996542087721,3.176705484317976
